LSOA,Postcode,Total Children,PA Percentage
E01017207,SO16 4DU,70,20
E01017205,SO18 5AD,63,23.81
E01017184,SO16 8NT,63,17.46
E01032755,SO14 1HZ,62,35.48
E01032755,SO14 1JA,57,19.3
E01017201,SO18 2FR,57,17.54
E01017245,SO16 9FY,51,33.33
E01032755,SO14 1JB,51,17.65
E01017250,SO15 5PE,48,14.58
E01017245,SO16 9FZ,46,30.43
E01017244,SO16 9GL,46,26.09
E01017155,SO14 0LP,46,32.61
E01017280,SO19 9JP,45,28.89
E01017266,SO16 3LP,44,20.45
E01017250,SO15 5PD,44,34.09
E01017281,SO19 9JW,43,23.26
E01017168,SO19 6AS,43,41.86
E01017138,SO15 2PF,42,9.52
E01017208,SO16 4QA,41,34.15
E01032750,SO14 0LS,41,21.95
E01017216,SO15 8QZ,41,34.15
E01035443,SO17 3AR,41,12.2
E01017242,SO16 9RT,40,17.5
E01032745,SO14 5BT,40,22.5
E01017210,SO16 4AS,40,25
E01017156,SO14 0ER,39,15.38
E01017225,SO19 7LR,39,15.38
E01017238,SO16 4HR,39,12.82
E01017246,SO16 6BA,38,13.16
E01017263,SO19 9JA,38,44.74
E01017174,SO18 2RD,37,13.51
E01035445,SO15 1AQ,37,35.14
E01035446,SO19 9TZ,37,35.14
E01017245,SO16 9FX,36,22.22
E01017240,SO16 9AT,35,31.43
E01017281,SO19 9JT,35,34.29
E01017281,SO19 9JU,35,28.57
E01017163,SO19 6PF,35,40
E01017156,SO14 0ES,35,22.86
E01017155,SO14 0EQ,35,22.86
E01017206,SO18 5NZ,35,25.71
E01017178,SO18 1JY,35,17.14
E01017154,SO14 0EW,34,11.76
E01017175,SO18 1NY,34,8.82
E01017174,SO18 2HE,34,14.71
E01017270,SO16 3DS,34,20.59
E01017239,SO16 9GX,34,38.24
E01035447,SO19 9EF,34,38.24
E01035445,SO15 1GU,33,12.12
E01017250,SO15 5PF,33,27.27
E01017267,SO17 3TL,33,15.15
E01017281,SO19 9JX,33,21.21
E01017169,SO19 0SG,33,15.15
E01017167,SO19 6HL,33,30.3
E01017188,SO16 5TA,33,24.24
E01017182,SO16 8HD,32,3.13
E01017277,SO19 9HX,32,12.5
E01017267,SO17 3TG,32,12.5
E01017250,SO15 5PU,32,25
E01017254,SO15 5NB,32,37.5
E01035442,SO17 3AS,32,25
E01017240,SO16 9AX,31,6.45
E01017266,SO16 3BP,31,16.13
E01017281,SO19 9NX,31,12.9
E01017181,SO16 8FY,31,22.58
E01017207,SO16 4DW,31,35.48
E01017210,SO16 4BT,31,54.84
E01017210,SO16 4QG,31,16.13
E01017207,SO16 4LZ,31,19.35
E01017155,SO14 0DS,31,22.58
E01017156,SO14 0DP,30,26.67
E01017167,SO19 6HG,30,23.33
E01017187,SO16 8FR,30,23.33
E01017266,SO16 3BT,30,20
E01017240,SO16 9AU,30,26.67
E01017240,SO16 9AW,30,26.67
E01017242,SO16 9WF,29,10.34
E01017246,SO16 4BY,29,17.24
E01017266,SO16 3BQ,29,31.03
E01017276,SO19 2JD,29,0
E01017207,SO16 4PX,29,17.24
E01017203,SO18 4ST,29,27.59
E01017167,SO19 6HH,29,24.14
E01017166,SO19 6AG,29,34.48
E01017138,SO15 2PX,29,6.9
E01017139,SO14 3DD,28,25
E01017156,SO14 0BQ,28,14.29
E01017167,SO19 6LS,28,42.86
E01017171,SO18 1GS,28,28.57
E01017205,SO18 5FT,28,14.29
E01017210,SO16 4AZ,28,17.86
E01017186,SO16 5FY,28,39.29
E01017275,SO19 9GT,28,35.71
E01022717,SO18 3NA,28,25
E01017257,SO19 8NF,28,28.57
E01017258,SO19 8JZ,28,10.71
E01017238,SO16 9GH,28,21.43
E01035443,SO17 3SW,28,10.71
E01035445,SO15 1GT,28,21.43
E01035445,SO15 1GG,27,22.22
E01035443,SO17 3AP,27,14.81
E01017220,SO19 2FJ,27,14.81
E01017242,SO16 9RU,27,22.22
E01017241,SO16 9PW,27,18.52
E01017277,SO19 9AU,27,0
E01017270,SO16 3EN,27,33.33
E01017272,SO16 3LG,27,11.11
E01017206,SO18 5DA,27,7.41
E01017168,SO19 6NX,27,25.93
E01017166,SO19 8NE,27,18.52
E01017156,SO14 0AW,27,33.33
E01017155,SO14 0EF,27,7.41
E01017156,SO14 0DN,27,14.81
E01017153,SO14 0BP,27,29.63
E01017149,SO16 3BW,27,18.52
E01017149,SO16 3GP,27,11.11
E01017144,SO16 3GN,26,30.77
E01017156,SO14 0EJ,26,42.31
E01017167,SO19 6LJ,26,42.31
E01017171,SO18 1GT,26,19.23
E01017176,SO18 2PE,26,30.77
E01017207,SO16 4DX,26,30.77
E01017210,SO16 4AR,26,26.92
E01017210,SO16 4BB,26,34.62
E01017208,SO16 4NB,26,30.77
E01017185,SO16 5NY,26,23.08
E01017191,SO15 5EA,26,11.54
E01017219,SO19 7GD,26,23.08
E01035447,SO19 9FQ,26,15.38
E01035442,SO17 3AQ,25,20
E01032753,SO17 1PS,25,4
E01017238,SO16 4PZ,25,16
E01017228,SO17 2EZ,25,20
E01017233,SO17 2LS,25,12
E01017244,SO16 9LF,25,16
E01017245,SO16 9PR,25,24
E01017265,SO18 2HT,25,32
E01017274,SO19 9JF,25,28
E01032738,SO15 2YE,25,48
E01017186,SO16 8GW,25,36
E01017183,SO16 8EJ,25,20
E01017203,SO18 4RR,25,24
E01017202,SO18 2EQ,25,48
E01017170,SO19 0QB,25,32
E01017168,SO19 6NS,25,8
E01017156,SO14 0DL,25,20
E01017156,SO14 0AT,25,48
E01017153,SO14 0AZ,25,16
E01017139,SO14 1JH,25,16
E01017153,SO14 0BN,24,16.67
E01017153,SO14 0DB,24,33.33
E01017155,SO14 0EP,24,37.5
E01017199,SO18 5FL,24,12.5
E01017208,SO16 4BE,24,25
E01017208,SO16 4QB,24,8.33
E01017182,SO16 8HE,24,16.67
E01017187,SO16 8HA,24,8.33
E01017266,SO16 3BL,24,12.5
E01017244,SO16 9FR,24,16.67
E01017241,SO16 9LA,24,8.33
E01017251,SO16 5DE,24,16.67
E01017253,SO16 6BX,24,12.5
E01017254,SO15 5LN,24,62.5
E01017238,SO16 9FF,24,20.83
E01017238,SO16 4HS,24,25
E01017237,SO16 9GW,24,12.5
E01017220,SO19 2NY,24,12.5
E01032751,SO14 3LL,24,33.33
E01017220,SO19 2NX,23,8.7
E01017223,SO18 1BE,23,21.74
E01017223,SO19 4BT,23,0
E01017238,SO16 4HN,23,13.04
E01017251,SO16 6AF,23,8.7
E01017243,SO16 5DY,23,8.7
E01017248,SO15 7QU,23,4.35
E01017277,SO19 9QP,23,30.43
E01017281,SO19 9NZ,23,26.09
E01032751,SO14 3DH,23,21.74
E01017192,SO15 5FP,23,17.39
E01017155,SO14 0LN,23,21.74
E01017153,SO14 0DH,23,26.09
E01017153,SO14 0BT,23,17.39
E01017139,SO14 1LH,23,13.04
E01017168,SO19 6PB,23,13.04
E01017169,SO19 0HU,23,30.43
E01017175,SO18 1PA,23,8.7
E01017167,SO19 6HJ,23,17.39
E01017175,SO18 1PH,22,0
E01017173,SO18 4FL,22,22.73
E01017149,SO16 3DA,22,18.18
E01017155,SO14 0NB,22,27.27
E01017191,SO15 5EF,22,4.55
E01017194,SO15 5RZ,22,27.27
E01017183,SO16 8EQ,22,13.64
E01017180,SO16 8ED,22,4.55
E01017213,SO15 3NS,22,18.18
E01017198,SO18 5HG,22,9.09
E01017198,SO18 5HJ,22,9.09
E01017199,SO18 5SU,22,31.82
E01017205,SO18 5AE,22,18.18
E01032738,SO15 2YA,22,27.27
E01032745,SO14 5BS,22,13.64
E01017245,SO16 9PS,22,18.18
E01017242,SO16 9TB,22,31.82
E01017251,SO16 6AJ,22,31.82
E01032755,SO14 1PW,22,9.09
E01035444,SO14 3BG,22,13.64
E01035446,SO19 9XR,22,40.91
E01035444,SO14 3BB,21,28.57
E01017254,SO15 5JZ,21,38.1
E01017253,SO16 6DB,21,9.52
E01017254,SO16 6UB,21,33.33
E01017239,SO15 0NB,21,23.81
E01017236,SO16 9BA,21,33.33
E01017223,SO19 4BS,21,14.29
E01017221,SO19 2EL,21,19.05
E01017222,SO19 2FZ,21,4.76
E01032745,SO14 3GN,21,19.05
E01017275,SO19 2JA,21,0
E01017272,SO16 3JH,21,19.05
E01017270,SO16 3EQ,21,19.05
E01017204,SO18 5SE,21,9.52
E01017207,SO16 4PT,21,19.05
E01017207,SO16 4HA,21,47.62
E01017207,SO16 4EJ,21,28.57
E01017210,SO16 4AT,21,33.33
E01017182,SO16 8BH,21,9.52
E01017179,SO18 2DG,21,4.76
E01017194,SO15 3EY,21,4.76
E01017189,SO15 5DD,21,9.52
E01017193,SO15 3FR,21,33.33
E01017155,SO14 0NH,21,38.1
E01017149,SO16 3GU,21,14.29
E01017173,SO18 4FH,21,23.81
E01017175,SO18 1NH,21,4.76
E01017173,SO18 4JU,20,15
E01017169,SO19 0HT,20,15
E01017168,SO19 6HQ,20,25
E01017170,SO19 0JQ,20,35
E01017170,SO19 0SW,20,5
E01017171,SO18 1GJ,20,20
E01017139,SO14 1LD,20,20
E01017139,SO14 1LG,20,30
E01017144,SO16 3LQ,20,35
E01017193,SO15 3DR,20,25
E01017192,SO15 3EJ,20,30
E01017183,SO16 8DE,20,15
E01017183,SO16 8EL,20,0
E01017186,SO16 5SD,20,10
E01017188,SO16 5HF,20,30
E01017212,SO15 4GX,20,25
E01017212,SO15 4LD,20,5
E01017215,SO15 4LT,20,15
E01017199,SO18 5GX,20,10
E01017199,SO18 5HD,20,35
E01017274,SO19 9JE,20,25
E01017277,SO19 9QS,20,30
E01032745,SO14 3GU,20,15
E01032751,SO14 3AZ,20,20
E01032750,SO14 0LQ,20,30
E01017222,SO19 2HX,20,5
E01017225,SO19 7LH,20,20
E01017219,SO19 2HN,20,25
E01017219,SO19 7GQ,20,0
E01017238,SO16 9ET,20,20
E01017241,SO16 9LE,20,20
E01017248,SO15 7QR,20,0
E01017248,SO15 7QS,20,0
E01017251,SO16 6BR,20,35
E01017253,SO16 6BZ,19,31.58
E01017253,SO16 4BW,19,10.53
E01017252,SO16 6TY,19,26.32
E01017245,SO16 9GF,19,21.05
E01017245,SO16 9FU,19,26.32
E01017246,SO16 6DE,19,15.79
E01017240,SO16 9RX,19,15.79
E01017239,SO16 9AG,19,5.26
E01017244,SO16 9NT,19,0
E01017237,SO16 9DA,19,15.79
E01017220,SO19 2FL,19,26.32
E01017225,SO19 7LS,19,21.05
E01017221,SO19 2ET,19,0
E01017221,SO19 2HJ,19,21.05
E01032745,SO14 3TH,19,10.53
E01017275,SO19 9GU,19,21.05
E01017274,SO19 9JH,19,10.53
E01017281,SO19 9JQ,19,21.05
E01017272,SO16 3JJ,19,36.84
E01017272,SO16 3JL,19,36.84
E01017267,SO17 3TJ,19,21.05
E01017215,SO15 8PJ,19,26.32
E01017214,SO15 4JS,19,10.53
E01017210,SO16 4BA,19,36.84
E01017210,SO16 4AW,19,15.79
E01017208,SO16 4NR,19,10.53
E01017185,SO16 5NZ,19,57.89
E01017182,SO16 8BG,19,31.58
E01017184,SO16 8BW,19,5.26
E01017183,SO16 8EN,19,5.26
E01017178,SO18 1JZ,19,21.05
E01017192,SO15 3GL,19,15.79
E01017191,SO15 5EG,19,15.79
E01017195,SO15 1HQ,19,5.26
E01017195,SO15 3BR,19,21.05
E01017139,SO14 3DE,19,26.32
E01017139,SO14 1LU,19,15.79
E01017145,SO16 3PH,19,10.53
E01017155,SO14 0EL,19,26.32
E01017154,SO14 5RZ,19,21.05
E01017154,SO14 5SA,19,5.26
E01017156,SO14 0NT,19,26.32
E01017175,SO18 1PJ,19,0
E01017176,SO18 2PB,19,10.53
E01017176,SO18 1QT,19,10.53
E01017165,SO19 6HF,19,26.32
E01017165,SO19 6FT,19,5.26
E01035447,SO19 9FP,19,26.32
E01032751,SO14 3QZ,18,22.22
E01017163,SO19 6JL,18,16.67
E01017163,SO19 6BU,18,44.44
E01017162,SO19 6EY,18,38.89
E01017173,SO18 1QP,18,0
E01017171,SO18 1HJ,18,0
E01017168,SO19 6NR,18,33.33
E01017169,SO19 0HS,18,16.67
E01017169,SO19 0JB,18,55.56
E01017170,SO19 0JG,18,11.11
E01017155,SO14 0NG,18,27.78
E01017153,SO14 0BX,18,38.89
E01017154,SO14 0PR,18,16.67
E01017153,SO14 0BG,18,22.22
E01017147,SO16 7DN,18,11.11
E01017139,SO14 1NL,18,11.11
E01017139,SO14 0AY,18,27.78
E01017139,SO14 3BE,18,27.78
E01017195,SO15 1JT,18,27.78
E01017194,SO15 5DE,18,11.11
E01017177,SO18 1JA,18,11.11
E01017177,SO18 1NT,18,11.11
E01017182,SO16 8PA,18,16.67
E01017180,SO16 8HS,18,0
E01017184,SO16 8BD,18,38.89
E01017184,SO16 8BN,18,27.78
E01017188,SO16 5TB,18,33.33
E01017188,SO16 5TD,18,22.22
E01017186,SO16 8GX,18,11.11
E01017187,SO16 8GY,18,33.33
E01017187,SO16 8FP,18,27.78
E01017212,SO16 4LN,18,16.67
E01017213,SO15 8LN,18,22.22
E01017202,SO18 2EF,18,27.78
E01017202,SO18 2EH,18,33.33
E01017203,SO18 4RG,18,16.67
E01017205,SO18 5FS,18,22.22
E01017267,SO18 2JL,18,16.67
E01017265,SO18 2LR,18,33.33
E01017272,SO16 3JT,18,0
E01017264,SO18 2LB,18,22.22
E01017281,SO19 9NY,18,22.22
E01017281,SO19 9PA,18,33.33
E01017281,SO19 9PB,18,38.89
E01017281,SO19 9PD,18,38.89
E01017274,SO19 9JJ,18,16.67
E01017274,SO19 9PZ,18,5.56
E01017275,SO19 9GS,18,44.44
E01017280,SO19 9UP,18,11.11
E01017221,SO19 2FB,18,0
E01017222,SO19 2HT,18,5.56
E01017225,SO19 7JG,18,16.67
E01017236,SO16 9LW,18,50
E01017236,SO16 9AR,18,5.56
E01017236,SO16 9GY,18,0
E01017239,SO15 0LX,18,44.44
E01017233,SO17 2JU,18,22.22
E01017232,SO17 1QJ,18,5.56
E01017242,SO16 9WD,18,27.78
E01017246,SO16 6GD,18,22.22
E01017247,SO15 5GL,18,0
E01017254,SO16 6PN,18,27.78
E01017255,SO19 8AP,18,0
E01017258,SO19 8LP,18,5.56
E01017259,SO19 1BX,17,5.88
E01017255,SO19 2NT,17,35.29
E01017255,SO19 2PR,17,0
E01017253,SO16 6BF,17,47.06
E01017251,SO16 6AN,17,23.53
E01017249,SO15 5AG,17,23.53
E01017245,SO16 9GA,17,29.41
E01017243,SO16 5DZ,17,23.53
E01017245,SO16 9BF,17,17.65
E01017237,SO16 9AL,17,41.18
E01017224,SO19 7BS,17,11.76
E01017217,SO19 7AS,17,5.88
E01017218,SO19 7LJ,17,52.94
E01017280,SO19 9JR,17,11.76
E01017277,SO19 9QT,17,23.53
E01017274,SO19 9RX,17,58.82
E01017264,SO18 2HX,17,41.18
E01017262,SO19 1EG,17,29.41
E01017259,SO19 8GD,17,23.53
E01017272,SO16 3LR,17,17.65
E01017272,SO16 3LA,17,5.88
E01017273,SO19 9BE,17,17.65
E01032750,SO14 0AN,17,29.41
E01017203,SO18 4FB,17,11.76
E01017198,SO18 5HT,17,17.65
E01017187,SO16 8FQ,17,23.53
E01017188,SO16 5EF,17,11.76
E01017185,SO16 5PL,17,11.76
E01017185,SO16 5PN,17,11.76
E01017186,SO16 5GA,17,29.41
E01017178,SO18 1JQ,17,17.65
E01017178,SO18 1LN,17,0
E01017179,SO18 2HD,17,5.88
E01017194,SO15 5DF,17,0
E01017194,SO15 5DH,17,5.88
E01017197,SO15 5ES,17,11.76
E01017192,SO15 3GG,17,23.53
E01017192,SO15 5FQ,17,5.88
E01017194,SO15 1HH,17,41.18
E01017139,SO14 3DB,17,11.76
E01017139,SO14 1LJ,17,17.65
E01017155,SO14 0LZ,17,41.18
E01017168,SO19 6NY,17,41.18
E01017170,SO19 0SD,17,0
E01017172,SO18 1AJ,17,35.29
E01017173,SO18 4HA,17,0
E01017173,SO18 4JR,17,5.88
E01017165,SO19 6BB,17,11.76
E01032751,SO14 3TF,17,17.65
E01035447,SO19 9FS,16,12.5
E01017164,SO18 5FE,16,12.5
E01017164,SO19 5LQ,16,37.5
E01017167,SO19 6JY,16,18.75
E01017160,SO14 6SG,16,6.25
E01017176,SO18 2AS,16,12.5
E01017176,SO18 2PA,16,25
E01017175,SO18 1PL,16,0
E01017168,SO19 6PA,16,18.75
E01017169,SO19 1DD,16,12.5
E01017169,SO19 0HZ,16,31.25
E01017169,SO19 1BU,16,12.5
E01017156,SO14 0AU,16,18.75
E01017154,SO14 5RU,16,31.25
E01017152,SO16 6TW,16,6.25
E01017154,SO14 0NR,16,37.5
E01017149,SO16 3HQ,16,12.5
E01017149,SO16 3GQ,16,12.5
E01017197,SO15 5EP,16,0
E01017178,SO18 1JJ,16,18.75
E01017181,SO16 8DA,16,12.5
E01017181,SO16 8GB,16,43.75
E01017185,SO16 5PP,16,37.5
E01017185,SO16 5PH,16,25
E01017185,SO16 8EF,16,37.5
E01017188,SO16 5HE,16,18.75
E01017203,SO18 4FE,16,18.75
E01017203,SO18 4FG,16,6.25
E01017203,SO18 4RX,16,25
E01017205,SO18 5GE,16,25
E01017213,SO15 8QP,16,18.75
E01017214,SO15 4PB,16,6.25
E01017209,SO16 4DL,16,6.25
E01017208,SO16 4ND,16,37.5
E01017210,SO16 4AQ,16,37.5
E01017210,SO16 4QF,16,0
E01032751,SO14 3DF,16,37.5
E01017265,SO18 2LJ,16,18.75
E01017260,SO19 8LN,16,18.75
E01017261,SO19 2AB,16,25
E01017261,SO19 8FS,16,6.25
E01017263,SO19 9LL,16,25
E01017264,SO18 2LP,16,25
E01017275,SO19 9EU,16,18.75
E01017218,SO19 7LP,16,25
E01017218,SO19 7QS,16,6.25
E01017217,SO19 7DG,16,0
E01017217,SO19 7RP,16,6.25
E01017220,SO19 2HU,16,6.25
E01017220,SO19 2PD,16,12.5
E01017219,SO19 7GL,16,31.25
E01017221,SO19 2FF,16,0
E01017237,SO16 9DB,16,18.75
E01017234,SO17 2LH,16,6.25
E01017243,SO16 5DH,16,6.25
E01017241,SO16 9LD,16,43.75
E01017242,SO16 9FL,16,25
E01017245,SO16 9LT,16,18.75
E01017246,SO15 5RB,16,6.25
E01017247,SO15 5FZ,16,6.25
E01017250,SO15 5PJ,16,31.25
E01017253,SO16 5FJ,16,25
E01017253,SO16 6AE,16,25
E01017256,SO19 8BA,16,18.75
E01017254,SO15 5NA,15,26.67
E01017252,SO15 5LB,15,20
E01017251,SO16 6AA,15,0
E01017246,SO16 6UL,15,6.67
E01017239,SO16 9AB,15,13.33
E01017243,SO16 5NG,15,20
E01017236,SO16 9JF,15,13.33
E01017237,SO16 9HF,15,13.33
E01017238,SO16 9DN,15,20
E01017221,SO19 2EN,15,6.67
E01017224,SO19 7BJ,15,6.67
E01017219,SO19 2HF,15,6.67
E01017220,SO19 8RX,15,0
E01017217,SO19 7JN,15,13.33
E01017216,SO15 8QT,15,0
E01017274,SO19 9QR,15,6.67
E01017277,SO19 9AW,15,20
E01017280,SO19 9LA,15,40
E01017262,SO19 1EN,15,26.67
E01017262,SO19 0TR,15,40
E01017261,SO19 8SJ,15,26.67
E01017265,SO18 2QU,15,0
E01017267,SO17 3TH,15,0
E01017270,SO16 3DT,15,13.33
E01017272,SO16 3LD,15,20
E01017272,SO16 3JW,15,40
E01032745,SO14 5GP,15,33.33
E01017209,SO16 4GD,15,0
E01017210,SO16 4AJ,15,26.67
E01017207,SO16 4LY,15,33.33
E01017208,SO16 4QU,15,13.33
E01017214,SO15 4PD,15,0
E01017212,SO16 4HB,15,13.33
E01017202,SO18 6BW,15,53.33
E01017186,SO16 5SA,15,20
E01017183,SO16 8ES,15,6.67
E01017179,SO18 2JA,15,13.33
E01017177,SO18 1LU,15,0
E01017178,SO18 1LY,15,20
E01017178,SO18 1NJ,15,0
E01017197,SO15 5AT,15,0
E01017196,SO15 2PB,15,6.67
E01017194,SO15 5DG,15,13.33
E01017192,SO15 3HP,15,13.33
E01017144,SO16 3GF,15,6.67
E01017154,SO14 0PW,15,6.67
E01017153,SO14 0BW,15,13.33
E01017154,SO14 5SL,15,26.67
E01017155,SO14 0DY,15,60
E01017169,SO19 0HH,15,33.33
E01017168,SO19 6NZ,15,20
E01017175,SO18 1PB,15,13.33
E01017176,SO18 2AQ,15,0
E01017167,SO19 6LQ,15,33.33
E01017166,SO19 6DR,15,20
E01017166,SO19 6EF,15,33.33
E01035445,SO15 1AR,15,13.33
E01032755,SO14 1PU,15,20
E01032753,SO17 1SD,15,0
E01035442,SO16 3AX,14,21.43
E01035443,SO17 3SX,14,21.43
E01035447,SO19 9FN,14,14.29
E01017166,SO19 6EA,14,21.43
E01017165,SO19 6BL,14,28.57
E01017165,SO19 6FX,14,21.43
E01017162,SO19 6EJ,14,50
E01017175,SO18 1QU,14,7.14
E01017175,SO18 1NX,14,0
E01017174,SO18 2EB,14,0
E01017172,SO18 1QA,14,0
E01017170,SO19 0JA,14,35.71
E01017154,SO14 5SN,14,64.29
E01017154,SO14 5SQ,14,7.14
E01017157,SO17 2AU,14,42.86
E01017153,SO14 0AQ,14,50
E01017153,SO14 0AR,14,21.43
E01017152,SO16 6RL,14,28.57
E01017152,SO16 6RQ,14,21.43
E01017147,SO16 7DL,14,35.71
E01017191,SO15 5DY,14,50
E01017195,SO15 1JL,14,7.14
E01017197,SO15 5FN,14,14.29
E01017177,SO18 1LX,14,0
E01017178,SO18 1JS,14,14.29
E01017183,SO16 8DF,14,7.14
E01017187,SO16 6HW,14,14.29
E01017187,SO16 8EW,14,0
E01017188,SO16 5FB,14,21.43
E01017184,SO16 8BA,14,21.43
E01017185,SO16 5JQ,14,0
E01017203,SO18 4RS,14,42.86
E01017203,SO18 4SZ,14,35.71
E01017204,SO18 5RJ,14,7.14
E01017206,SO18 5BZ,14,14.29
E01017202,SO18 2EJ,14,28.57
E01017202,SO18 4SD,14,35.71
E01017201,SO18 2FQ,14,28.57
E01017200,SO18 6AP,14,21.43
E01017212,SO15 4LW,14,0
E01017214,SO15 0HX,14,28.57
E01017214,SO15 4JF,14,7.14
E01017215,SO15 4JA,14,21.43
E01017208,SO16 4NT,14,35.71
E01017207,SO16 4PU,14,21.43
E01032745,SO14 5BP,14,21.43
E01017273,SO19 2AN,14,0
E01017273,SO19 9FJ,14,0
E01017272,SO16 3JF,14,14.29
E01017266,SO16 3LL,14,14.29
E01017265,SO18 2LG,14,35.71
E01017265,SO18 2LH,14,28.57
E01017261,SO19 8LX,14,14.29
E01017259,SO19 8GB,14,0
E01017280,SO19 9NT,14,42.86
E01017280,SO19 9NJ,14,28.57
E01017276,SO19 9TH,14,21.43
E01017279,SO19 9HD,14,7.14
E01017274,SO19 9HE,14,7.14
E01017281,SO19 9NW,14,0
E01017216,SO15 8LL,14,14.29
E01017217,SO19 7AP,14,14.29
E01017216,SO15 8RH,14,7.14
E01017217,SO19 7LQ,14,7.14
E01017218,SO19 2EF,14,21.43
E01017221,SO19 2DT,14,0
E01017221,SO19 2DU,14,7.14
E01017221,SO19 2DX,14,7.14
E01017219,SO19 7DB,14,57.14
E01017219,SO19 7GG,14,42.86
E01017224,SO19 7BE,14,14.29
E01017225,SO19 7LG,14,14.29
E01017221,SO19 2ES,14,21.43
E01017221,SO19 2EY,14,0
E01017222,SO19 2FN,14,0
E01017223,SO19 4DX,14,21.43
E01017237,SO16 9DF,14,21.43
E01017236,SO16 9JN,14,28.57
E01017235,SO17 2GD,14,21.43
E01017231,SO17 3AE,14,21.43
E01017242,SO16 9WE,14,7.14
E01017244,SO16 9PJ,14,21.43
E01017244,SO16 9NP,14,7.14
E01017238,SO16 9FD,14,7.14
E01017242,SO16 9NH,14,21.43
E01017247,SO15 3HX,14,7.14
E01017248,SO15 5JP,14,7.14
E01017248,SO15 7QA,14,0
E01017250,SO15 5NF,14,7.14
E01017252,SO15 7RX,14,0
E01017253,SO16 6AG,14,28.57
E01017253,SO16 6BL,14,35.71
E01017256,SO19 8NB,14,7.14
E01017256,SO19 8NU,14,0
E01017257,SO19 1DG,14,21.43
E01017257,SO19 8ND,14,14.29
E01017254,SO16 6HJ,14,0
E01017254,SO16 6HL,14,0
E01017256,SO19 7NL,14,7.14
E01017256,SO19 7PT,13,23.08
E01017255,SO19 2PP,13,7.69
E01017255,SO19 2QF,13,7.69
E01017253,SO16 6BU,13,38.46
E01017254,SO15 5JW,13,15.38
E01017251,SO16 6HR,13,7.69
E01017251,SO16 6HS,13,0
E01017248,SO15 7QW,13,0
E01017246,SO15 5QW,13,15.38
E01017245,SO16 9EH,13,23.08
E01017241,SO16 9PX,13,7.69
E01017241,SO16 9QL,13,15.38
E01017243,SO16 5DQ,13,0
E01017237,SO16 9GU,13,38.46
E01017238,SO16 9DW,13,30.77
E01017223,SO19 4DE,13,7.69
E01017222,SO19 7DD,13,0
E01017223,SO19 4DB,13,15.38
E01017222,SO19 2EQ,13,15.38
E01017219,SO19 7GU,13,0
E01017221,SO19 2DZ,13,7.69
E01017221,SO19 2EB,13,7.69
E01017218,SO19 7QQ,13,15.38
E01017218,SO19 7JT,13,7.69
E01017281,SO19 9NU,13,7.69
E01017274,SO19 9QA,13,53.85
E01017274,SO19 9NB,13,30.77
E01017274,SO19 9ND,13,23.08
E01017274,SO19 9TB,13,30.77
E01017276,SO19 9AZ,13,7.69
E01017276,SO19 9BZ,13,30.77
E01017279,SO19 9PE,13,15.38
E01017279,SO19 9GD,13,0
E01017280,SO19 9NS,13,15.38
E01017259,SO19 8LH,13,23.08
E01017260,SO19 1EF,13,15.38
E01017263,SO19 9LG,13,23.08
E01017271,SO18 2HQ,13,0
E01017270,SO16 3EP,13,0
E01017272,SO16 3LF,13,23.08
E01032738,SO15 2TZ,13,0
E01032746,SO14 3HL,13,7.69
E01023170,SO16 0BH,13,15.38
E01023170,SO16 0BJ,13,7.69
E01023171,SO16 8NJ,13,15.38
E01017209,SO16 4GP,13,0
E01017211,SO15 8NY,13,23.08
E01017215,SO15 4JU,13,0
E01017214,SO15 4PH,13,0
E01017215,SO15 4HR,13,0
E01017212,SO15 4LB,13,7.69
E01017212,SO16 4LG,13,46.15
E01017202,SO18 2BF,13,23.08
E01017205,SO18 5GA,13,23.08
E01017204,SO18 5PX,13,30.77
E01017202,SO18 4SX,13,15.38
E01017202,SO18 4TD,13,7.69
E01017184,SO16 8BY,13,15.38
E01017183,SO16 8DD,13,15.38
E01017186,SO16 5GF,13,38.46
E01017188,SO16 5JX,13,7.69
E01017186,SO16 8GZ,13,38.46
E01017182,SO16 8BJ,13,23.08
E01017177,SO18 1NQ,13,0
E01017177,SO18 1JB,13,7.69
E01017177,SO18 1HZ,13,7.69
E01017195,SO15 1AS,13,0
E01017194,SO15 1JB,13,7.69
E01017191,SO15 5DW,13,15.38
E01017189,SO15 5DS,13,7.69
E01017192,SO15 5FR,13,0
E01017192,SO15 3LA,13,7.69
E01017192,SO15 3ES,13,15.38
E01017149,SO16 3HB,13,0
E01017149,SO16 3HD,13,38.46
E01017147,SO16 7DH,13,38.46
E01017139,SO14 1NW,13,7.69
E01017151,SO16 6LQ,13,23.08
E01017154,SO14 5SY,13,0
E01017170,SO19 0JN,13,38.46
E01017168,SO19 6NT,13,23.08
E01017172,SO18 1AB,13,0
E01017172,SO18 1AH,13,23.08
E01017172,SO18 1BD,13,23.08
E01017173,SO18 4GW,13,0
E01017175,SO18 1NA,13,15.38
E01017176,SO18 1QS,13,30.77
E01017176,SO18 2PQ,13,15.38
E01017162,SO19 6EG,13,15.38
E01017163,SO19 6DB,13,0
E01017158,SO17 1XJ,13,38.46
E01017159,SO14 6BD,13,7.69
E01017159,SO17 2FT,13,7.69
E01017165,SO18 5TJ,13,7.69
E01017167,SO19 6LB,13,15.38
E01035442,SO17 3SY,13,0
E01035442,SO17 3RY,13,7.69
E01035447,SO19 9EG,12,8.33
E01035447,SO19 9EH,12,25
E01032753,SO17 1ST,12,8.33
E01017167,SO19 6LP,12,58.33
E01017166,SO19 6EN,12,58.33
E01017166,SO19 6ER,12,25
E01017166,SO19 6FH,12,16.67
E01017165,SO19 6GU,12,50
E01017166,SO19 6DH,12,16.67
E01017164,SO19 5LU,12,16.67
E01017160,SO14 0JZ,12,8.33
E01017160,SO14 6QY,12,0
E01017160,SO14 6HF,12,16.67
E01017160,SO14 6FW,12,0
E01017163,SO19 6JH,12,8.33
E01017173,SO18 4EU,12,0
E01017174,SO18 2GA,12,25
E01017172,SO18 1EE,12,41.67
E01017172,SO18 1AW,12,16.67
E01017172,SO18 1AE,12,33.33
E01017172,SO18 1AP,12,16.67
E01017171,SO18 1BL,12,16.67
E01017170,SO19 0QA,12,41.67
E01017168,SO19 6RN,12,25
E01017170,SO19 0AL,12,16.67
E01017154,SO14 5RW,12,8.33
E01017155,SO14 0LT,12,0
E01017155,SO14 0EU,12,25
E01017156,SO14 0AX,12,16.67
E01017156,SO14 0DQ,12,41.67
E01017156,SO14 0DR,12,58.33
E01017158,SO15 2SJ,12,25
E01017151,SO16 6QP,12,33.33
E01017151,SO16 6QR,12,16.67
E01017151,SO16 6QW,12,0
E01017153,SO14 0BU,12,16.67
E01017153,SO14 0AP,12,25
E01017154,SO14 0PL,12,41.67
E01017139,SO14 1LB,12,16.67
E01017144,SO16 3GJ,12,8.33
E01017137,SO15 2HB,12,0
E01017137,SO15 2HW,12,16.67
E01017136,SO15 2BN,12,33.33
E01017149,SO16 3GW,12,0
E01017146,SO16 7ES,12,25
E01017192,SO15 3EQ,12,16.67
E01017192,SO15 3JZ,12,16.67
E01017193,SO15 3GB,12,8.33
E01017191,SO15 5DR,12,16.67
E01017194,SO15 1JH,12,16.67
E01017197,SO15 5AS,12,41.67
E01017196,SO15 2QZ,12,33.33
E01017179,SO18 2GT,12,8.33
E01017183,SO16 8DG,12,16.67
E01017181,SO16 8GU,12,8.33
E01017180,SO16 8FE,12,8.33
E01017186,SO16 5FX,12,33.33
E01017185,SO16 8EB,12,0
E01017202,SO18 4SH,12,16.67
E01017204,SO18 5QF,12,16.67
E01017204,SO18 5QH,12,8.33
E01017205,SO18 5GD,12,41.67
E01017206,SO18 5PR,12,16.67
E01017213,SO15 8QF,12,8.33
E01017213,SO15 3GZ,12,0
E01017215,SO15 4GQ,12,33.33
E01017214,SO15 8PH,12,25
E01017215,SO15 4AE,12,16.67
E01017211,SO15 3LY,12,16.67
E01017210,SO16 4AU,12,16.67
E01017208,SO16 4QW,12,25
E01023171,SO16 8NN,12,0
E01023171,SO16 8LZ,12,16.67
E01032750,SO14 0JD,12,16.67
E01032748,SO14 3TP,12,16.67
E01032751,SO14 3BW,12,33.33
E01032750,SO14 0LY,12,8.33
E01032746,SO14 2ED,12,16.67
E01022715,SO18 3AG,12,16.67
E01022715,SO18 3NF,12,8.33
E01017265,SO18 2RN,12,8.33
E01017266,SO16 3LJ,12,25
E01017266,SO16 3BU,12,16.67
E01017262,SO19 1DL,12,0
E01017261,SO19 9HZ,12,25
E01017261,SO19 8HH,12,0
E01017260,SO19 1BN,12,0
E01017260,SO19 1DS,12,16.67
E01017259,SO19 8GE,12,0
E01017280,SO19 9NQ,12,41.67
E01017280,SO19 9NE,12,16.67
E01017280,SO19 9JZ,12,41.67
E01017279,SO19 9GH,12,41.67
E01017279,SO19 9GN,12,25
E01017277,SO19 9HQ,12,25
E01017276,SO19 9DA,12,8.33
E01017276,SO19 9EB,12,8.33
E01017217,SO19 7JP,12,16.67
E01017216,SO15 8RJ,12,33.33
E01017216,SO15 8RN,12,16.67
E01017220,SO19 2HZ,12,0
E01017219,SO19 7GN,12,16.67
E01017219,SO19 7RF,12,8.33
E01017219,SO19 7DE,12,8.33
E01017221,SO19 2ER,12,33.33
E01017223,SO19 4DD,12,0
E01017223,SO19 4DA,12,0
E01017224,SO19 7BU,12,8.33
E01017225,SO19 7AX,12,0
E01017238,SO16 9DT,12,8.33
E01017238,SO16 9SA,12,25
E01017238,SO16 9FG,12,16.67
E01017236,SO16 9JH,12,16.67
E01017236,SO16 9JD,12,8.33
E01017236,SO16 9HH,12,33.33
E01017236,SO16 9AZ,12,58.33
E01017227,SO17 2GQ,12,0
E01017232,SO17 1RE,12,0
E01017233,SO17 2LR,12,41.67
E01017243,SO16 5EQ,12,33.33
E01017241,SO16 9PU,12,25
E01017242,SO16 9TD,12,0
E01017242,SO16 9WA,12,33.33
E01017239,SO16 9AA,12,8.33
E01017239,SO16 9AP,12,0
E01017240,SO16 9HR,12,8.33
E01017248,SO15 5HQ,12,0
E01017250,SO15 5RA,12,50
E01017250,SO15 5QD,12,0
E01017249,SO15 7QN,12,8.33
E01017253,SO16 6FN,12,0
E01017253,SO16 6AY,12,16.67
E01017252,SO15 7PY,12,16.67
E01017254,SO15 5NR,12,0
E01017256,SO19 7PS,12,0
E01017256,SO19 7NQ,12,8.33
E01017254,SO16 6UA,12,25
E01017255,SO19 8PG,12,8.33
E01017256,SO19 7LZ,11,0
E01017256,SO19 7NB,11,0
E01017254,SO16 6QJ,11,9.09
E01017257,SO19 8RP,11,0
E01017258,SO19 8ES,11,18.18
E01017259,SO19 1SF,11,18.18
E01017258,SO19 8TF,11,18.18
E01017258,SO19 8LF,11,27.27
E01017257,SO19 8AX,11,27.27
E01017257,SO19 8HA,11,0
E01017256,SO19 8BB,11,0
E01017252,SO15 7QT,11,0
E01017252,SO15 7RN,11,0
E01017253,SO16 6AH,11,36.36
E01017253,SO16 6BH,11,27.27
E01017251,SO16 6AL,11,0
E01017251,SO16 6AZ,11,9.09
E01017245,SO16 9EJ,11,36.36
E01017246,SO16 6AX,11,0
E01017246,SO16 4DP,11,27.27
E01017242,SO16 9FN,11,0
E01017241,SO16 9QP,11,18.18
E01017241,SO16 9NE,11,9.09
E01017241,SO16 9QJ,11,9.09
E01017243,SO16 5FG,11,0
E01017233,SO17 2WL,11,27.27
E01017234,SO17 2FF,11,0
E01017228,SO17 2HS,11,63.64
E01017228,SO17 2HW,11,54.55
E01017236,SO16 9BG,11,36.36
E01017236,SO16 9HT,11,18.18
E01017236,SO16 9HW,11,27.27
E01017236,SO16 9JB,11,18.18
E01017237,SO16 9DD,11,18.18
E01017235,SO17 2FW,11,0
E01017239,SO15 0LQ,11,36.36
E01017239,SO15 0LY,11,0
E01017238,SO16 4PY,11,45.45
E01017238,SO16 4HW,11,18.18
E01017225,SO19 4ED,11,9.09
E01017225,SO19 7QN,11,0
E01017223,SO19 4DY,11,9.09
E01017223,SO18 1BQ,11,0
E01017221,SO19 2HD,11,18.18
E01017219,SO19 7GE,11,9.09
E01017219,SO19 2EW,11,18.18
E01017220,SO19 2EP,11,27.27
E01017220,SO19 8TD,11,27.27
E01017218,SO19 2QJ,11,0
E01017218,SO19 7JU,11,9.09
E01017218,SO19 7JY,11,45.45
E01017275,SO19 9EW,11,0
E01017274,SO19 9HF,11,18.18
E01017277,SO19 9AX,11,18.18
E01017279,SO19 9PH,11,0
E01017280,SO19 9HW,11,27.27
E01017281,SO19 9JY,11,81.82
E01017264,SO18 2LS,11,54.55
E01017263,SO19 9LJ,11,18.18
E01017263,SO19 9LT,11,0
E01017267,SO16 2JE,11,27.27
E01017265,SO18 2LT,11,27.27
E01017273,SO19 9DN,11,36.36
E01017273,SO19 9DG,11,18.18
E01022716,SO18 3RP,11,36.36
E01022716,SO18 3RQ,11,9.09
E01032751,SO14 3DG,11,9.09
E01032751,SO14 3BD,11,9.09
E01017208,SO16 4QX,11,18.18
E01017209,SO16 4DQ,11,18.18
E01017209,SO16 4DS,11,9.09
E01017210,SO16 4AN,11,45.45
E01017209,SO16 4DJ,11,0
E01017209,SO16 4GB,11,0
E01017215,SO15 4HE,11,18.18
E01017216,SO15 3LE,11,18.18
E01017213,SO15 3JN,11,9.09
E01017213,SO15 8QG,11,0
E01017213,SO15 3HB,11,9.09
E01017206,SO18 5GT,11,27.27
E01017206,SO18 6AW,11,18.18
E01017205,SO18 5LA,11,45.45
E01017205,SO18 5GG,11,27.27
E01017205,SO18 5GB,11,18.18
E01017204,SO18 5QQ,11,18.18
E01017203,SO18 4RQ,11,27.27
E01017202,SO18 4SJ,11,18.18
E01017203,SO18 4FJ,11,9.09
E01017201,SO18 2FB,11,0
E01017202,SO18 4SE,11,36.36
E01017202,SO18 4SB,11,9.09
E01017202,SO18 2EP,11,36.36
E01017200,SO18 6BP,11,0
E01017200,SO18 5EH,11,0
E01017200,SO18 5NA,11,18.18
E01017185,SO16 8EE,11,9.09
E01017186,SO16 5FU,11,36.36
E01017186,SO16 5GH,11,18.18
E01017184,SO16 8BZ,11,27.27
E01017185,SO16 5JP,11,9.09
E01017180,SO16 8EA,11,9.09
E01017180,SO16 8FJ,11,0
E01017177,SO18 1LL,11,27.27
E01017177,SO18 1NW,11,0
E01017197,SO15 5EJ,11,0
E01017194,SO15 3AU,11,27.27
E01017189,SO15 5DL,11,18.18
E01017193,SO15 3FW,11,9.09
E01017193,SO15 3DW,11,0
E01017193,SO15 3BX,11,9.09
E01017193,SO15 3DL,11,9.09
E01017145,SO16 7LW,11,0
E01017147,SO16 7BT,11,0
E01017147,SO16 7LS,11,18.18
E01017136,SO15 2NY,11,0
E01017139,SO14 1PJ,11,36.36
E01017154,SO14 0PG,11,18.18
E01017154,SO14 0PH,11,36.36
E01017154,SO14 0PJ,11,9.09
E01017154,SO14 0PP,11,18.18
E01017153,SO14 0DG,11,18.18
E01017152,SO16 6RR,11,0
E01017153,SO14 0BB,11,18.18
E01017152,SO16 6PS,11,18.18
E01017151,SO16 6LS,11,9.09
E01017156,SO14 0NS,11,9.09
E01017156,SO14 0EY,11,18.18
E01017156,SO14 0FB,11,0
E01017157,SO14 6UQ,11,0
E01017154,SO14 5RX,11,27.27
E01017154,SO14 5AD,11,54.55
E01017170,SO19 0JP,11,9.09
E01017171,SO18 4HP,11,9.09
E01017172,SO18 1BB,11,45.45
E01017176,SO18 2AY,11,27.27
E01017175,SO18 1NG,11,9.09
E01017163,SO19 6BT,11,18.18
E01017159,SO14 6UN,11,9.09
E01017159,SO14 6RQ,11,9.09
E01017164,SO19 5LH,11,9.09
E01017165,SO19 6HE,11,18.18
E01017166,SO19 6AF,11,36.36
E01017166,SO19 6FQ,11,18.18
E01032753,SO17 1SX,11,0
E01032753,SO17 1PQ,11,0
E01035446,SO19 9UF,11,9.09
E01035446,SO19 9UB,11,0
E01035447,SO19 9EL,11,9.09
E01035444,SO14 3HP,11,9.09
E01035443,SO17 3SQ,10,60
E01035442,SO16 3AW,10,20
E01035442,SO16 3AY,10,10
E01035447,SO19 9FR,10,20
E01035448,SO14 3AL,10,10
E01032753,SO17 1RU,10,0
E01032755,SO14 1PT,10,0
E01032755,SO14 1TD,10,20
E01017166,SO19 6JW,10,70
E01017167,SO19 6LL,10,30
E01017165,SO19 6FW,10,10
E01017160,SO14 6GX,10,10
E01017163,SO19 6BJ,10,30
E01017162,SO19 6FE,10,40
E01017162,SO19 6FF,10,20
E01017162,SO19 6PL,10,10
E01017163,SO19 6DA,10,30
E01017174,SO18 2QE,10,10
E01017175,SO18 2PG,10,20
E01017176,SO18 2PR,10,30
E01017174,SO18 2GE,10,30
E01017173,SO18 4EH,10,0
E01017172,SO18 1DP,10,0
E01017171,SO18 4RA,10,0
E01017171,SO18 1EJ,10,30
E01017170,SO19 0JF,10,10
E01017170,SO19 0JH,10,70
E01017170,SO19 0EP,10,10
E01017169,SO19 1DJ,10,40
E01017168,SO19 6NW,10,10
E01017154,SO14 5RS,10,10
E01017154,SO14 5SR,10,10
E01017154,SO14 5SH,10,10
E01017155,SO14 0NA,10,10
E01017158,SO15 2SW,10,0
E01017153,SO14 0BJ,10,60
E01017139,SO14 1NT,10,10
E01017139,SO14 1JU,10,30
E01017144,SO16 3GE,10,0
E01017144,SO16 3NY,10,0
E01017149,SO16 3BA,10,40
E01017193,SO15 3FX,10,10
E01017193,SO15 3FT,10,20
E01017192,SO15 3HN,10,30
E01017192,SO15 3GX,10,20
E01017192,SO15 3GJ,10,0
E01017190,SO15 2NG,10,0
E01017191,SO15 3DJ,10,40
E01017195,SO15 1JQ,10,20
E01017195,SO15 3BE,10,0
E01017197,SO15 5FB,10,10
E01017197,SO15 5FL,10,20
E01017196,SO15 2SN,10,10
E01017196,SO15 2TU,10,0
E01017180,SO16 8FG,10,0
E01017180,SO16 8HW,10,50
E01017181,SO16 8GF,10,10
E01017186,SO16 5SB,10,30
E01017188,SO16 5ER,10,20
E01017188,SO16 5EX,10,20
E01017200,SO19 7LX,10,10
E01017201,SO18 2EW,10,20
E01017203,SO18 4RF,10,0
E01017202,SO18 4SS,10,50
E01017202,SO18 5PD,10,40
E01017204,SO18 5PE,10,10
E01017206,SO18 5GS,10,0
E01017206,SO18 5DZ,10,10
E01017206,SO18 5GP,10,30
E01017212,SO16 4HD,10,50
E01017215,SO15 4JW,10,10
E01017215,SO15 4LE,10,10
E01017213,SO15 8QD,10,10
E01017214,SO15 0SB,10,40
E01017214,SO15 4JJ,10,30
E01017209,SO16 4GN,10,20
E01017210,SO16 4QH,10,0
E01017211,SO15 3JS,10,30
E01017211,SO16 4BZ,10,0
E01017207,SO16 4EF,10,50
E01017208,SO16 4NE,10,0
E01032750,SO14 0LD,10,10
E01032745,SO14 3DQ,10,50
E01022717,SO18 3QX,10,30
E01017273,SO19 2AH,10,0
E01017272,SO16 3JY,10,0
E01017271,SO16 2NR,10,20
E01017270,SO16 3EH,10,10
E01017270,SO16 3EJ,10,40
E01017272,SO16 3DD,10,10
E01017271,SO16 2PG,10,40
E01017265,SO18 2LY,10,20
E01017265,SO18 2LE,10,40
E01017266,SO16 3BJ,10,10
E01017264,SO18 2LQ,10,10
E01017262,SO19 1DX,10,0
E01017263,SO19 0TQ,10,30
E01017261,SO19 8EZ,10,0
E01017279,SO19 9TU,10,20
E01017280,SO19 9NF,10,0
E01017280,SO19 9NG,10,0
E01017277,SO19 9QQ,10,40
E01017276,SO19 9FU,10,20
E01017273,SO19 9GF,10,20
E01017218,SO19 7LA,10,30
E01017218,SO19 7JW,10,0
E01017217,SO19 7AN,10,10
E01017217,SO19 7AA,10,0
E01017218,SO19 7SB,10,30
E01017223,SO19 4BR,10,0
E01017223,SO19 4DF,10,10
E01017224,SO19 7BX,10,10
E01017237,SO16 9HA,10,50
E01017237,SO16 9ND,10,20
E01017237,SO16 9BX,10,20
E01017234,SO17 2GF,10,30
E01017235,SO17 2GE,10,0
E01017236,SO16 9JA,10,70
E01017236,SO16 9HN,10,30
E01017228,SO17 2JP,10,30
E01017234,SO17 1SB,10,0
E01017233,SO17 2JJ,10,0
E01017232,SO17 1RH,10,10
E01017232,SO17 1QG,10,0
E01017243,SO16 5EA,10,0
E01017243,SO16 5EG,10,20
E01017243,SO16 5DL,10,10
E01017243,SO16 5FP,10,20
E01017240,SO16 9BB,10,20
E01017239,SO16 9AH,10,20
E01017246,SO16 4BQ,10,10
E01017247,SO15 3JD,10,10
E01017244,SO16 9RY,10,0
E01017246,SO15 5QR,10,0
E01017245,SO16 9LP,10,10
E01017247,SO15 5FY,10,10
E01017248,SO15 5NL,10,10
E01017248,SO15 7QG,10,0
E01017250,SO15 5PZ,10,50
E01017251,SO16 5DF,10,20
E01017250,SO15 5LG,10,30
E01017253,SO16 6BJ,10,20
E01017253,SO16 6BT,10,20
E01017253,SO16 6AP,10,20
E01017254,SO15 5JX,10,40
E01017252,SO15 7RP,10,10
E01017252,SO15 7RE,10,10
E01017251,SO16 6TH,10,30
E01017256,SO19 8QW,10,10
E01017257,SO19 8GF,10,0
E01017257,SO19 8GH,10,0
E01017257,SO19 1BZ,10,0
E01017255,SO19 2QG,10,20
E01017254,SO15 5NU,10,20
E01017254,SO15 5NN,10,0
E01017256,SO19 7NJ,10,0
E01017255,SO19 8PE,10,10
E01017255,SO19 8AH,10,0
E01017254,SO15 5NP,9,11.11
E01017254,SO16 6QF,9,22.22
E01017257,SO19 8HD,9,0
E01017256,SO19 8NW,9,0
E01017256,SO19 8AW,9,22.22
E01017258,SO19 8LQ,9,44.44
E01017252,SO16 6TX,9,0
E01017249,SO15 7PW,9,11.11
E01017250,SO15 5QA,9,11.11
E01017250,SO15 5PP,9,11.11
E01017251,SO16 6BW,9,22.22
E01017248,SO15 5RU,9,22.22
E01017248,SO15 7QL,9,0
E01017247,SO15 5FU,9,33.33
E01017247,SO15 5GF,9,0
E01017245,SO16 9LR,9,11.11
E01017245,SO16 9EG,9,66.67
E01017245,SO16 9EE,9,11.11
E01017246,SO16 6US,9,0
E01017246,SO16 6UN,9,11.11
E01017246,SO16 6SQ,9,22.22
E01017246,SO15 5RE,9,11.11
E01017240,SO16 9HQ,9,33.33
E01017240,SO15 0NS,9,0
E01017241,SO16 9QG,9,11.11
E01017242,SO16 9GJ,9,11.11
E01017244,SO16 9LN,9,44.44
E01017243,SO16 5DP,9,33.33
E01017242,SO16 9RD,9,11.11
E01017243,SO16 5AL,9,11.11
E01017244,SO16 9FT,9,55.56
E01017231,SO17 3SF,9,0
E01017232,SO17 1PA,9,11.11
E01017232,SO17 1QB,9,0
E01017231,SO17 1PL,9,11.11
E01017231,SO17 3AB,9,11.11
E01017226,SO17 1WA,9,11.11
E01017236,SO16 9LX,9,11.11
E01017235,SO17 2HL,9,11.11
E01017235,SO17 2NE,9,0
E01017234,SO17 2FH,9,22.22
E01017238,SO16 9DS,9,44.44
E01017238,SO16 9EY,9,11.11
E01017225,SO19 7LB,9,22.22
E01017225,SO19 7LD,9,11.11
E01017225,SO19 7LT,9,11.11
E01017224,SO18 1DR,9,11.11
E01017224,SO19 2BL,9,11.11
E01017220,SO19 2FG,9,22.22
E01017220,SO19 2PB,9,22.22
E01017217,SO19 7AL,9,11.11
E01017218,SO19 2NW,9,44.44
E01017218,SO19 7LL,9,33.33
E01017273,SO19 9DR,9,0
E01017274,SO19 9RT,9,33.33
E01017276,SO19 9BW,9,22.22
E01017276,SO19 9BN,9,11.11
E01017276,SO19 9BS,9,11.11
E01017280,SO19 9NL,9,22.22
E01017280,SO19 9PS,9,11.11
E01017279,SO19 9TY,9,0
E01022656,SO19 6HB,9,33.33
E01017259,SO19 8GS,9,11.11
E01017260,SO19 1EE,9,11.11
E01017262,SO19 9UW,9,22.22
E01017263,SO19 9AT,9,44.44
E01017263,SO19 9LH,9,11.11
E01017264,SO16 2HX,9,11.11
E01017264,SO16 2HZ,9,22.22
E01017265,SO18 2RP,9,66.67
E01032745,SO14 1NJ,9,0
E01032746,SO14 3EY,9,22.22
E01032738,SO14 0LB,9,11.11
E01032738,SO15 2AD,9,11.11
E01032750,SO14 0LJ,9,44.44
E01032750,SO14 0LR,9,22.22
E01017207,SO16 4EH,9,22.22
E01017211,SO15 8PX,9,33.33
E01017211,SO15 4HB,9,33.33
E01017210,SO16 4QJ,9,22.22
E01017209,SO16 4GH,9,11.11
E01017210,SO16 4AL,9,22.22
E01017209,SO16 4LH,9,0
E01017209,SO16 4LQ,9,0
E01017214,SO15 4JN,9,22.22
E01017215,SO15 4GR,9,33.33
E01017214,SO15 8PP,9,33.33
E01017215,SO15 4JX,9,11.11
E01017215,SO15 8PE,9,0
E01017212,SO15 4LU,9,33.33
E01017212,SO16 4LP,9,0
E01017212,SO15 4HH,9,0
E01017213,SO15 8QQ,9,11.11
E01017213,SO15 3HA,9,0
E01017213,SO15 3NU,9,22.22
E01017206,SO18 5GW,9,11.11
E01017206,SO18 5GR,9,11.11
E01017207,SO16 4BX,9,33.33
E01017206,SO18 6NU,9,0
E01017202,SO18 5PB,9,44.44
E01017202,SO18 4SL,9,44.44
E01017203,SO18 4EQ,9,33.33
E01017201,SO18 2EZ,9,0
E01017202,SO18 4QH,9,0
E01017200,SO18 6BL,9,22.22
E01017200,SO18 4RZ,9,0
E01017199,SO18 5BU,9,0
E01017189,SO15 5BQ,9,22.22
E01017187,SO16 5SW,9,0
E01017187,SO16 5NE,9,11.11
E01017185,SO16 5SQ,9,11.11
E01017186,SO16 5FZ,9,22.22
E01017180,SO16 8FF,9,22.22
E01017180,SO16 8EU,9,22.22
E01017177,SO18 1NR,9,33.33
E01017177,SO18 1DL,9,0
E01017179,SO18 2GN,9,22.22
E01017178,SO18 1NL,9,0
E01017197,SO15 5EQ,9,22.22
E01017196,SO15 2RS,9,0
E01017196,SO15 2LF,9,0
E01017195,SO15 3BT,9,0
E01017196,SO15 2JX,9,11.11
E01017195,SO15 1HP,9,22.22
E01017195,SO15 1HR,9,11.11
E01017194,SO15 3AR,9,11.11
E01017191,SO15 3FG,9,0
E01017191,SO15 5BD,9,33.33
E01017190,SO15 2LZ,9,22.22
E01017190,SO15 2RZ,9,11.11
E01017190,SO15 2LP,9,11.11
E01017192,SO15 3ET,9,33.33
E01017192,SO15 3DU,9,11.11
E01017193,SO15 3FS,9,22.22
E01017149,SO16 3DB,9,22.22
E01017149,SO16 3HU,9,22.22
E01017150,SO16 7AD,9,0
E01017147,SO16 7BQ,9,22.22
E01017145,SO16 3NB,9,0
E01017144,SO16 3GY,9,11.11
E01017139,SO14 7DT,9,11.11
E01017137,SO15 2FT,9,0
E01017136,SO15 2BP,9,22.22
E01017138,SO15 2BU,9,0
E01017152,SO16 6RJ,9,22.22
E01017154,SO14 0PX,9,55.56
E01017151,SO16 6LR,9,22.22
E01017150,SO16 7DT,9,33.33
E01017152,SO16 6PU,9,44.44
E01017151,SO16 6RT,9,33.33
E01017151,SO16 6QS,9,22.22
E01017151,SO16 6QY,9,11.11
E01017157,SO17 2AS,9,44.44
E01017158,SO14 6RE,9,44.44
E01017157,SO14 6UX,9,11.11
E01017156,SO14 0FD,9,11.11
E01017154,SO14 0SZ,9,33.33
E01017154,SO14 5SG,9,33.33
E01017154,SO14 5SU,9,0
E01017168,SO19 6NU,9,11.11
E01017170,SO19 0ER,9,0
E01017169,SO19 1BT,9,11.11
E01017170,SO19 0NL,9,0
E01017171,SO18 1FT,9,11.11
E01017171,SO18 1HP,9,11.11
E01017172,SO18 1AS,9,0
E01017173,SO18 4FQ,9,33.33
E01017173,SO18 4GY,9,11.11
E01017173,SO18 4PR,9,11.11
E01017174,SO18 3AD,9,11.11
E01017163,SO19 6BZ,9,66.67
E01017163,SO19 6PG,9,0
E01017159,SO14 6RZ,9,11.11
E01017159,SO14 6UH,9,33.33
E01017165,SO19 6FR,9,11.11
E01017165,SO19 6BG,9,22.22
E01017165,SO19 6GY,9,11.11
E01017164,SO19 5AF,9,22.22
E01017167,SO19 6NB,9,66.67
E01017166,SO19 6JT,9,22.22
E01017166,SO19 6FG,9,33.33
E01035448,SO14 5FD,9,22.22
E01035448,SO14 3FW,9,0
E01035446,SO19 9UG,9,33.33
E01035442,SO17 3SG,9,11.11
E01035442,SO17 3TF,9,66.67
E01035446,SO19 9SP,9,11.11
E01035446,SO19 9SW,8,25
E01035442,SO17 3SH,8,12.5
E01035442,SO17 3SJ,8,12.5
E01035444,SO14 2BP,8,12.5
E01035446,SO19 9UE,8,25
E01035447,SO19 9SQ,8,0
E01035449,SO14 3JA,8,25
E01032755,SO14 1TA,8,25
E01032755,SO14 1TB,8,25
E01032753,SO17 3QY,8,0
E01032751,SO14 3QX,8,75
E01032751,SO14 3JT,8,62.5
E01017166,SO19 6EQ,8,25
E01017166,SO19 6DP,8,37.5
E01017166,SO19 6DQ,8,50
E01017167,SO19 6LX,8,25
E01017167,SO19 0HQ,8,25
E01017167,SO19 6LU,8,12.5
E01017167,SO19 6LG,8,62.5
E01017167,SO19 6LH,8,0
E01017166,SO19 6PJ,8,12.5
E01017164,SO18 5QY,8,25
E01017165,SO19 6GA,8,0
E01017159,SO14 6RJ,8,25
E01017163,SO19 6NL,8,12.5
E01017163,SO19 6JE,8,25
E01017163,SO19 6GJ,8,37.5
E01017162,SO19 5JS,8,0
E01017174,SO18 2PY,8,0
E01017175,SO18 1NZ,8,12.5
E01017176,SO18 4AR,8,37.5
E01017176,SO18 2PD,8,25
E01017176,SO18 2AD,8,12.5
E01017176,SO18 2AN,8,12.5
E01017174,SO18 2FX,8,12.5
E01017172,SO18 1GF,8,0
E01017173,SO18 4EG,8,12.5
E01017172,SO18 1AZ,8,12.5
E01017171,SO18 1FU,8,25
E01017171,SO18 1FW,8,0
E01017171,SO18 1HN,8,25
E01017168,SO19 0SA,8,75
E01017168,SO19 6GS,8,0
E01017168,SO19 6RQ,8,25
E01017169,SO19 0ET,8,0
E01017154,SO14 5SB,8,50
E01017154,SO14 5BD,8,37.5
E01017154,SO14 0PU,8,62.5
E01017155,SO14 0EE,8,12.5
E01017157,SO17 1NT,8,12.5
E01017158,SO14 6HH,8,0
E01017158,SO14 6QW,8,0
E01017151,SO16 6RS,8,0
E01017152,SO16 6PX,8,25
E01017150,SO16 7ET,8,0
E01017153,SO14 0BY,8,25
E01017152,SO16 6PZ,8,12.5
E01017152,SO16 6RF,8,0
E01017153,SO14 0BH,8,25
E01017153,SO14 0BD,8,37.5
E01017153,SO14 0AE,8,25
E01017152,SO16 6TL,8,25
E01017138,SO15 2JF,8,25
E01017138,SO15 2JB,8,25
E01017136,SO15 2NZ,8,0
E01017145,SO16 7GD,8,0
E01017146,SO16 7EW,8,0
E01017193,SO15 3BW,8,0
E01017190,SO15 2TH,8,25
E01017190,SO15 5AE,8,12.5
E01017194,SO15 3AT,8,25
E01017194,SO15 3AW,8,0
E01017194,SO15 1PA,8,50
E01017195,SO15 1JP,8,0
E01017195,SO15 1JE,8,0
E01017196,SO15 2JJ,8,0
E01017196,SO15 2LB,8,12.5
E01017197,SO15 5ER,8,12.5
E01017197,SO15 5AL,8,25
E01017179,SO18 2AE,8,0
E01017179,SO18 2GG,8,0
E01017176,SO18 4QE,8,0
E01017177,SO18 1GE,8,0
E01017177,SO18 1NU,8,0
E01017181,SO16 8FX,8,12.5
E01017181,SO16 8GD,8,0
E01017181,SO16 8GN,8,37.5
E01017182,SO16 8HH,8,12.5
E01017185,SO16 5SP,8,25
E01017185,SO16 5NQ,8,0
E01017184,SO16 8EH,8,12.5
E01017184,SO16 8BE,8,12.5
E01017184,SO16 8BL,8,25
E01017188,SO16 5AJ,8,50
E01017187,SO16 5GS,8,62.5
E01017187,SO16 5HU,8,0
E01017187,SO16 5GQ,8,25
E01017188,SO16 5ES,8,37.5
E01017198,SO18 5TP,8,25
E01017199,SO18 5FH,8,0
E01017199,SO18 5FJ,8,25
E01017200,SO18 5EQ,8,0
E01017199,SO18 5NH,8,12.5
E01017199,SO18 5FR,8,12.5
E01017200,SO18 6AZ,8,12.5
E01017200,SO18 6TG,8,25
E01017201,SO18 2DD,8,0
E01017202,SO18 2EL,8,25
E01017202,SO18 4SG,8,62.5
E01017200,SO18 6BJ,8,12.5
E01017203,SO18 4RH,8,12.5
E01017202,SO18 4SW,8,0
E01017203,SO18 4TB,8,12.5
E01017204,SO18 5PQ,8,0
E01017204,SO18 5QG,8,0
E01017206,SO18 5PA,8,25
E01017205,SO18 5FZ,8,25
E01017205,SO18 5FU,8,12.5
E01017204,SO18 6RW,8,50
E01017205,SO18 5GJ,8,12.5
E01017205,SO18 5GF,8,0
E01017205,SO18 5GN,8,37.5
E01017205,SO18 5GY,8,12.5
E01017213,SO15 8QB,8,0
E01017212,SO15 4HJ,8,12.5
E01017212,SO16 4LJ,8,37.5
E01017213,SO15 3HD,8,37.5
E01017213,SO15 3HF,8,0
E01017215,SO15 8PG,8,0
E01017216,SO15 0HU,8,62.5
E01017215,SO15 4HU,8,0
E01017214,SO15 4HZ,8,37.5
E01017210,SO16 4AD,8,25
E01017207,SO16 4EU,8,12.5
E01017208,SO16 4NA,8,12.5
E01017209,SO16 4DR,8,0
E01032751,SO14 3AR,8,25
E01032738,SO15 2HN,8,12.5
E01023170,SO16 0BL,8,12.5
E01022716,SO18 3RR,8,0
E01022713,SO30 3LH,8,12.5
E01017265,SO18 2NB,8,12.5
E01017265,SO18 2NE,8,37.5
E01017266,SO16 3AT,8,50
E01017265,SO18 2JE,8,37.5
E01017266,SO16 3LN,8,0
E01017266,SO16 3TN,8,0
E01017271,SO16 2NZ,8,37.5
E01017271,SO16 3DJ,8,37.5
E01017271,SO16 2PF,8,12.5
E01017271,SO16 2NS,8,25
E01017272,SO16 3JZ,8,25
E01017272,SO16 3LB,8,37.5
E01017273,SO19 9DP,8,12.5
E01017264,SO16 2JA,8,12.5
E01017262,SO19 0SX,8,37.5
E01017262,SO19 1DU,8,50
E01022656,SO31 8LX,8,12.5
E01022656,SO31 8LZ,8,0
E01017281,SO19 9JN,8,25
E01017279,SO19 9HB,8,0
E01017279,SO19 9TE,8,0
E01017279,SO19 9ES,8,12.5
E01017276,SO19 2JB,8,25
E01017275,SO19 9FH,8,0
E01017216,SO15 8RA,8,25
E01017216,SO15 8QU,8,12.5
E01017216,SO15 8LF,8,0
E01017221,SO19 2DW,8,12.5
E01017219,SO19 2HE,8,25
E01017224,SO18 5RR,8,0
E01017223,SO19 4DG,8,0
E01017223,SO19 4EB,8,12.5
E01017221,SO19 2HB,8,25
E01017222,SO19 2EZ,8,0
E01017222,SO19 2FE,8,12.5
E01017222,SO19 2FS,8,12.5
E01017225,SO19 7JH,8,0
E01017225,SO19 7JJ,8,0
E01017226,SO17 1DW,8,0
E01017226,SO17 1EN,8,12.5
E01017224,SO19 7BZ,8,12.5
E01017224,SO19 7BQ,8,0
E01017224,SO19 7NR,8,12.5
E01017225,SO19 2QD,8,0
E01017239,SO15 0LZ,8,12.5
E01017239,SO15 0LR,8,37.5
E01017237,SO16 9DP,8,37.5
E01017237,SO16 9NA,8,62.5
E01017237,SO16 9HB,8,25
E01017237,SO16 9HE,8,12.5
E01017235,SO17 2HQ,8,25
E01017235,SO17 2GU,8,50
E01017237,SO16 9DE,8,12.5
E01017227,SO17 2GT,8,25
E01017228,SO17 2HY,8,0
E01017228,SO17 2JA,8,0
E01017232,SO17 1QF,8,0
E01017232,SO17 1SY,8,0
E01017234,SO17 1RZ,8,62.5
E01017243,SO16 5DW,8,12.5
E01017244,SO16 9NR,8,12.5
E01017244,SO16 9PE,8,12.5
E01017244,SO16 9NZ,8,0
E01017244,SO16 9PB,8,25
E01017245,SO16 9DX,8,50
E01017244,SO16 9PP,8,0
E01017239,SO16 9AN,8,50
E01017246,SO15 5QZ,8,12.5
E01017246,SO16 6BB,8,12.5
E01017245,SO16 9NX,8,62.5
E01017247,SO15 5GN,8,0
E01017247,SO15 5FD,8,12.5
E01017247,SO15 5GX,8,0
E01017247,SO15 5PT,8,12.5
E01017251,SO16 6DJ,8,87.5
E01017251,SO16 6AD,8,0
E01017250,SO15 5PX,8,37.5
E01017250,SO15 5NG,8,0
E01017249,SO15 5JA,8,0
E01017249,SO15 7NT,8,0
E01017253,SO16 6DD,8,12.5
E01017252,SO15 7RH,8,0
E01017258,SO19 8LA,8,0
E01017258,SO19 8EX,8,12.5
E01017256,SO19 8NY,8,0
E01017254,SO15 5NT,8,0
E01017255,SO19 8AN,8,12.5
E01017255,SO19 8PF,8,0
E01017256,SO19 7QA,7,0
E01017256,SO19 8BL,7,0
E01017256,SO19 8BN,7,0
E01017257,SO19 8HE,7,0
E01017257,SO19 1DH,7,0
E01017257,SO19 8GT,7,57.14
E01017258,SO19 8AA,7,14.29
E01017259,SO19 1SH,7,42.86
E01017252,SO15 7RB,7,0
E01017252,SO15 7RG,7,0
E01017252,SO15 7NY,7,0
E01017252,SO15 7PB,7,0
E01017252,SO15 7PF,7,14.29
E01017252,SO15 7QZ,7,14.29
E01017253,SO16 6DG,7,42.86
E01017253,SO16 6BQ,7,0
E01017253,SO16 6BN,7,14.29
E01017249,SO15 5JF,7,0
E01017250,SO15 5LX,7,14.29
E01017250,SO15 5PY,7,57.14
E01017251,SO16 6AU,7,14.29
E01017248,SO15 5HG,7,14.29
E01017247,SO15 5GY,7,0
E01017247,SO15 5HF,7,0
E01017247,SO15 5NH,7,0
E01017247,SO15 5GQ,7,42.86
E01017249,SO15 5HU,7,14.29
E01017246,SO15 5QH,7,14.29
E01017245,SO16 9GB,7,14.29
E01017246,SO16 6SY,7,28.57
E01017246,SO16 6UR,7,14.29
E01017246,SO16 4DD,7,0
E01017242,SO16 9NL,7,14.29
E01017241,SO16 9QN,7,14.29
E01017241,SO16 9QA,7,57.14
E01017244,SO16 9PN,7,14.29
E01017245,SO16 9DY,7,28.57
E01017244,SO16 9NN,7,14.29
E01017244,SO16 9LJ,7,0
E01017243,SO16 5DX,7,0
E01017243,SO16 5DR,7,0
E01017243,SO16 5DN,7,14.29
E01017234,SO17 1TG,7,14.29
E01017233,SO17 2LP,7,14.29
E01017228,SO17 2HX,7,14.29
E01017227,SO17 2GJ,7,71.43
E01017231,SO17 3RN,7,0
E01017231,SO17 3RT,7,14.29
E01017231,SO17 3SA,7,28.57
E01017231,SO17 3AH,7,0
E01017236,SO16 9HS,7,0
E01017236,SO16 9JE,7,42.86
E01017235,SO17 2UB,7,14.29
E01017235,SO17 2HH,7,0
E01017234,SO17 2LJ,7,14.29
E01017237,SO16 9GT,7,14.29
E01017238,SO16 9DR,7,0
E01017224,SO19 7RD,7,0
E01017226,SO17 1DU,7,0
E01017225,SO19 7LF,7,0
E01017221,SO19 2HH,7,0
E01017222,SO19 2FY,7,14.29
E01017223,SO19 4DJ,7,0
E01017222,SO19 2HY,7,14.29
E01017223,SO19 4BZ,7,0
E01017220,SO19 2NU,7,14.29
E01017216,SO15 3GE,7,14.29
E01017216,SO15 8RL,7,14.29
E01017217,SO19 7AB,7,0
E01017217,SO19 7AD,7,0
E01017218,SO19 7JZ,7,0
E01017217,SO19 7AU,7,42.86
E01017218,SO19 7JR,7,28.57
E01017276,SO19 9BU,7,57.14
E01017275,SO19 9EY,7,14.29
E01017274,SO19 9JL,7,57.14
E01017279,SO19 9GE,7,28.57
E01017277,SO19 9QG,7,0
E01017276,SO19 9TJ,7,57.14
E01017276,SO19 9TL,7,57.14
E01017280,SO19 9NH,7,14.29
E01017279,SO19 9RA,7,14.29
E01017281,SO19 9JS,7,0
E01017262,SO19 9LY,7,14.29
E01017262,SO19 0SP,7,0
E01017263,SO19 9LX,7,14.29
E01017260,SO19 1EB,7,0
E01017260,SO19 1DP,7,0
E01017259,SO19 8GX,7,28.57
E01017259,SO19 1BR,7,0
E01017261,SO19 8LW,7,0
E01017261,SO19 8FE,7,28.57
E01017261,SO19 8FH,7,0
E01017273,SO19 9DQ,7,0
E01017273,SO19 9AJ,7,0
E01017273,SO19 9DE,7,0
E01017272,SO16 3JS,7,0
E01017271,SO16 2NT,7,0
E01017271,SO16 2PE,7,0
E01017266,SO16 3TP,7,14.29
E01017266,SO16 3BY,7,14.29
E01017267,SO18 2JJ,7,14.29
E01017265,SO18 2LZ,7,28.57
E01017266,SO16 3AU,7,14.29
E01017266,SO16 3BD,7,28.57
E01022715,SO30 3HT,7,0
E01022717,SO18 3QL,7,14.29
E01022715,SO30 3JP,7,57.14
E01022718,SO18 3NL,7,0
E01032746,SO14 3ED,7,14.29
E01032746,SO14 2NW,7,57.14
E01032745,SO14 5BR,7,14.29
E01032750,SO14 0LE,7,28.57
E01032746,SO14 3HW,7,0
E01017209,SO16 4FQ,7,14.29
E01017208,SO16 4QS,7,71.43
E01017208,SO16 4QT,7,0
E01017208,SO16 4NJ,7,0
E01017208,SO16 4AB,7,28.57
E01017208,SO16 4BL,7,0
E01017211,SO15 3LX,7,28.57
E01017212,SO15 4LX,7,14.29
E01017212,SO15 4GY,7,14.29
E01017211,SO16 4RE,7,28.57
E01017213,SO15 3LT,7,14.29
E01017213,SO15 3JL,7,0
E01017205,SO18 5HH,7,0
E01017205,SO18 5FX,7,14.29
E01017204,SO18 5QA,7,42.86
E01017204,SO18 5QR,7,0
E01017203,SO18 4ES,7,0
E01017203,SO18 4ET,7,0
E01017203,SO18 4FD,7,14.29
E01017203,SO18 4FF,7,0
E01017202,SO18 4SP,7,0
E01017202,SO18 4SQ,7,57.14
E01017201,SO18 2EU,7,14.29
E01017201,SO18 2FG,7,57.14
E01017202,SO18 4SA,7,0
E01017202,SO18 4QL,7,71.43
E01017200,SO18 5EL,7,0
E01017199,SO18 5QX,7,14.29
E01017199,SO18 5BW,7,0
E01017199,SO18 5DG,7,0
E01017198,SO18 5RQ,7,0
E01017198,SO18 5RD,7,28.57
E01017188,SO16 5FE,7,0
E01017188,SO16 5FR,7,71.43
E01017188,SO16 5GD,7,14.29
E01017185,SO16 5JE,7,28.57
E01017186,SO16 5FW,7,14.29
E01017183,SO16 8HR,7,28.57
E01017183,SO16 8HT,7,14.29
E01017180,SO16 8FB,7,14.29
E01017177,SO18 1GA,7,14.29
E01017179,SO18 2BE,7,0
E01017179,SO18 2GQ,7,0
E01017179,SO18 2HF,7,28.57
E01017178,SO18 1LR,7,0
E01017178,SO18 1LB,7,0
E01017196,SO15 2TT,7,14.29
E01017197,SO15 5EL,7,0
E01017197,SO15 5DB,7,14.29
E01017197,SO15 5EU,7,0
E01017196,SO15 2JZ,7,0
E01017195,SO15 1JF,7,0
E01017195,SO15 1JJ,7,28.57
E01017195,SO15 3BP,7,0
E01017195,SO15 3AQ,7,14.29
E01017194,SO15 3LP,7,28.57
E01017189,SO15 5SR,7,0
E01017189,SO15 5DT,7,0
E01017190,SO15 2TW,7,0
E01017192,SO15 3FL,7,42.86
E01017192,SO15 3GN,7,28.57
E01017146,SO16 7EZ,7,42.86
E01017147,SO16 7AJ,7,0
E01017145,SO16 3TT,7,0
E01017145,SO16 3QH,7,0
E01017147,SO16 7AP,7,0
E01017147,SO16 7DE,7,0
E01017148,SO16 3PT,7,28.57
E01017149,SO16 3HP,7,14.29
E01017149,SO16 3GR,7,0
E01017149,SO16 3GS,7,28.57
E01017137,SO15 2FQ,7,0
E01017144,SO16 3NX,7,0
E01017139,SO14 1LX,7,0
E01017152,SO16 6RZ,7,14.29
E01017154,SO14 0PY,7,0
E01017150,SO16 7EL,7,57.14
E01017152,SO15 7TX,7,0
E01017158,SO14 6QS,7,0
E01017156,SO14 0DT,7,28.57
E01017156,SO14 0DE,7,0
E01017154,SO14 5SW,7,28.57
E01017155,SO14 0DW,7,28.57
E01017154,SO14 5SJ,7,57.14
E01017169,SO19 0EL,7,14.29
E01017171,SO18 1HH,7,42.86
E01017170,SO19 0QJ,7,0
E01017172,SO18 1AT,7,0
E01017172,SO18 1EP,7,0
E01017172,SO18 1GL,7,57.14
E01017173,SO18 4EN,7,0
E01017174,SO18 2PX,7,28.57
E01017174,SO18 2DP,7,14.29
E01017174,SO18 2DU,7,28.57
E01017175,SO18 2PF,7,0
E01017175,SO18 1LZ,7,0
E01017162,SO19 5JN,7,28.57
E01017163,SO19 6BR,7,28.57
E01017163,SO19 6HW,7,14.29
E01017163,SO19 6BY,7,28.57
E01017164,SO18 5AF,7,57.14
E01017159,SO14 0SJ,7,14.29
E01017159,SO14 6UG,7,0
E01017159,SO14 6TZ,7,14.29
E01017160,SO14 0TD,7,0
E01017160,SO14 6GP,7,0
E01017159,SO17 2EU,7,14.29
E01017160,SO14 6GJ,7,0
E01017160,SO14 6HL,7,28.57
E01017165,SO19 6GW,7,28.57
E01017164,SO19 5EW,7,42.86
E01017164,SO19 5FF,7,0
E01017164,SO19 5JX,7,0
E01017164,SO19 5LE,7,14.29
E01017164,SO19 5LF,7,42.86
E01017164,SO19 5SY,7,0
E01017166,SO19 6FJ,7,0
E01032751,SO14 3BU,7,28.57
E01035448,SO14 5FH,7,14.29
E01035447,SO19 9SS,7,14.29
E01035442,SO17 3TA,7,14.29
E01035442,SO17 3RE,7,0
E01035445,SO15 2FN,7,0
E01035444,SO14 3LE,6,0
E01035442,SO17 3TB,6,33.33
E01035442,SO17 3SZ,6,0
E01035443,SO17 3SL,6,0
E01035443,SO17 3SN,6,16.67
E01035447,SO19 9SR,6,0
E01035446,SO19 9UJ,6,0
E01035448,SO14 3FQ,6,16.67
E01032753,SO17 1PN,6,0
E01032753,SO17 1NY,6,16.67
E01032753,SO17 1UW,6,16.67
E01032755,SO14 0NZ,6,33.33
E01032753,SO17 1SF,6,0
E01032753,SO17 1SG,6,16.67
E01032755,SO14 0PB,6,16.67
E01032755,SO14 1RA,6,50
E01035436,SO50 9RJ,6,16.67
E01017166,SO19 6JX,6,33.33
E01017166,SO19 6ES,6,16.67
E01017166,SO19 6EP,6,33.33
E01017166,SO19 6JP,6,16.67
E01017167,SO19 6LE,6,0
E01017167,SO19 6LW,6,16.67
E01017167,SO19 6LY,6,16.67
E01017164,SO19 8QN,6,0
E01017159,SO14 6UA,6,0
E01017159,SO14 6TL,6,33.33
E01017159,SO14 6RH,6,33.33
E01017159,SO14 6RR,6,0
E01017163,SO19 6NN,6,0
E01017163,SO19 6JB,6,16.67
E01017163,SO19 6BX,6,33.33
E01017163,SO19 6HX,6,0
E01017163,SO19 6HU,6,16.67
E01017163,SO19 6GH,6,0
E01017160,SO14 6SF,6,0
E01017162,SO19 6DW,6,0
E01017175,SO18 1PD,6,16.67
E01017176,SO18 2PN,6,16.67
E01017174,SO18 2FZ,6,33.33
E01017174,SO18 2GD,6,33.33
E01017173,SO18 4EX,6,0
E01017173,SO18 4GX,6,16.67
E01017172,SO18 1EG,6,33.33
E01017172,SO18 1EH,6,16.67
E01017171,SO18 1UR,6,16.67
E01017171,SO18 4HQ,6,0
E01017172,SO18 1AG,6,0
E01017170,SO19 0HL,6,0
E01017168,SO19 6RA,6,0
E01017167,SO19 6NJ,6,16.67
E01017169,SO19 1BW,6,33.33
E01017154,SO14 0FT,6,16.67
E01017154,SO14 5QS,6,16.67
E01017154,SO14 5RG,6,0
E01017154,SO14 5SD,6,66.67
E01017155,SO14 0EN,6,50
E01017157,SO17 1DP,6,0
E01017157,SO17 1ES,6,16.67
E01017157,SO17 2FU,6,50
E01017158,SO14 6FR,6,0
E01017158,SO14 6RB,6,16.67
E01017158,SO14 6UY,6,16.67
E01017152,SO15 7TZ,6,16.67
E01017152,SO16 6PT,6,16.67
E01017151,SO16 6RE,6,16.67
E01017151,SO16 6QU,6,0
E01017151,SO16 6NA,6,0
E01017150,SO16 7DU,6,16.67
E01017150,SO16 7EA,6,0
E01017154,SO14 0PQ,6,16.67
E01017154,SO14 0PN,6,50
E01017154,SO14 0FP,6,16.67
E01017153,SO14 0SU,6,50
E01017152,SO16 6TJ,6,0
E01017152,SO16 6PR,6,0
E01017152,SO16 6RU,6,33.33
E01017152,SO16 6RW,6,0
E01017144,SO16 3PQ,6,16.67
E01017139,SO14 1PH,6,16.67
E01017137,SO15 2DR,6,0
E01017136,SO15 2FY,6,0
E01017138,SO15 2TR,6,16.67
E01017138,SO15 5PA,6,0
E01017138,SO15 5RT,6,0
E01017138,SO15 5WB,6,0
E01017138,SO15 2AR,6,16.67
E01017149,SO16 3HF,6,50
E01017150,SO16 7AE,6,16.67
E01017148,SO16 7FA,6,0
E01017148,SO16 7FT,6,0
E01017147,SO16 7DJ,6,0
E01017145,SO16 3PU,6,33.33
E01017146,SO16 3HY,6,16.67
E01017146,SO16 7PD,6,0
E01017146,SO16 7PL,6,16.67
E01017146,SO16 7EU,6,0
E01017146,SO16 3JE,6,0
E01017146,SO16 3TX,6,16.67
E01017146,SO16 7DR,6,16.67
E01017192,SO15 3GH,6,0
E01017192,SO15 3GY,6,16.67
E01017192,SO15 3EH,6,16.67
E01017192,SO15 3HQ,6,16.67
E01017192,SO15 3NW,6,0
E01017193,SO15 3AL,6,16.67
E01017193,SO15 3DX,6,66.67
E01017193,SO15 3DP,6,50
E01017193,SO15 3EN,6,0
E01017193,SO15 3NZ,6,0
E01017191,SO15 3DH,6,16.67
E01017191,SO15 3FF,6,0
E01017191,SO15 5DU,6,33.33
E01017190,SO15 2NN,6,66.67
E01017194,SO15 3EZ,6,0
E01017194,SO15 3DB,6,16.67
E01017194,SO15 3EU,6,50
E01017194,SO15 3AX,6,16.67
E01017195,SO15 3AS,6,33.33
E01017195,SO15 3BD,6,33.33
E01017195,SO15 3NB,6,16.67
E01017196,SO15 2JW,6,0
E01017198,SO18 5HA,6,0
E01017178,SO18 1LD,6,0
E01017178,SO18 1LA,6,16.67
E01017178,SO18 1LP,6,16.67
E01017178,SO18 1JP,6,0
E01017179,SO18 2AW,6,0
E01017178,SO18 1LT,6,50
E01017179,SO18 2FL,6,16.67
E01017177,SO18 1UG,6,33.33
E01017178,SO18 1JF,6,0
E01017179,SO18 2HB,6,33.33
E01017180,SO16 8HP,6,0
E01017181,SO16 8GP,6,33.33
E01017181,SO16 8GE,6,33.33
E01017186,SO16 5GU,6,16.67
E01017186,SO16 5NH,6,16.67
E01017185,SO16 5JG,6,0
E01017185,SO16 5JR,6,0
E01017184,SO16 8BX,6,0
E01017188,SO16 5HA,6,33.33
E01017188,SO16 5FS,6,16.67
E01017188,SO16 5FT,6,16.67
E01017188,SO16 5EP,6,33.33
E01017188,SO16 5EZ,6,16.67
E01017186,SO16 8HL,6,16.67
E01017198,SO18 5HL,6,16.67
E01017198,SO18 5HQ,6,33.33
E01017198,SO18 5HE,6,0
E01017200,SO18 4RP,6,0
E01017200,SO18 5SA,6,16.67
E01017199,SO18 6AU,6,50
E01017202,SO18 4QN,6,16.67
E01017202,SO18 4SF,6,66.67
E01017202,SO18 4QJ,6,0
E01017201,SO18 2FP,6,0
E01017200,SO18 5EP,6,0
E01017202,SO18 6PH,6,0
E01017203,SO18 4QF,6,16.67
E01017204,SO18 5QS,6,0
E01017204,SO18 5PW,6,0
E01017204,SO18 3NH,6,0
E01017203,SO18 4TA,6,33.33
E01017203,SO18 4SY,6,16.67
E01017204,SO18 6QN,6,0
E01017205,SO18 5GL,6,0
E01017207,SO16 4DZ,6,0
E01017206,SO18 5GQ,6,0
E01017213,SO15 3JA,6,16.67
E01017213,SO15 3LU,6,0
E01017213,SO15 3JX,6,33.33
E01017211,SO16 4RF,6,0
E01017212,SO15 4LS,6,0
E01017212,SO16 4LL,6,0
E01017214,SO15 4JP,6,16.67
E01017214,SO15 4JR,6,16.67
E01017214,SO15 4PG,6,16.67
E01017215,SO15 4HQ,6,16.67
E01017216,SO15 3FZ,6,0
E01017215,SO15 4LR,6,0
E01017215,SO15 8AH,6,0
E01017210,SO16 4QN,6,0
E01017207,SO16 4EP,6,16.67
E01017209,SO16 4DA,6,33.33
E01017209,SO16 4DE,6,16.67
E01017209,SO16 4DF,6,0
E01032746,SO14 3JD,6,16.67
E01032748,SO14 3FY,6,0
E01032750,SO14 0LW,6,16.67
E01032750,SO14 0QN,6,33.33
E01032751,SO14 3BZ,6,0
E01032751,SO14 3DJ,6,16.67
E01032745,SO14 5GL,6,16.67
E01032746,SO14 2EA,6,0
E01032746,SO14 2EB,6,0
E01032745,SO14 3GA,6,33.33
E01032745,SO14 5BQ,6,16.67
E01032738,SO15 2AY,6,0
E01032738,SO15 2AB,6,33.33
E01023171,SO16 8NG,6,16.67
E01023173,SO16 8AY,6,16.67
E01022718,SO18 3NR,6,0
E01022717,SO18 3QW,6,0
E01022715,SO30 3FA,6,66.67
E01022702,SO30 4EA,6,0
E01017267,SO18 2JN,6,16.67
E01017270,SO16 3DU,6,0
E01017267,SO17 3ST,6,16.67
E01017271,SO16 3DG,6,0
E01017271,SO16 3DH,6,0
E01017272,SO16 3LE,6,50
E01017273,SO19 9DF,6,16.67
E01017273,SO19 9AH,6,0
E01017273,SO19 9FY,6,0
E01017260,SO19 8LY,6,0
E01017261,SO19 9HY,6,16.67
E01017261,SO19 8SH,6,16.67
E01017258,SO19 8AQ,6,16.67
E01017260,SO19 1DQ,6,16.67
E01017260,SO19 1DR,6,16.67
E01017260,SO19 1DW,6,16.67
E01017260,SO19 0ED,6,0
E01017263,SO19 9LU,6,0
E01017263,SO19 9LW,6,0
E01017263,SO19 9QY,6,16.67
E01017265,SO18 2HR,6,16.67
E01017264,SO18 2JY,6,0
E01017262,SO19 9LZ,6,16.67
E01017263,SO19 9LP,6,16.67
E01017263,SO19 9LF,6,83.33
E01022656,SO31 8NE,6,33.33
E01022656,SO31 8PA,6,0
E01022656,SO19 6RH,6,0
E01017280,SO19 9JG,6,16.67
E01017280,SO19 9UQ,6,0
E01017281,SO19 9BY,6,33.33
E01017276,SO19 9FX,6,16.67
E01017273,SO19 9GA,6,0
E01017275,SO19 9BG,6,0
E01017274,SO19 9SU,6,50
E01017276,SO19 9BT,6,0
E01017276,SO19 9ED,6,33.33
E01017276,SO19 9DX,6,0
E01017275,SO19 9FF,6,0
E01017275,SO19 9RD,6,16.67
E01017218,SO19 2EH,6,0
E01017218,SO19 7LN,6,0
E01017217,SO19 7AT,6,16.67
E01017216,SO15 8QY,6,50
E01017216,SO15 8RB,6,33.33
E01017220,SO19 2PH,6,16.67
E01017220,SO19 2PU,6,66.67
E01017219,SO19 7GR,6,50
E01017219,SO19 7GS,6,33.33
E01017219,SO19 7GY,6,0
E01017222,SO19 2FX,6,0
E01017222,SO19 2FP,6,0
E01017220,SO19 8FR,6,16.67
E01017222,SO19 2DJ,6,0
E01017226,SO17 1DL,6,16.67
E01017226,SO17 1DR,6,0
E01017226,SO17 1EP,6,50
E01017224,SO19 4DW,6,16.67
E01017224,SO19 7BR,6,33.33
E01017224,SO19 7BT,6,0
E01017224,SO19 7BY,6,0
E01017238,SO16 9DQ,6,33.33
E01017239,SO15 0LU,6,16.67
E01017239,SO15 0NA,6,0
E01017238,SO16 9EW,6,66.67
E01017238,SO16 9GG,6,50
E01017237,SO16 9GZ,6,0
E01017237,SO16 9ER,6,0
E01017237,SO16 9DU,6,33.33
E01017237,SO16 9DH,6,66.67
E01017236,SO16 9AQ,6,33.33
E01017236,SO16 9HX,6,0
E01017228,SO17 2JR,6,0
E01017231,SO17 1RT,6,0
E01017228,SO17 2HU,6,66.67
E01017227,SO17 2EW,6,16.67
E01017233,SO17 2JF,6,33.33
E01017233,SO17 2JG,6,50
E01017233,SO17 2JX,6,0
E01017232,SO17 1QW,6,0
E01017244,SO16 9LQ,6,33.33
E01017245,SO16 9EA,6,0
E01017245,SO16 9EB,6,33.33
E01017241,SO16 9PY,6,33.33
E01017242,SO16 9QH,6,66.67
E01017242,SO16 9QU,6,16.67
E01017240,SO16 9AY,6,16.67
E01017239,SO16 9AE,6,16.67
E01017246,SO16 4BU,6,0
E01017245,SO16 9GE,6,66.67
E01017246,SO15 5QL,6,16.67
E01017249,SO15 5HT,6,0
E01017248,SO15 5JT,6,16.67
E01017247,SO15 5TA,6,33.33
E01017247,SO15 5GS,6,0
E01017248,SO15 5HJ,6,0
E01017248,SO15 5HN,6,16.67
E01017251,SO16 6AR,6,50
E01017250,SO15 5PR,6,0
E01017249,SO15 7PT,6,16.67
E01017249,SO15 5JB,6,16.67
E01017249,SO15 5JD,6,0
E01017249,SO15 7PJ,6,0
E01017253,SO16 6SR,6,0
E01017253,SO16 6TA,6,16.67
E01017254,SO15 5LA,6,33.33
E01017252,SO15 7PH,6,0
E01017251,SO16 6SH,6,16.67
E01017252,SO15 7RW,6,0
E01017258,SO19 8JU,6,33.33
E01017257,SO19 8HG,6,0
E01017256,SO19 8NX,6,0
E01017255,SO19 8FT,6,16.67
E01017255,SO19 8TQ,6,0
E01017255,SO19 8AF,6,16.67
E01017254,SO15 5QB,6,16.67
E01017254,SO15 5QF,6,0
E01017254,SO15 5QG,6,0
E01017255,SO19 8AB,5,0
E01017255,SO19 2PQ,5,0
E01017255,SO19 8TR,5,20
E01017255,SO19 8RE,5,0
E01017256,SO19 7PW,5,0
E01017256,SO19 7PX,5,0
E01017256,SO19 7NH,5,20
E01017256,SO19 7NA,5,0
E01017256,SO19 8NZ,5,0
E01017256,SO19 8PD,5,0
E01017257,SO19 8GZ,5,20
E01017257,SO19 8HB,5,20
E01017257,SO19 1DF,5,0
E01017258,SO19 8LG,5,0
E01017258,SO19 8LJ,5,40
E01017258,SO19 8LR,5,0
E01017258,SO19 8JT,5,20
E01017258,SO19 8LD,5,0
E01017252,SO15 7RR,5,0
E01017252,SO15 7RS,5,0
E01017252,SO16 7NX,5,0
E01017252,SO15 7RJ,5,0
E01017252,SO15 7PA,5,20
E01017252,SO15 7NU,5,0
E01017252,SO15 7QX,5,60
E01017250,SO15 5GB,5,0
E01017250,SO15 5GD,5,20
E01017251,SO16 5JT,5,20
E01017251,SO16 6HT,5,0
E01017247,SO15 5PS,5,0
E01017247,SO15 5HA,5,0
E01017247,SO15 5GP,5,20
E01017247,SO15 5FF,5,0
E01017248,SO15 5JL,5,0
E01017248,SO15 5JS,5,40
E01017248,SO15 7QH,5,0
E01017248,SO15 7QJ,5,0
E01017248,SO15 7QB,5,0
E01017248,SO15 7QF,5,20
E01017249,SO15 5HY,5,0
E01017249,SO15 5AP,5,0
E01017248,SO15 7QP,5,0
E01017245,SO16 9EF,5,0
E01017246,SO16 6BE,5,0
E01017239,SO16 9AJ,5,0
E01017239,SO16 9AD,5,0
E01017240,SO16 9BE,5,40
E01017241,SO16 9QB,5,40
E01017244,SO16 9PF,5,20
E01017244,SO16 9LG,5,0
E01017244,SO16 9NY,5,0
E01017244,SO16 9NS,5,0
E01017243,SO16 5DU,5,20
E01017232,SO17 1PT,5,0
E01017233,SO17 2FS,5,80
E01017233,SO17 2JS,5,40
E01017233,SO17 2LN,5,20
E01017234,SO17 1AF,5,0
E01017234,SO17 1RY,5,0
E01017227,SO17 2GA,5,0
E01017228,SO17 2EY,5,0
E01017231,SO17 1SP,5,0
E01017231,SO17 1SR,5,0
E01017231,SO17 1WZ,5,20
E01017231,SO17 2LF,5,20
E01017231,SO17 3SB,5,0
E01017231,SO17 3RU,5,20
E01017236,SO16 9HZ,5,20
E01017235,SO17 2HG,5,40
E01017235,SO17 2HE,5,0
E01017237,SO16 9BZ,5,60
E01017237,SO16 9EQ,5,20
E01017237,SO16 9HD,5,0
E01017224,SO19 7DA,5,0
E01017225,SO19 4DH,5,0
E01017225,SO19 7BB,5,0
E01017226,SO17 1DH,5,0
E01017222,SO19 2FR,5,20
E01017222,SO19 2HW,5,0
E01017222,SO19 2FD,5,0
E01017222,SO19 2FT,5,0
E01017224,SO19 4DU,5,0
E01017219,SO19 7QT,5,0
E01017219,SO19 7SP,5,60
E01017218,SO19 7SD,5,60
E01017220,SO19 2PL,5,0
E01017219,SO19 9BA,5,20
E01017216,SO15 8LP,5,20
E01017216,SO15 8LG,5,0
E01017216,SO15 8RP,5,40
E01017218,SO19 7QP,5,20
E01017275,SO19 9PR,5,0
E01017276,SO19 9BL,5,0
E01017276,SO19 9AB,5,40
E01017275,SO19 9GZ,5,0
E01017276,SO19 9BR,5,0
E01017274,SO19 9TD,5,40
E01017275,SO19 9EZ,5,20
E01017273,SO19 9GB,5,20
E01017276,SO19 9RF,5,0
E01017279,SO19 9QH,5,0
E01017280,SO19 9LB,5,60
E01022656,SO19 6RJ,5,0
E01022654,SO31 8FN,5,40
E01022654,SO31 8GZ,5,60
E01017263,SO19 1FW,5,0
E01017263,SO19 9LQ,5,60
E01017263,SO19 9LN,5,20
E01017262,SO19 0SQ,5,40
E01017264,SO18 2JW,5,20
E01017259,SO19 8GU,5,0
E01017259,SO19 8GJ,5,40
E01017261,SO19 8SY,5,0
E01017262,SO19 0NS,5,0
E01017261,SO19 1BE,5,0
E01017261,SO19 8FB,5,40
E01017273,SO19 9DJ,5,0
E01017271,SO18 2HP,5,0
E01017271,SO16 3DP,5,0
E01017272,SO16 3DE,5,20
E01017270,SO16 3FG,5,0
E01017270,SO16 3DZ,5,20
E01017265,SO18 2LX,5,40
E01022669,SO50 5NN,5,20
E01022716,SO18 3LS,5,40
E01022716,SO18 3PU,5,0
E01022716,SO18 3QA,5,40
E01022717,SO18 3NJ,5,0
E01023172,SO16 8AB,5,0
E01023170,SO16 0BQ,5,60
E01023170,SO16 0TD,5,0
E01032738,SO15 2BJ,5,0
E01032738,SO14 6FL,5,20
E01032745,SO14 3GB,5,0
E01032738,SO15 2YD,5,0
E01032750,SO14 0LU,5,80
E01032750,SO14 0AH,5,40
E01032748,SO14 3FZ,5,20
E01032748,SO14 3JW,5,20
E01017208,SO16 4NL,5,80
E01017207,SO16 4EW,5,40
E01017207,SO16 4EN,5,20
E01017211,SO16 4FG,5,40
E01017209,SO16 4GG,5,0
E01017210,SO16 4AX,5,0
E01017215,SO15 8PB,5,0
E01017215,SO15 8AG,5,0
E01017215,SO15 4HD,5,0
E01017215,SO15 4HF,5,0
E01017214,SO15 4JT,5,20
E01017214,SO15 4AF,5,20
E01017214,SO15 4JG,5,0
E01017211,SO16 4FL,5,20
E01017213,SO15 3JP,5,0
E01017213,SO15 3JU,5,40
E01017214,SO15 0LL,5,0
E01017206,SO18 5DH,5,20
E01017206,SO18 5DW,5,0
E01017205,SO18 5HN,5,0
E01017205,SO18 5HF,5,40
E01017205,SO18 5LB,5,60
E01017203,SO18 4SN,5,0
E01017204,SO18 5PF,5,0
E01017204,SO18 5QP,5,0
E01017204,SO18 5SF,5,20
E01017204,SO18 5QE,5,20
E01017203,SO18 4RL,5,0
E01017202,SO18 6PJ,5,60
E01017202,SO18 5SZ,5,20
E01017200,SO18 6AQ,5,0
E01017200,SO18 6BX,5,0
E01017201,SO18 2DF,5,0
E01017200,SO19 5ES,5,0
E01017201,SO18 2ET,5,0
E01017199,SO18 5ND,5,0
E01017200,SO18 6AA,5,0
E01017198,SO18 5SH,5,20
E01017187,SO16 5HX,5,0
E01017187,SO16 5HZ,5,0
E01017187,SO16 5GP,5,40
E01017189,SO15 5BB,5,0
E01017183,SO16 8DB,5,0
E01017185,SO16 5JL,5,0
E01017186,SO16 5NJ,5,40
E01017186,SO16 5GX,5,40
E01017185,SO16 5NW,5,20
E01017181,SO16 8GH,5,0
E01017181,SO16 8GJ,5,0
E01017181,SO16 8GT,5,20
E01017183,SO16 8EP,5,0
E01017180,SO16 8FL,5,0
E01017180,SO16 8ET,5,0
E01017178,SO18 1JG,5,0
E01017178,SO18 1JH,5,20
E01017177,SO18 1UH,5,0
E01017178,SO18 1JE,5,20
E01017177,SO18 1DZ,5,0
E01017179,SO18 2GL,5,0
E01017178,SO18 1LF,5,20
E01017197,SO15 5AQ,5,40
E01017196,SO15 2TF,5,0
E01017196,SO15 2TG,5,0
E01017196,SO15 2JR,5,0
E01017195,SO15 3BG,5,0
E01017194,SO15 5SS,5,0
E01017194,SO15 3AN,5,0
E01017194,SO15 3BA,5,20
E01017190,SO15 2NE,5,0
E01017190,SO15 2LL,5,0
E01017189,SO15 5DQ,5,20
E01017190,SO15 2JN,5,0
E01017191,SO15 5BL,5,0
E01017191,SO15 3FD,5,0
E01017190,SO15 2NL,5,0
E01017191,SO15 3DF,5,0
E01017193,SO15 3FU,5,0
E01017193,SO15 3EF,5,60
E01017193,SO15 3EB,5,0
E01017193,SO15 3DY,5,0
E01017192,SO15 5FS,5,60
E01017192,SO15 3HR,5,40
E01017146,SO16 7PE,5,20
E01017147,SO16 7AL,5,20
E01017146,SO16 7PR,5,20
E01017145,SO16 3PN,5,0
E01017144,SO16 3PP,5,20
E01017147,SO16 7EF,5,0
E01017147,SO16 7DF,5,0
E01017147,SO16 7AQ,5,0
E01017149,SO16 3HW,5,0
E01017149,SO17 1TU,5,0
E01017149,SO16 3BB,5,40
E01017148,SO16 3TZ,5,20
E01017138,SO15 2EX,5,20
E01017138,SO15 2JG,5,0
E01017138,SO15 2HS,5,0
E01017138,SO15 5WA,5,40
E01017138,SO15 2JE,5,20
E01017138,SO15 2ND,5,0
E01017137,SO15 2FR,5,0
E01017139,SO14 1QG,5,40
E01017139,SO14 2DH,5,40
E01017144,SO16 3NT,5,40
E01017139,SO14 1NE,5,0
E01017139,SO14 1NX,5,0
E01017139,SO14 1AX,5,20
E01017139,SO14 0AA,5,40
E01017139,SO14 1GS,5,20
E01017153,SO14 0BL,5,20
E01017154,SO14 0AF,5,20
E01017150,SO16 7EB,5,0
E01017150,SO16 7LT,5,0
E01017150,SO16 7LY,5,20
E01017151,SO16 6QX,5,0
E01017151,SO16 6LZ,5,20
E01017152,SO16 6PY,5,60
E01017151,SO16 6RX,5,40
E01017151,SO16 6RY,5,0
E01017151,SO16 6SB,5,0
E01017158,SO14 6TW,5,20
E01017157,SO14 6WD,5,0
E01017157,SO14 6WL,5,0
E01017155,SO14 0ED,5,0
E01017155,SO14 6HQ,5,0
E01017154,SO14 5SE,5,0
E01017154,SO14 5RT,5,20
E01017155,SO14 0DX,5,60
E01017154,SO14 5SX,5,0
E01017154,SO14 5ST,5,0
E01017169,SO19 0HX,5,20
E01017169,SO19 0HY,5,40
E01017167,SO19 6NH,5,20
E01017168,SO19 0PW,5,0
E01017168,SO19 6GT,5,0
E01017168,SO19 8NH,5,0
E01017170,SO19 0QD,5,20
E01017170,SO19 0NN,5,0
E01017170,SO19 0RX,5,40
E01017171,SO18 1HL,5,0
E01017171,SO18 1GP,5,20
E01017172,SO18 1AL,5,20
E01017171,SO18 4HD,5,20
E01017172,SO18 1EN,5,0
E01017172,SO18 1QB,5,0
E01017173,SO18 4EE,5,0
E01017173,SO18 1BP,5,80
E01017174,SO18 2DY,5,40
E01017176,SO18 2BL,5,0
E01017176,SO18 2AP,5,40
E01017175,SO18 2PT,5,60
E01017174,SO18 2QQ,5,20
E01017175,SO18 1JW,5,20
E01017175,SO18 1JX,5,80
E01017162,SO19 5SD,5,0
E01017163,SO19 6BS,5,40
E01017163,SO19 6BN,5,0
E01017163,SO19 6BD,5,20
E01017163,SO19 6DT,5,80
E01017163,SO19 6HZ,5,20
E01017163,SO19 6JF,5,40
E01017163,SO19 6NQ,5,20
E01017163,SO19 6PD,5,20
E01017163,SO19 6PE,5,60
E01017163,SO19 6PH,5,20
E01017159,SO14 6RN,5,20
E01017160,SO14 6HA,5,20
E01017160,SO14 6GQ,5,0
E01017164,SO19 5LN,5,40
E01017164,SO19 5EX,5,0
E01017164,SO19 5EU,5,0
E01017165,SO19 6GE,5,0
E01017165,SO19 6GB,5,20
E01017165,SO19 6FY,5,0
E01017165,SO19 6FZ,5,60
E01017167,SO19 6LZ,5,0
E01017167,SO19 6NA,5,60
E01017167,SO19 6LT,5,40
E01017167,SO19 6LR,5,60
E01017167,SO19 6LF,5,0
E01017167,SO19 6LN,5,20
E01017166,SO19 6EW,5,20
E01017166,SO19 6EX,5,100
E01017166,SO19 6DZ,5,40
E01017166,SO19 6JU,5,40
E01017167,SO19 0AB,5,60
E01017167,SO19 0FX,5,0
E01017167,SO19 0HN,5,0
E01035436,SO50 9SS,5,0
E01035436,SO50 9QY,5,40
E01035436,SO50 9QZ,5,40
E01032755,SO14 1QJ,5,0
E01032753,SO17 1PF,5,20
E01032751,SO14 3GL,5,0
E01032751,SO14 3QY,5,60
E01032753,SO17 1EF,5,0
E01035448,SO14 3FR,5,0
E01035447,SO19 9UZ,5,0
E01035446,SO19 9UT,5,0
E01035446,SO19 9UU,5,20
E01035447,SO19 9EE,5,0
E01035447,SO19 9TF,5,20
E01035447,SO19 9TR,5,0
E01035447,SO19 9EP,5,20
E01035444,SO14 2BQ,5,0
E01035446,SO19 9SX,5,20
E01035445,SO15 1GS,4,0
E01035444,SO14 7BH,4,25
E01035444,SO14 7BL,4,0
E01035444,SO14 7EB,4,25
E01035444,SO14 7FG,4,25
E01035444,SO14 3BH,4,0
E01035444,SO14 3BJ,4,25
E01035444,SO14 2BT,4,25
E01035443,SO17 3SP,4,0
E01035441,SO32 2SD,4,25
E01035441,SO32 2SL,4,0
E01035447,SO19 9FL,4,25
E01035447,SO19 9EJ,4,25
E01035446,SO19 9XF,4,0
E01035446,SO19 9TA,4,0
E01035447,SO19 9XL,4,0
E01035447,SO19 9UX,4,0
E01035448,SO14 5FJ,4,25
E01032753,SO17 1NU,4,0
E01032753,SO17 1PY,4,0
E01032755,SO14 1DA,4,0
E01032755,SO14 1PF,4,25
E01032755,SO14 1PP,4,75
E01032753,SO17 1SH,4,0
E01032753,SO17 1SU,4,0
E01032755,SO14 0PA,4,0
E01032755,SO14 0GH,4,0
E01035436,SO50 9RH,4,50
E01035438,SO32 2SU,4,0
No Postcode,SO14 7BU,4,25
E01017166,SO19 6JN,4,0
E01017166,SO19 6ED,4,50
E01017166,SO19 6ET,4,25
E01017167,SO19 6LD,4,25
E01017167,SO19 6JZ,4,0
E01017167,SO19 6LA,4,0
E01017167,SO19 6NE,4,25
E01017167,SO19 6NG,4,25
E01017165,SO19 6GD,4,75
E01017165,SO19 6AB,4,0
E01017165,SO19 6BE,4,50
E01017165,SO19 6QG,4,0
E01017166,SO19 6DJ,4,0
E01017166,SO19 6DN,4,0
E01017164,SO19 5LB,4,50
E01017164,SO19 5FG,4,0
E01017160,SO14 6FZ,4,25
E01017160,SO14 6GG,4,0
E01017160,SO14 6HZ,4,0
E01017159,SO14 6RX,4,0
E01017163,SO19 6JG,4,25
E01017163,SO19 6JD,4,0
E01017163,SO19 6GG,4,0
E01017163,SO19 6DD,4,25
E01017163,SO19 6DE,4,0
E01017163,SO19 6HT,4,0
E01017162,SO19 6PR,4,0
E01017162,SO19 6PS,4,0
E01017162,SO19 5JP,4,0
E01017176,SO18 1QR,4,50
E01017176,SO18 2AH,4,25
E01017176,SO18 2AJ,4,50
E01017176,SO18 2AA,4,0
E01017176,SO18 2BG,4,0
E01017176,SO18 2BH,4,25
E01017176,SO18 2PS,4,0
E01017176,SO18 2QF,4,0
E01017174,SO18 2FY,4,0
E01017174,SO18 2DR,4,25
E01017174,SO18 2DS,4,0
E01017173,SO18 4HT,4,0
E01017173,SO18 4HU,4,25
E01017172,SO18 1GH,4,50
E01017173,SO18 4EZ,4,25
E01017171,SO18 4GP,4,0
E01017171,SO18 1GR,4,0
E01017171,SO18 1HG,4,0
E01017170,SO19 0NP,4,0
E01017170,SO19 0QH,4,0
E01017168,SO19 6RR,4,0
E01017169,SO19 0AF,4,50
E01017169,SO19 0DU,4,75
E01017168,SO19 6RF,4,0
E01017168,SO19 6RP,4,25
E01017168,SO19 6HP,4,50
E01017169,SO19 0JD,4,25
E01017169,SO19 0JE,4,25
E01017170,SO19 0HJ,4,0
E01017170,SO19 0JJ,4,0
E01017170,SO19 0JL,4,25
E01017154,SO14 5SS,4,25
E01017154,SO14 5SP,4,0
E01017156,SO14 0BS,4,50
E01017155,SO14 6HX,4,75
E01017158,SO14 6TR,4,25
E01017158,SO14 6RG,4,0
E01017158,SO14 6RD,4,0
E01017158,SO14 6TA,4,0
E01017152,SO16 6DP,4,0
E01017151,SO16 6LX,4,0
E01017151,SO16 6QQ,4,0
E01017151,SO16 6NE,4,50
E01017151,SO16 6QL,4,0
E01017151,SO16 6QN,4,0
E01017150,SO16 7EG,4,0
E01017150,SO16 7DY,4,25
E01017150,SO16 7DZ,4,25
E01017150,SO16 7BZ,4,0
E01017150,SO16 7DP,4,25
E01017151,SO16 6LT,4,25
E01017151,SO16 6LU,4,0
E01017154,SO14 0PT,4,25
E01017139,SO14 1BP,4,0
E01017139,SO14 1JX,4,25
E01017139,SO14 1JZ,4,0
E01017139,SO14 1LF,4,25
E01017139,SO14 1LL,4,25
E01017139,SO14 1LN,4,25
E01017139,SO14 1NS,4,25
E01017139,SO14 1LZ,4,25
E01017139,SO14 1LW,4,0
E01017136,SO15 2GJ,4,25
E01017136,SO15 2GB,4,0
E01017136,SO15 2GE,4,0
E01017138,SO15 5WD,4,0
E01017138,SO15 2HU,4,25
E01017138,SO15 2LE,4,25
E01017149,SO16 3HA,4,0
E01017149,SO16 3HR,4,0
E01017147,SO16 7BN,4,0
E01017147,SO16 7DD,4,0
E01017148,SO16 3PZ,4,0
E01017145,SO16 3NE,4,25
E01017146,SO16 7PG,4,75
E01017146,SO16 7EP,4,25
E01017146,SO16 7FB,4,0
E01017145,SO16 7JQ,4,25
E01017192,SO15 3HT,4,50
E01017192,SO15 3HU,4,0
E01017192,SO15 3HJ,4,50
E01017192,SO15 3LD,4,0
E01017192,SO15 3EL,4,0
E01017193,SO15 3DN,4,0
E01017193,SO15 3EP,4,25
E01017193,SO15 3GA,4,50
E01017193,SO15 3RU,4,0
E01017191,SO15 3FH,4,100
E01017192,SO15 3DQ,4,0
E01017190,SO15 2LH,4,0
E01017190,SO15 2DQ,4,0
E01017189,SO15 5DJ,4,0
E01017190,SO15 2TS,4,0
E01017194,SO15 3SA,4,75
E01017194,SO15 5AX,4,0
E01017194,SO15 3EW,4,0
E01017194,SO15 3FB,4,0
E01017194,SO15 3FE,4,25
E01017194,SO15 3AA,4,25
E01017195,SO15 1JR,4,0
E01017195,SO15 1JS,4,50
E01017195,SO15 1JN,4,25
E01017195,SO15 3BH,4,25
E01017195,SO15 3LH,4,25
E01017196,SO15 2GX,4,50
E01017195,SO15 3NR,4,0
E01017195,SO15 3GT,4,0
E01017196,SO15 2PA,4,25
E01017196,SO15 2LQ,4,0
E01017196,SO15 2PG,4,0
E01017197,SO15 5AW,4,0
E01017198,SO18 5AB,4,50
E01017179,SO18 2GF,4,50
E01017177,SO18 1GD,4,0
E01017177,SO18 1LW,4,25
E01017178,SO18 1JL,4,25
E01017179,SO18 2RQ,4,25
E01017179,SO18 2RR,4,0
E01017179,SO18 2QZ,4,25
E01017180,SO16 8FN,4,0
E01017180,SO16 8HQ,4,0
E01017181,SO16 8GR,4,0
E01017181,SO16 8GS,4,0
E01017185,SO16 5PA,4,0
E01017186,SO16 5GL,4,25
E01017186,SO16 5GG,4,0
E01017186,SO16 5GB,4,0
E01017185,SO16 5JJ,4,50
E01017184,SO16 8BB,4,50
E01017184,SO16 8BP,4,50
E01017184,SO16 8BS,4,0
E01017189,SO15 5BP,4,25
E01017189,SO15 5BR,4,50
E01017188,SO16 5HD,4,25
E01017188,SO16 5EY,4,0
E01017188,SO16 5EU,4,75
E01017188,SO16 5FQ,4,0
E01017187,SO16 5GR,4,25
E01017187,SO16 5AN,4,0
E01017187,SO16 5GN,4,25
E01017198,SO18 5RN,4,0
E01017198,SO18 5RP,4,25
E01017199,SO18 5EY,4,25
E01017199,SO18 5FQ,4,0
E01017198,SO18 5HP,4,25
E01017199,SO18 5QU,4,0
E01017200,SO18 6TN,4,0
E01017201,SO18 2EY,4,50
E01017202,SO18 2ED,4,25
E01017201,SO18 2FD,4,25
E01017200,SO18 6SX,4,0
E01017200,SO18 6AS,4,0
E01017200,SO18 6AE,4,0
E01017200,SO18 6BA,4,0
E01017202,SO18 6TW,4,50
E01017202,SO18 4SR,4,25
E01017202,SO18 4SU,4,25
E01017204,SO18 5QD,4,0
E01017204,SO18 5PY,4,50
E01017204,SO18 5PG,4,50
E01017203,SO18 4RU,4,0
E01017206,SO18 5DB,4,50
E01017205,SO18 5DR,4,25
E01017205,SO18 5DT,4,25
E01017205,SO18 5DY,4,0
E01017207,SO16 4EA,4,0
E01017206,SO18 6NP,4,0
E01017206,SO18 6NW,4,0
E01017206,SO18 6NY,4,0
E01017214,SO15 0JZ,4,0
E01017213,SO15 8QL,4,25
E01017213,SO15 3HZ,4,50
E01017213,SO15 3JB,4,25
E01017211,SO16 4RG,4,0
E01017211,SO16 4RP,4,0
E01017211,SO16 4FB,4,0
E01017214,SO15 4JQ,4,25
E01017215,SO15 4HG,4,25
E01017215,SO15 4LA,4,25
E01017215,SO15 4JY,4,0
E01017215,SO15 8PD,4,25
E01017216,SO15 3GD,4,25
E01017216,SO15 0HW,4,0
E01017210,SO16 4QL,4,0
E01017210,SO16 4AE,4,0
E01017210,SO16 4AF,4,0
E01017211,SO15 8QA,4,0
E01017211,SO15 8SD,4,0
E01017211,SO15 8NT,4,0
E01017211,SO15 8PA,4,0
E01017211,SO15 8PR,4,0
E01017210,SO16 4QQ,4,25
E01017210,SO16 4RA,4,0
E01017211,SO15 3NH,4,25
E01017207,SO16 4EE,4,0
E01017208,SO16 4AA,4,25
E01017208,SO16 4BG,4,50
E01017209,SO16 4FW,4,25
E01017209,SO16 4FZ,4,50
E01032748,SO14 2AT,4,75
E01032748,SO14 2DZ,4,0
E01032748,SO14 2EF,4,25
E01032748,SO14 2EL,4,50
E01032750,SO14 0LH,4,0
E01032751,SO14 3DR,4,0
E01032751,SO14 3EF,4,25
E01032745,SO14 3LB,4,0
E01032738,SO14 6GF,4,50
E01032738,SO15 2EH,4,0
E01032738,SO15 2EP,4,0
E01023170,SO16 0TG,4,0
E01023170,SO16 0TH,4,0
E01023170,SO16 0AX,4,0
E01023170,SO16 0BP,4,0
E01023170,SO16 0BS,4,0
E01023171,SO16 8NS,4,0
E01023173,SO16 8DJ,4,0
E01023245,PO15 7RX,4,0
E01022717,SO18 3NG,4,0
E01022716,SO18 3LY,4,25
E01022716,SO18 3PP,4,25
E01022716,SO18 3LD,4,0
E01022716,SO18 3LR,4,50
E01022716,SO18 3JY,4,75
E01022689,SO31 8LU,4,0
E01022712,SO31 5PX,4,25
E01017265,SO18 2LN,4,0
E01017265,SO18 2HJ,4,0
E01017265,SO18 2NG,4,0
E01017267,SO17 3TD,4,25
E01017271,SO16 2NQ,4,50
E01017271,SO16 2NY,4,25
E01017273,SO19 9DD,4,50
E01017273,SO19 9AN,4,50
E01017261,SO19 2NZ,4,25
E01017261,SO19 2PA,4,75
E01017261,SO19 9BH,4,25
E01017261,SO19 8PR,4,0
E01017259,SO19 8GY,4,50
E01017259,SO19 8GN,4,0
E01017259,SO19 8GP,4,25
E01017260,SO19 1BH,4,0
E01017259,SO19 8GR,4,0
E01017260,SO19 1BL,4,0
E01017264,SO18 2RS,4,0
E01017263,SO19 9QZ,4,0
E01017264,SO16 2JG,4,50
E01017262,SO19 0NQ,4,0
E01017262,SO19 0ST,4,0
E01017262,SO19 1RA,4,75
E01017262,SO19 1SE,4,50
E01017281,SO19 9QE,4,50
E01022655,SO31 8LG,4,0
E01022656,SO31 8LY,4,0
E01022670,SO50 5QB,4,0
E01017279,SO19 9TX,4,25
E01017276,SO19 9UR,4,0
E01017273,SO19 9QF,4,0
E01017274,SO19 9PY,4,25
E01017275,SO19 9FD,4,0
E01017276,SO19 9BQ,4,0
E01017276,SO19 9DY,4,0
E01017275,SO19 9HL,4,0
E01017276,SO19 2JE,4,0
E01017218,SO19 2EJ,4,25
E01017218,SO19 2QL,4,0
E01017216,SO15 8RQ,4,0
E01017217,SO19 7AE,4,25
E01017217,SO19 7AQ,4,25
E01017216,SO15 8RE,4,50
E01017216,SO15 8QW,4,0
E01017220,SO19 2PE,4,0
E01017220,SO19 2PF,4,25
E01017221,SO19 2DY,4,0
E01017219,SO19 2HA,4,25
E01017219,SO19 7GA,4,50
E01017219,SO19 7TN,4,0
E01017224,SO18 6TE,4,0
E01017224,SO18 5EE,4,0
E01017223,SO19 4EA,4,0
E01017223,SO18 1BG,4,0
E01017222,SO19 2FU,4,50
E01017222,SO19 2FW,4,0
E01017222,SO19 2HR,4,0
E01017222,SO19 2DP,4,25
E01017226,SO17 1DJ,4,25
E01017225,SO19 7LE,4,25
E01017226,SO17 1EG,4,50
E01017226,SO17 1GG,4,25
E01017225,SO19 2BH,4,25
E01017224,SO19 7LW,4,0
E01017224,SO19 7NP,4,25
E01017237,SO16 9NB,4,50
E01017238,SO16 4HT,4,25
E01017237,SO16 9DL,4,0
E01017237,SO16 9GS,4,100
E01017238,SO16 9EZ,4,25
E01017238,SO16 4JH,4,0
E01017235,SO17 2HJ,4,25
E01017234,SO17 2UQ,4,25
E01017235,SO17 1AP,4,25
E01017234,SO17 2LD,4,0
E01017236,SO16 9HL,4,0
E01017235,SO17 2HP,4,50
E01017231,SO17 3RP,4,0
E01017228,SO17 2AW,4,0
E01017228,SO17 2HT,4,25
E01017227,SO17 2GW,4,0
E01017226,SO17 1EL,4,25
E01017226,SO17 1XB,4,0
E01017226,SO17 1UY,4,0
E01017233,SO17 2LZ,4,75
E01017232,SO17 1UE,4,0
E01017232,SO17 1UF,4,0
E01017232,SO17 1RF,4,0
E01017232,SO17 1QS,4,0
E01017243,SO16 5SG,4,25
E01017243,SO16 5EB,4,0
E01017243,SO16 5DJ,4,0
E01017244,SO16 9PL,4,0
E01017241,SO16 9NG,4,50
E01017241,SO16 9JY,4,50
E01017242,SO16 9NJ,4,0
E01017242,SO16 9FS,4,0
E01017240,SO16 9BD,4,50
E01017239,SO16 9LZ,4,0
E01017246,SO16 6UP,4,25
E01017247,SO15 3JF,4,25
E01017246,SO15 5QY,4,0
E01017245,SO16 9FW,4,25
E01017245,SO16 9HJ,4,25
E01017246,SO15 5QN,4,50
E01017246,SO15 5QP,4,0
E01017246,SO15 5QS,4,0
E01017249,SO15 5AN,4,0
E01017248,SO15 7QD,4,0
E01017248,SO15 5JH,4,0
E01017247,SO15 3HW,4,0
E01017247,SO15 5FE,4,0
E01017247,SO15 5GA,4,0
E01017247,SO15 5GG,4,0
E01017247,SO15 5GR,4,0
E01017247,SO15 5HB,4,0
E01017247,SO15 5GZ,4,0
E01017250,SO15 5PN,4,0
E01017250,SO15 3JE,4,0
E01017249,SO15 7PQ,4,0
E01017249,SO15 7PR,4,0
E01017249,SO15 7PS,4,25
E01017252,SO15 7RQ,4,25
E01017252,SO15 7RD,4,25
E01017252,SO15 7RF,4,25
E01017252,SO16 6TS,4,25
E01017253,SO16 6FP,4,25
E01017253,SO16 6AW,4,0
E01017258,SO19 8LE,4,25
E01017257,SO19 8RQ,4,50
E01017258,SO19 8TH,4,25
E01017258,SO19 8LT,4,0
E01017257,SO19 8HF,4,25
E01017256,SO19 7PY,4,50
E01017255,SO19 8PL,4,0
E01017255,SO19 8BQ,4,25
E01017255,SO19 8BT,4,25
E01017254,SO15 5NX,4,0
E01017254,SO15 5NY,4,25
E01017254,SO15 5NS,4,25
E01017254,SO15 5NW,3,0
E01017254,SO15 5NQ,3,0
E01017254,SO16 6HN,3,33.33
E01017254,SO16 6UD,3,0
E01017255,SO19 2QB,3,0
E01017255,SO19 8FG,3,0
E01017255,SO19 8AJ,3,0
E01017256,SO19 7NS,3,0
E01017256,SO19 8PB,3,0
E01017256,SO19 8AY,3,33.33
E01017256,SO19 8AZ,3,66.67
E01017258,SO19 8PQ,3,0
E01017259,SO19 8AS,3,0
E01017259,SO19 8AT,3,33.33
E01017258,SO19 8EU,3,0
E01017253,SO16 6BP,3,33.33
E01017253,SO16 6DA,3,0
E01017254,SO15 5JJ,3,0
E01017252,SO15 7RT,3,0
E01017252,SO15 7AH,3,0
E01017251,SO16 5JW,3,0
E01017248,SO15 5HP,3,0
E01017248,SO15 5HR,3,0
E01017248,SO15 5HH,3,0
E01017247,SO15 5GH,3,0
E01017247,SO15 5FW,3,33.33
E01017249,SO15 5FG,3,0
E01017246,SO15 5QQ,3,0
E01017246,SO15 5LY,3,33.33
E01017246,SO15 5SG,3,0
E01017246,SO16 6UW,3,0
E01017246,SO16 6UE,3,33.33
E01017246,SO16 6BD,3,0
E01017240,SO16 9BJ,3,33.33
E01017240,SO16 9BU,3,33.33
E01017242,SO16 9GR,3,0
E01017241,SO16 9NF,3,0
E01017244,SO16 9PA,3,33.33
E01017245,SO16 9DZ,3,0
E01017244,SO16 9NQ,3,33.33
E01017244,SO16 9NU,3,0
E01017244,SO16 9LH,3,66.67
E01017242,SO16 9RE,3,66.67
E01017232,SO17 1QH,3,33.33
E01017232,SO17 1QY,3,0
E01017231,SO17 3SE,3,0
E01017232,SO17 1QE,3,0
E01017232,SO17 1SZ,3,0
E01017232,SO17 1RN,3,33.33
E01017232,SO17 1RP,3,0
E01017232,SO17 1XD,3,0
E01017233,SO17 2FP,3,0
E01017233,SO17 2FR,3,0
E01017233,SO17 2LQ,3,66.67
E01017233,SO17 2JW,3,0
E01017233,SO17 2XA,3,0
E01017233,SO17 2LW,3,0
E01017233,SO17 2LX,3,33.33
E01017227,SO17 2FZ,3,33.33
E01017227,SO17 2GR,3,33.33
E01017231,SO17 3AG,3,0
E01017231,SO17 3RA,3,0
E01017231,SO17 1SQ,3,33.33
E01017228,SO17 2JN,3,0
E01017228,SO17 2NP,3,0
E01017228,SO17 2JQ,3,0
E01017236,SO16 9LY,3,33.33
E01017234,SO17 2LE,3,0
E01017235,SO17 2FY,3,33.33
E01017234,SO17 2FE,3,0
E01017234,SO17 2GH,3,0
E01017234,SO17 2TH,3,33.33
E01017235,SO17 2LB,3,0
E01017238,SO16 9ES,3,0
E01017238,SO16 9EX,3,66.67
E01017237,SO16 9EL,3,33.33
E01017237,SO16 9HG,3,33.33
E01017224,SO19 7BH,3,0
E01017225,SO19 7JF,3,33.33
E01017226,SO17 1EA,3,0
E01017225,SO19 7RA,3,0
E01017221,SO19 2HG,3,0
E01017223,SO19 4BY,3,0
E01017223,SO19 4BW,3,0
E01017223,SO19 4DT,3,33.33
E01017224,SO19 2BG,3,0
E01017219,SO19 7GT,3,0
E01017219,SO19 7GJ,3,33.33
E01017219,SO19 2HL,3,0
E01017219,SO19 2HP,3,33.33
E01017219,SO19 2EE,3,0
E01017221,SO19 2ED,3,0
E01017220,SO19 2PW,3,0
E01017220,SO19 2QX,3,0
E01017220,SO19 2RT,3,0
E01017220,SO19 2PG,3,0
E01017220,SO19 2FH,3,33.33
E01017216,SO15 8QX,3,66.67
E01017216,SO15 8RD,3,0
E01017217,SO19 7AF,3,33.33
E01017217,SO19 7AH,3,0
E01017218,SO19 7QR,3,0
E01017218,SO19 7SA,3,33.33
E01017218,SO19 7JX,3,33.33
E01017276,SO19 9DW,3,33.33
E01017275,SO19 9FE,3,0
E01017274,SO19 9QX,3,0
E01017274,SO19 9HG,3,0
E01017276,SO19 9SN,3,66.67
E01017276,SO19 9HA,3,33.33
E01017279,SO19 9ET,3,0
E01017277,SO19 9HS,3,33.33
E01017277,SO19 9HT,3,0
E01017277,SO19 9HU,3,33.33
E01017280,SO19 9GJ,3,0
E01017279,SO19 9RY,3,0
E01017280,SO19 9GX,3,66.67
E01017280,SO19 9HH,3,0
E01022673,SO50 4BW,3,0
E01022673,SO50 4BX,3,0
E01022663,SO53 3BU,3,0
E01022657,SO31 8GE,3,33.33
E01022657,SO31 8JZ,3,33.33
E01022657,SO31 8LL,3,0
E01022657,SO31 8NB,3,0
E01022656,SO18 5BR,3,0
E01022656,SO18 5RH,3,0
E01022655,SO31 8LB,3,100
E01022656,SO19 6AX,3,0
E01022655,SO31 8DU,3,0
E01017262,SO19 0SU,3,0
E01017262,SO19 0SS,3,0
E01017263,SO19 9QL,3,33.33
E01017265,SO18 2HS,3,33.33
E01017264,SO18 2JZ,3,33.33
E01017259,SO19 8GQ,3,0
E01017259,SO19 8GL,3,0
E01017259,SO19 1BS,3,0
E01017259,SO19 8FY,3,0
E01017261,SO19 8PP,3,33.33
E01017261,SO19 9PF,3,33.33
E01017262,SO19 0AJ,3,0
E01017262,SO19 0EN,3,0
E01017260,SO19 8LU,3,0
E01017273,SO19 9DB,3,0
E01017273,SO19 9FZ,3,33.33
E01017272,SO16 3JN,3,33.33
E01017271,SO16 2PA,3,0
E01017270,SO16 3DY,3,0
E01017271,SO16 2NN,3,0
E01017270,SO16 3EL,3,0
E01017270,SO16 3EF,3,0
E01017267,SO18 2JQ,3,0
E01017270,SO16 3DF,3,0
E01017267,SO16 2JF,3,0
E01017266,SO16 3BH,3,66.67
E01017265,SO18 2ND,3,33.33
E01022712,SO31 5GG,3,0
E01022710,SO31 5JP,3,0
E01022715,SO18 3LQ,3,0
E01022713,SO30 3SA,3,0
E01022713,SO30 3JW,3,0
E01022713,SO30 3LG,3,33.33
E01022711,SO31 5BE,3,0
E01022713,SO30 3HY,3,0
E01022680,SO53 3AX,3,0
E01022697,SO30 4QL,3,0
E01022698,SO30 0HQ,3,0
E01022678,SO50 9PS,3,66.67
E01022679,SO50 5NB,3,0
E01022681,SO53 3HU,3,0
E01022715,SO30 3NE,3,0
E01022716,SO18 3LX,3,33.33
E01022715,SO30 3RN,3,33.33
E01022716,SO18 3LZ,3,0
E01022717,SO18 3QP,3,33.33
E01022717,SO18 3QB,3,0
E01022717,SO18 3QD,3,0
E01022716,SO30 3AG,3,33.33
E01022718,SO18 3DB,3,33.33
E01022718,SO18 3PF,3,0
E01022718,SO18 3NT,3,0
E01022718,SO18 3QS,3,33.33
E01022718,SO30 3BG,3,0
E01022757,SO31 6XU,3,33.33
E01022774,SO31 7HB,3,0
E01022793,SO31 6BQ,3,0
E01022977,SO40 7DQ,3,0
E01023015,SO45 1BN,3,66.67
E01023244,SO22 4JQ,3,0
E01023173,SO16 8JB,3,0
E01023173,SO16 8JF,3,0
E01023170,SO16 0XL,3,0
E01023078,SO40 3BL,3,33.33
E01032738,SO15 2BY,3,0
E01032738,SO15 2BA,3,0
E01032738,SO15 2SL,3,0
E01032738,SO15 2EW,3,33.33
E01032738,SO15 2EE,3,0
E01032738,SO15 2AH,3,0
E01032745,SO14 1NG,3,0
E01032745,SO14 1NP,3,66.67
E01032745,SO14 5GQ,3,66.67
E01032746,SO14 2AX,3,0
E01032746,SO14 2NS,3,33.33
E01032751,SO14 3EJ,3,0
E01032751,SO14 3DS,3,0
E01032751,SO14 3DL,3,33.33
E01032751,SO14 3DP,3,33.33
E01032751,SO14 3BQ,3,0
E01032750,SO14 0LG,3,66.67
E01032746,SO14 3SB,3,0
E01032748,SO14 2AJ,3,0
E01032748,SO14 3JQ,3,33.33
E01032748,SO14 3TY,3,0
E01032748,SO14 3LJ,3,0
E01032748,SO14 3LN,3,0
E01032746,SO14 3HF,3,0
E01032748,SO14 3TA,3,0
E01017209,SO16 4FR,3,0
E01017209,SO16 4DN,3,33.33
E01017208,SO16 4NS,3,0
E01017208,SO16 4NY,3,33.33
E01017208,SO16 4NZ,3,0
E01017208,SO16 4BH,3,33.33
E01017207,SO16 4JF,3,33.33
E01017211,SO15 4GP,3,33.33
E01017210,SO16 4QP,3,0
E01017211,SO15 8PT,3,0
E01017211,SO15 8PZ,3,33.33
E01017211,SO16 4BF,3,0
E01017211,SO16 4BS,3,0
E01017210,SO16 4AG,3,0
E01017209,SO16 4GJ,3,33.33
E01017215,SO15 8RZ,3,0
E01017215,SO15 4GS,3,33.33
E01017214,SO15 4PJ,3,0
E01017214,SO15 4JH,3,0
E01017214,SO15 4JE,3,0
E01017212,SO15 4HP,3,0
E01017212,SO15 4GZ,3,0
E01017211,SO16 4RL,3,0
E01017211,SO16 4FU,3,0
E01017213,SO15 8PU,3,0
E01017213,SO15 8QH,3,0
E01017214,SO15 0LN,3,33.33
E01017206,SO18 6PP,3,0
E01017207,SO16 4EB,3,0
E01017206,SO18 5DX,3,0
E01017206,SO18 5DP,3,66.67
E01017206,SO18 5DF,3,33.33
E01017206,SO18 5PT,3,0
E01017205,SO18 5FW,3,66.67
E01017205,SO18 5JF,3,0
E01017204,SO18 5PU,3,0
E01017204,SO18 5QL,3,33.33
E01017202,SO18 6PA,3,0
E01017200,SO18 6BD,3,33.33
E01017200,SO18 6SL,3,0
E01017200,SO18 6TF,3,0
E01017201,SO18 2DH,3,0
E01017201,SO18 2BQ,3,66.67
E01017201,SO18 2BT,3,66.67
E01017201,SO18 2BU,3,0
E01017201,SO18 2FE,3,33.33
E01017201,SO18 2FH,3,0
E01017202,SO18 2EN,3,0
E01017199,SO18 6AD,3,0
E01017199,SO18 5LZ,3,33.33
E01017199,SO18 5QT,3,33.33
E01017200,SO18 5EN,3,0
E01017200,SO18 4RN,3,0
E01017199,SO18 6NS,3,0
E01017198,SO18 5HW,3,66.67
E01017198,SO18 5TT,3,0
E01017187,SO16 5AQ,3,33.33
E01017187,SO16 5LB,3,0
E01017187,SO16 5NL,3,0
E01017187,SO16 5LG,3,33.33
E01017187,SO16 5LJ,3,0
E01017188,SO16 5FD,3,33.33
E01017189,SO15 5BU,3,0
E01017189,SO15 5BW,3,33.33
E01017185,SO16 5LD,3,66.67
E01017185,SO16 5LH,3,0
E01017185,SO16 5JN,3,33.33
E01017186,SO16 5GZ,3,0
E01017185,SO16 5PJ,3,0
E01017183,SO16 8DH,3,0
E01017183,SO16 5DA,3,33.33
E01017180,SO16 8FH,3,0
E01017180,SO16 8EZ,3,0
E01017180,SO16 8EX,3,0
E01017177,SO18 1PN,3,33.33
E01017177,SO18 1JD,3,33.33
E01017177,SO18 1LJ,3,0
E01017179,SO18 2GH,3,0
E01017179,SO18 2GY,3,33.33
E01017198,SO18 5HB,3,33.33
E01017197,SO15 5EW,3,0
E01017197,SO15 5EY,3,0
E01017197,SO15 5EZ,3,0
E01017197,SO15 5BZ,3,33.33
E01017197,SO15 5AJ,3,0
E01017196,SO15 2TL,3,0
E01017196,SO15 2TX,3,33.33
E01017196,SO17 1XE,3,0
E01017196,SO15 2PQ,3,0
E01017196,SO15 2PT,3,33.33
E01017196,SO15 2PY,3,33.33
E01017196,SO15 2LD,3,0
E01017195,SO15 3BU,3,0
E01017196,SO15 2LA,3,33.33
E01017195,SO15 3BB,3,0
E01017195,SO15 3AJ,3,0
E01017195,SO15 3AF,3,0
E01017195,SO15 1JG,3,33.33
E01017195,SO15 1HT,3,0
E01017195,SO15 1JD,3,33.33
E01017193,SO15 3EE,3,0
E01017194,SO15 1BX,3,0
E01017194,SO15 1JA,3,66.67
E01017190,SO15 2NR,3,33.33
E01017189,SO15 5BA,3,33.33
E01017189,SO15 5RQ,3,0
E01017189,SO15 5SP,3,0
E01017192,SO15 3DS,3,33.33
E01017191,SO15 5ED,3,0
E01017191,SO15 3FN,3,0
E01017191,SO15 3FP,3,33.33
E01017191,SO15 3SJ,3,0
E01017191,SO15 3DD,3,66.67
E01017193,SO15 3EA,3,0
E01017192,SO15 3HH,3,0
E01017192,SO15 3HL,3,33.33
E01017146,SO16 7FD,3,0
E01017146,SO16 7NW,3,0
E01017146,SO16 7QN,3,0
E01017147,SO16 7AT,3,0
E01017145,SO16 3NF,3,33.33
E01017145,SO16 3PF,3,0
E01017145,SO16 3ND,3,0
E01017145,SO16 3QJ,3,0
E01017145,SO16 3QQ,3,33.33
E01017145,SO16 3QR,3,33.33
E01017145,SO16 3QS,3,0
E01017146,SO16 3HZ,3,0
E01017145,SO16 7GB,3,0
E01017145,SO16 7GG,3,33.33
E01017148,SO16 3QA,3,0
E01017148,SO16 3QD,3,0
E01017148,SO16 3NP,3,0
E01017148,SO16 3NQ,3,33.33
E01017148,SO16 3NW,3,33.33
E01017148,SO16 7GN,3,0
E01017147,SO16 7AH,3,0
E01017147,SO16 7BH,3,0
E01017149,SO16 3HN,3,66.67
E01017149,SO16 3GX,3,66.67
E01017149,SO16 3BX,3,33.33
E01017137,SO15 2HH,3,0
E01017138,SO15 5AD,3,0
E01017136,SO15 2NX,3,33.33
E01017138,SO15 2PR,3,0
E01017137,SO15 2FJ,3,0
E01017137,SO15 2BS,3,0
E01017136,SO15 2BR,3,0
E01017139,SO14 1LY,3,33.33
E01017139,SO14 1NR,3,33.33
E01017139,SO14 1PL,3,0
E01017139,SO14 1PR,3,0
E01017139,SO14 1PS,3,0
E01017139,SO14 1LP,3,0
E01017144,SO16 3PR,3,66.67
E01017145,SO16 3LS,3,0
E01017145,SO16 3LW,3,33.33
E01017144,SO16 3GZ,3,0
E01017144,SO16 3NS,3,33.33
E01017139,SO14 1PB,3,33.33
E01017144,SO16 3GD,3,0
E01017154,SO14 0QE,3,33.33
E01017154,SO14 0QH,3,0
E01017154,SO14 0QQ,3,0
E01017154,SO14 0FJ,3,0
E01017153,SO14 0DD,3,0
E01017152,SO16 6TQ,3,33.33
E01017152,SO16 6TU,3,0
E01017152,SO16 6RD,3,0
E01017152,SO16 6QA,3,0
E01017152,SO16 6QD,3,33.33
E01017152,SO16 6QG,3,0
E01017151,SO16 6LN,3,0
E01017150,SO16 7ND,3,100
E01017150,SO16 7NZ,3,0
E01017150,SO16 7PA,3,0
E01017150,SO16 7PN,3,0
E01017150,SO16 7DS,3,0
E01017150,SO16 7EH,3,0
E01017150,SO16 7BY,3,0
E01017151,SO16 6NB,3,0
E01017158,SO14 6QU,3,0
E01017158,SO14 6QZ,3,0
E01017158,SO14 6TP,3,0
E01017158,SO14 6WA,3,0
E01017155,SO14 0DU,3,0
E01017154,SO14 5SF,3,0
E01017169,SO19 0SB,3,33.33
E01017168,SO19 6HN,3,0
E01017167,SO19 6NP,3,0
E01017169,SO19 0DW,3,33.33
E01017168,SO19 8QQ,3,0
E01017171,SO18 1BH,3,0
E01017171,SO18 1HA,3,0
E01017171,SO18 1GN,3,33.33
E01017171,SO18 4TQ,3,0
E01017172,SO18 1DX,3,0
E01017172,SO18 1BA,3,33.33
E01017173,SO18 4EW,3,0
E01017173,SO18 4ER,3,66.67
E01017173,SO18 4FN,3,0
E01017173,SO18 4EF,3,0
E01017173,SO18 4GZ,3,0
E01017174,SO18 2DW,3,0
E01017174,SO18 2EA,3,0
E01017176,SO18 2PP,3,0
E01017176,SO18 4QD,3,0
E01017176,SO18 2BB,3,33.33
E01017176,SO18 2AU,3,33.33
E01017175,SO18 2QG,3,33.33
E01017175,SO18 1PF,3,0
E01017174,SO18 2PZ,3,0
E01017174,SO18 2QB,3,33.33
E01017174,SO18 2QH,3,0
E01017162,SO18 5TQ,3,0
E01017162,SO19 6EH,3,0
E01017162,SO19 6QJ,3,0
E01017163,SO19 6BH,3,0
E01017162,SO19 6FD,3,0
E01017163,SO19 6HS,3,100
E01017163,SO19 6JA,3,0
E01017163,SO19 6JJ,3,0
E01017159,SO14 6RY,3,0
E01017159,SO14 6RT,3,33.33
E01017159,SO14 6RW,3,0
E01017159,SO14 6BB,3,0
E01017159,SO17 2ET,3,0
E01017160,SO14 6HE,3,0
E01017160,SO14 6GL,3,0
E01017160,SO14 6FU,3,33.33
E01017160,SO14 6GR,3,0
E01017164,SO19 5JR,3,0
E01017164,SO19 5JU,3,0
E01017165,SO18 5TG,3,0
E01017164,SO19 5LS,3,0
E01017166,SO19 6DL,3,33.33
E01017165,SO19 6GF,3,66.67
E01017165,SO19 6GX,3,33.33
E01017165,SO19 6BQ,3,66.67
E01017166,SO19 6EE,3,33.33
E01017166,SO19 6EB,3,66.67
E01017166,SO19 6FN,3,0
E01017166,SO19 6FP,3,0
No Postcode,SO50 7RD,3,33.33
E01035438,SO32 2SW,3,66.67
E01035438,SO32 2GE,3,0
E01035436,SO50 9SW,3,66.67
E01035437,SO50 5RQ,3,0
E01035438,SO32 2BZ,3,0
E01035437,SO50 5RS,3,0
E01035436,SO50 9SH,3,0
E01035434,SO50 9GH,3,33.33
E01035433,SO50 5GG,3,0
E01032753,SO17 1UB,3,0
E01032753,SO17 1UG,3,0
E01032755,SO14 1QX,3,0
E01032753,SO17 1RW,3,33.33
E01032753,SO17 1QT,3,0
E01032753,SO17 1QU,3,0
E01032753,SO17 1PG,3,0
E01032753,SO17 1PD,3,0
E01032753,SO17 1ED,3,33.33
E01032751,SO14 3TQ,3,0
E01032753,SO17 1NN,3,0
E01035448,SO14 5FL,3,0
E01035448,SO14 3FT,3,0
E01035448,SO14 3DW,3,0
E01035449,SO14 3JB,3,0
E01035447,SO19 9TP,3,33.33
E01035445,SO15 1GE,3,0
E01035445,SO15 1GH,3,66.67
E01035446,SO19 9SY,3,0
E01035445,SO15 2GT,3,0
E01035445,SO15 2FG,2,50
E01035445,SO14 2AE,2,0
E01035445,SO14 2EQ,2,50
E01035444,SO14 3HA,2,0
E01035444,SO14 3HB,2,50
E01035441,SO32 2SJ,2,0
E01035442,SO17 3RW,2,0
E01035444,SO14 2BZ,2,0
E01035444,SO14 2DF,2,0
E01035443,SO17 3TN,2,50
E01035443,SO17 3TW,2,0
E01035447,SO19 9TW,2,100
E01035446,SO19 9XH,2,0
E01035446,SO19 9UD,2,0
E01035449,SO14 3JE,2,0
E01035449,SO14 3TX,2,0
E01035448,SO14 5FR,2,0
E01035449,SO14 3GR,2,0
E01035449,SO14 3HR,2,0
E01035449,SO14 3HS,2,0
E01032753,SO17 1NP,2,0
E01032753,SO17 1NQ,2,0
E01032753,SO17 1NR,2,0
E01032753,SO16 7PP,2,100
E01032753,SO17 1NW,2,0
E01032753,SO17 1NX,2,0
E01032753,SO17 1PJ,2,0
E01032753,SO17 1RA,2,0
E01032753,SO17 1QP,2,0
E01032859,PO15 7QG,2,50
E01032860,PO15 7FF,2,0
E01032753,SO17 3QZ,2,0
E01032860,PO15 7QD,2,0
E01032859,PO15 7JQ,2,0
E01035434,SO50 9FS,2,0
E01035436,SO50 9SU,2,0
E01035436,SO50 9RF,2,0
E01035436,SO50 9RG,2,0
E01035435,SO50 5BJ,2,50
E01035434,SO50 9FW,2,50
E01035434,SO50 9FX,2,0
E01035437,SO50 5RR,2,0
E01035437,SO50 5RP,2,0
E01035438,SO32 2RQ,2,50
E01035438,SO32 2GB,2,0
E01035438,SO32 2ST,2,50
E01035438,SO32 2XY,2,0
E01035439,SO30 2BH,2,0
E01035440,SO30 2JU,2,0
E01035440,SO30 2XQ,2,0
No Postcode,SO52 9AN,2,100
E01035448,SO14 3FP,2,0
No Postcode,SO19 7DH,2,0
E01017167,SO19 6ND,2,50
E01017165,SO19 6BA,2,0
E01017164,SO18 5FD,2,0
E01017165,SO19 6BP,2,50
E01017165,SO19 6GZ,2,50
E01017166,SO19 6DG,2,100
E01017166,SO19 6AR,2,0
E01017164,SO19 5LT,2,0
E01017164,SO19 5LW,2,50
E01017164,SO19 5SP,2,0
E01017164,SO19 8QR,2,0
E01017164,SO19 5LP,2,0
E01017164,SO19 5LR,2,0
E01017164,SO19 5LJ,2,0
E01017164,SO19 5LL,2,0
E01017164,SO19 5JW,2,0
E01017164,SO18 5QZ,2,0
E01017160,SO14 6GZ,2,0
E01017160,SO14 6GT,2,50
E01017160,SO14 6GW,2,50
E01017160,SO14 6GN,2,50
E01017160,SO14 6GA,2,50
E01017160,SO14 6HB,2,0
E01017160,SO14 6HN,2,0
E01017160,SO14 6HU,2,0
E01017160,SO14 6RA,2,0
E01017159,SO17 2ES,2,100
E01017158,SO17 1XP,2,0
E01017158,SO17 1XQ,2,0
E01017158,SO17 1TX,2,0
E01017163,SO19 6HY,2,50
E01017162,SO19 6QS,2,0
E01017162,SO19 6QU,2,0
E01017162,SO19 6FB,2,50
E01017162,SO19 6PX,2,0
E01017162,SO18 5TS,2,0
E01017162,SO19 5JJ,2,0
E01017162,SO19 5JQ,2,0
E01017175,SO18 1NE,2,0
E01017176,SO18 2AZ,2,0
E01017176,SO18 2AB,2,0
E01017176,SO18 2DN,2,0
E01017174,SO18 2FW,2,0
E01017174,SO18 2GB,2,50
E01017174,SO18 2DX,2,0
E01017174,SO18 2DQ,2,0
E01017173,SO18 4TS,2,0
E01017173,SO18 4HW,2,0
E01017173,SO18 1BN,2,0
E01017173,SO18 1QQ,2,50
E01017173,SO18 4GU,2,0
E01017173,SO18 4EJ,2,0
E01017173,SO18 4EL,2,0
E01017172,SO18 1EB,2,0
E01017172,SO18 1ED,2,0
E01017172,SO18 1DU,2,0
E01017172,SO18 1EF,2,50
E01017172,SO18 1AN,2,0
E01017171,SO18 4HY,2,0
E01017171,SO18 1FG,2,0
E01017171,SO18 1GU,2,50
E01017171,SO18 1BJ,2,0
E01017171,SO18 1BT,2,0
E01017169,SO19 0AD,2,0
E01017168,SO19 6RL,2,100
E01017167,SO19 8NG,2,0
E01017168,SO19 6GQ,2,0
E01017169,SO19 1DB,2,50
E01017169,SO19 0HP,2,0
E01017169,SO19 0HR,2,0
E01017170,SO19 0AN,2,0
E01017169,SO19 1DE,2,50
E01017154,SO14 5QL,2,0
E01017154,SO14 5QN,2,0
E01017155,SO14 6HR,2,0
E01017155,SO14 6HS,2,0
E01017155,SO14 0NE,2,0
E01017155,SO14 0EA,2,50
E01017155,SO14 0JP,2,100
E01017155,SO14 0JR,2,0
E01017155,SO14 0JT,2,0
E01017158,SO14 6TU,2,0
E01017158,SO14 6UW,2,0
E01017158,SO14 6TQ,2,0
E01017158,SO14 6QX,2,0
E01017157,SO14 6WP,2,0
E01017157,SO14 6WG,2,0
E01017157,SO14 6WJ,2,0
E01017156,SO14 0DF,2,0
E01017156,SO14 0DJ,2,0
E01017156,SO14 0FE,2,0
E01017156,SO14 0EX,2,100
E01017151,SO16 5PF,2,0
E01017152,SO15 7UA,2,50
E01017152,SO16 6DF,2,0
E01017150,SO16 7EE,2,50
E01017150,SO16 7DX,2,100
E01017150,SO16 7QB,2,50
E01017151,SO16 5LL,2,0
E01017151,SO16 5LN,2,0
E01017151,SO16 6LW,2,0
E01017152,SO16 6RH,2,0
E01017152,SO16 6RP,2,0
E01017152,SO16 6SX,2,50
E01017153,SO14 0BR,2,0
E01017144,SO16 3GA,2,0
E01017139,SO14 1PG,2,0
E01017144,SO16 3NR,2,0
E01017139,SO14 1PZ,2,50
E01017136,SO15 2BT,2,0
E01017136,SO15 2BX,2,0
E01017136,SO15 2DA,2,100
E01017136,SO15 1GF,2,0
E01017136,SO15 2DJ,2,50
E01017136,SO15 2GG,2,0
E01017136,SO15 2GL,2,0
E01017138,SO15 2NT,2,100
E01017138,SO15 5SN,2,0
E01017137,SO15 2HJ,2,0
E01017137,SO15 2HR,2,0
E01017137,SO15 2HF,2,0
E01017138,SO15 2HL,2,0
E01017138,SO15 2LT,2,0
E01017138,SO15 2HX,2,0
E01017138,SO15 2HY,2,100
E01017138,SO15 2HZ,2,0
E01017138,SO15 2JA,2,0
E01017149,SO16 3HL,2,0
E01017149,SO16 3GT,2,0
E01017150,SO16 7AB,2,50
E01017150,SO16 7BJ,2,0
E01017150,SO16 7BU,2,0
E01017148,SO16 7GZ,2,0
E01017148,SO16 7HA,2,0
E01017147,SO16 7LU,2,50
E01017145,SO16 7GF,2,100
E01017145,SO16 7FU,2,100
E01017145,SO16 7FW,2,0
E01017146,SO16 3JA,2,0
E01017146,SO16 3JB,2,0
E01017146,SO16 3HX,2,0
E01017145,SO16 7GJ,2,0
E01017145,SO16 3QP,2,0
E01017144,SO16 3PE,2,100
E01017144,SO16 3PJ,2,0
E01017145,SO16 3PD,2,0
E01017147,SO16 7AW,2,0
E01017147,SO16 7AX,2,0
E01017147,SO16 7AZ,2,100
E01017147,SO16 7BA,2,50
E01017147,SO16 7BB,2,0
E01017146,SO16 7PQ,2,0
E01017146,SO16 7PH,2,0
E01017146,SO16 7FJ,2,0
E01017146,SO16 7FL,2,50
E01017146,SO16 7FP,2,0
E01017146,SO16 7LX,2,50
E01017146,SO16 7FS,2,0
E01017146,SO16 3PW,2,50
E01017146,SO16 7EY,2,50
E01017192,SO15 3LB,2,0
E01017192,SO15 5FT,2,0
E01017192,SO15 3HE,2,0
E01017193,SO15 3ED,2,0
E01017193,SO15 3ER,2,0
E01017193,SO15 3DZ,2,0
E01017193,SO15 3SR,2,0
E01017194,SO15 1HL,2,0
E01017193,SO15 3JW,2,0
E01017193,SO15 3NY,2,0
E01017191,SO15 3DG,2,50
E01017191,SO15 5BH,2,0
E01017191,SO15 5EE,2,0
E01017191,SO15 5DZ,2,0
E01017190,SO15 2LJ,2,0
E01017189,SO15 5BY,2,0
E01017189,SO15 5EH,2,0
E01017190,SO15 2LX,2,0
E01017194,SO15 3EX,2,0
E01017194,SO15 3NQ,2,0
E01017194,SO15 3RS,2,0
E01017195,SO15 3AD,2,50
E01017195,SO15 3BN,2,50
E01017196,SO15 2JL,2,0
E01017195,SO15 3DE,2,0
E01017195,SO15 3BS,2,0
E01017196,SO15 2GS,2,0
E01017196,SO15 2NW,2,0
E01017196,SO15 2PD,2,0
E01017196,SO15 2PL,2,50
E01017196,SO15 2RY,2,50
E01017197,SO15 5AU,2,0
E01017198,SO18 5GZ,2,50
E01017179,SO18 2GR,2,0
E01017178,SO18 1LQ,2,0
E01017179,SO18 2AX,2,0
E01017179,SO18 2BA,2,0
E01017178,SO18 1LS,2,0
E01017179,SO18 2AF,2,0
E01017176,SO18 4QG,2,0
E01017177,SO18 1NP,2,0
E01017180,SO16 8FD,2,0
E01017179,SO18 2RH,2,0
E01017180,SO16 8HU,2,0
E01017183,SO16 8HX,2,50
E01017181,SO16 8GL,2,50
E01017181,SO16 8GQ,2,0
E01017185,SO16 5NT,2,0
E01017185,SO16 5NU,2,50
E01017186,SO16 5GY,2,0
E01017186,SO16 5GJ,2,50
E01017185,SO16 5NR,2,0
E01017184,SO16 8BU,2,0
E01017188,SO16 5JU,2,0
E01017189,SO15 5AZ,2,50
E01017188,SO16 5HB,2,0
E01017188,SO16 5ET,2,0
E01017187,SO16 5JZ,2,0
E01017198,SO18 5RB,2,0
E01017198,SO18 5TE,2,50
E01017198,SO18 5HX,2,0
E01017198,SO18 5HY,2,50
E01017198,SO18 5HZ,2,50
E01017198,SO18 5JA,2,50
E01017198,SO18 5JD,2,50
E01017198,SO18 5HS,2,0
E01017199,SO18 6NT,2,50
E01017199,SO18 6RX,2,0
E01017199,SO18 6NL,2,0
E01017199,SO18 6NQ,2,0
E01017199,SO18 5NF,2,50
E01017199,SO18 6AG,2,0
E01017199,SO18 6AT,2,0
E01017199,SO18 5QW,2,0
E01017199,SO18 5SW,2,0
E01017201,SO18 2BX,2,0
E01017200,SO18 6TJ,2,0
E01017200,SO18 6TL,2,0
E01017200,SO18 6SN,2,0
E01017200,SO18 6BN,2,50
E01017200,SO18 6LY,2,50
E01017200,SO18 6BB,2,0
E01017203,SO18 4RT,2,0
E01017203,SO18 4FR,2,0
E01017204,SO18 5QB,2,0
E01017205,SO18 5FY,2,0
E01017205,SO18 5DS,2,50
E01017206,SO18 5SR,2,0
E01017206,SO18 6PL,2,0
E01017213,SO15 8QJ,2,0
E01017213,SO15 8QN,2,50
E01017213,SO15 3JY,2,50
E01017213,SO15 8PS,2,0
E01017211,SO16 4GS,2,0
E01017211,SO16 4FS,2,0
E01017211,SO16 4RS,2,0
E01017212,SO15 4GW,2,0
E01017212,SO15 4HL,2,50
E01017212,SO16 4LE,2,0
E01017214,SO15 4JD,2,0
E01017214,SO15 4JL,2,50
E01017215,SO15 4AH,2,0
E01017214,SO15 8PL,2,0
E01017216,SO15 3FY,2,0
E01017216,SO15 8AN,2,0
E01017216,SO15 8AP,2,100
E01017215,SO15 8AJ,2,0
E01017215,SO15 8NZ,2,0
E01017215,SO15 8PF,2,0
E01017215,SO15 4JZ,2,0
E01017215,SO15 4HX,2,100
E01017215,SO15 4JB,2,0
E01017209,SO16 4GE,2,0
E01017210,SO16 4NU,2,0
E01017210,SO16 4AY,2,0
E01017211,SO15 3JQ,2,50
E01017211,SO15 3ND,2,0
E01017211,SO15 3NF,2,50
E01017211,SO15 4GT,2,0
E01017211,SO15 4GU,2,0
E01017211,SO15 8NA,2,0
E01017207,SO16 4JE,2,0
E01017207,SO16 4EG,2,0
E01017208,SO16 4BJ,2,0
E01017208,SO16 4BN,2,50
E01017208,SO16 4QY,2,0
E01017209,SO16 4FN,2,0
E01017209,SO16 4GA,2,0
E01032748,SO14 3QR,2,50
E01032748,SO14 2AW,2,50
E01032748,SO14 2BR,2,0
E01032746,SO14 3JG,2,0
E01032746,SO14 3HU,2,0
E01032750,SO14 0JH,2,100
E01032751,SO14 3BS,2,50
E01032751,SO14 3BP,2,0
E01032751,SO14 3FE,2,50
E01032746,SO14 3EN,2,0
E01032746,SO14 3EZ,2,50
E01032745,SO14 5GN,2,0
E01032745,SO14 3LA,2,0
E01023173,SO16 8AU,2,0
E01032738,SO14 6FN,2,50
E01032738,SO14 6FH,2,0
E01023245,SO30 2DR,2,0
E01023245,SO30 2PN,2,0
E01032738,SO15 2FB,2,0
E01032738,SO15 2AZ,2,0
E01032738,SO15 2EA,2,0
E01023078,SO40 3FQ,2,0
E01023047,SO40 4YB,2,100
E01023049,SO40 4YX,2,0
E01023077,SO40 3AL,2,0
E01023081,SO40 2UU,2,0
E01023088,SO40 3FW,2,50
E01023088,SO40 3GE,2,0
E01023088,SO40 8EF,2,100
E01023088,SO40 8SD,2,0
E01023089,SO40 8UQ,2,0
E01023171,SO16 7LD,2,0
E01023087,SO40 7JY,2,0
E01023152,SO51 8FD,2,0
E01023191,SO52 9GY,2,0
E01023173,SO16 8DP,2,50
E01023172,SO16 8JY,2,0
E01023172,SO16 8LN,2,0
E01023171,SO16 8NL,2,0
E01023172,SO16 0XD,2,0
E01023172,SO16 0XG,2,0
E01023245,PO15 7PW,2,0
E01023206,SO51 5BG,2,0
E01023208,SO51 7LX,2,0
E01023245,SO30 2ZG,2,0
E01023192,SO52 9EZ,2,0
E01023210,SO53 4LR,2,0
E01023210,SO53 4QT,2,0
E01023213,SO53 4LU,2,0
E01023065,BH24 1SJ,2,0
E01022718,SO18 3PE,2,0
E01022789,PO14 4TF,2,0
E01022978,SO40 7HS,2,50
E01022988,BH25 5UD,2,0
E01022994,BH23 8JF,2,0
E01023003,SO45 4PY,2,100
E01022788,PO14 4PT,2,0
E01022780,PO15 5LN,2,0
E01022782,PO15 5NZ,2,0
E01022783,PO15 5NL,2,0
E01022786,PO14 4FH,2,100
E01022786,PO14 4JT,2,0
E01022786,PO14 4JY,2,0
E01022788,PO14 4PL,2,0
E01022756,SO31 6DB,2,0
E01022755,SO31 7ET,2,50
E01022771,PO15 7JF,2,0
E01022772,SO31 1BT,2,0
E01022774,PO15 7EW,2,0
E01022774,PO15 7LT,2,0
E01022774,PO15 7NR,2,0
E01022719,SO30 3BA,2,0
E01022718,SO30 3AD,2,100
E01022718,SO30 3AF,2,0
E01022718,SO18 3PS,2,100
E01022719,SO30 3BR,2,0
E01022719,SO30 3DF,2,0
E01022719,SO30 3BH,2,50
E01022719,SO30 3ES,2,50
E01022719,SO30 3HA,2,0
E01022723,PO16 0NT,2,0
E01022752,SO31 6FB,2,0
E01022717,SO18 3ND,2,0
E01022717,SO18 3QN,2,0
E01022716,SO18 3NQ,2,0
E01022716,SO18 3QH,2,50
E01022680,SO53 3GW,2,50
E01022680,SO53 3GX,2,100
E01022683,SO50 7HD,2,0
E01022684,SO50 7FX,2,0
E01022685,SO50 7NF,2,0
E01022674,SO50 4RD,2,0
E01022698,SO30 0BZ,2,0
E01022690,SO31 4LG,2,0
E01022698,SO30 4DJ,2,50
E01022694,SO30 2AW,2,0
E01022688,SO31 4JB,2,0
E01022689,SO31 5FR,2,0
E01022689,SO31 8GD,2,0
E01022689,SO31 8LR,2,0
E01022689,SO31 8LS,2,0
E01022679,SO50 5FZ,2,0
E01022713,SO30 3JR,2,0
E01022713,SO30 3HS,2,0
E01022713,SO30 3HU,2,0
E01022714,SO30 3FU,2,100
E01022715,SO30 3FH,2,0
E01022715,SO18 3NE,2,0
E01022715,SO30 3JL,2,50
E01022714,SO30 3JU,2,0
E01022715,SO18 3LN,2,50
E01022710,SO31 5DW,2,50
E01022708,SO53 5RW,2,50
E01022712,SO31 5GN,2,0
E01022712,SO31 5GS,2,0
E01022712,SO31 5GU,2,0
E01022711,SO31 5EP,2,50
E01022711,SO31 5EQ,2,0
E01022711,SO31 5FH,2,0
E01017266,SO16 2HY,2,0
E01017265,SO18 2RF,2,50
E01017266,SO16 3BG,2,0
E01017266,SO16 3BR,2,100
E01017266,SO16 3BS,2,100
E01017265,SO18 2LL,2,0
E01017265,SO18 2LU,2,50
E01017265,SO18 2LW,2,50
E01017267,SO17 3SU,2,50
E01017270,SO16 3EE,2,100
E01017270,SO16 3DW,2,100
E01017267,SO18 2JP,2,0
E01017270,SO16 3EG,2,50
E01017271,SO16 2NP,2,0
E01017271,SO16 2NX,2,0
E01017271,SO16 2PD,2,50
E01017271,SO16 3DX,2,0
E01017272,SO16 3JP,2,0
E01017273,SO19 9DH,2,0
E01017261,SO19 8FD,2,0
E01017262,SO19 0EQ,2,50
E01017261,SO19 9RB,2,0
E01017261,SO19 9AR,2,0
E01017260,SO19 1BJ,2,0
E01017260,SO19 1BP,2,0
E01017264,SO18 2JX,2,50
E01017264,SO18 2QS,2,0
E01017264,SO18 2QW,2,50
E01017265,SO18 2HY,2,0
E01017264,SO16 2JH,2,0
E01017264,SO16 3BN,2,0
E01017264,SO18 2JU,2,0
E01017262,SO19 0SR,2,0
E01017263,SO19 9LR,2,0
E01022654,SO31 8FU,2,0
E01022652,SO30 2EW,2,0
E01017342,PO33 3PR,2,50
E01017640,HP20 1JS,2,100
E01022656,SO19 6AJ,2,0
E01022656,SO19 6AW,2,0
E01022655,SO31 8JB,2,50
E01022655,SO31 8LA,2,0
E01022656,SO19 6DY,2,50
E01022656,SO31 8LW,2,0
E01022656,SO19 6HD,2,0
E01022656,SO31 8JD,2,100
E01022656,SO31 8PB,2,0
E01022656,SO31 8PD,2,50
E01022657,SO30 0AS,2,100
E01022657,SO31 1AR,2,0
E01022656,SO31 8ND,2,0
E01022658,SO31 8AY,2,0
E01022661,SO53 2RT,2,0
E01022662,SO53 3ED,2,0
E01022662,SO53 3NE,2,0
E01022658,SO31 8DH,2,50
E01022657,SO31 8PG,2,0
E01022658,SO31 8AE,2,0
E01022656,SO31 8NY,2,50
E01022657,SO31 8JJ,2,0
E01022656,SO31 8NU,2,100
E01022657,SO31 1EW,2,0
E01022657,SO31 8AL,2,0
E01022663,SO53 3DS,2,0
E01022663,SO53 3DX,2,0
E01022664,SO53 2QH,2,0
E01022666,SO50 5JN,2,0
E01022666,SO50 9PJ,2,0
E01022667,SO50 9DN,2,0
E01022667,SO50 9DY,2,50
E01022669,SO50 5HH,2,0
E01022671,SO50 9BL,2,0
E01017281,SO19 9GL,2,0
E01017280,SO19 9NN,2,50
E01017280,SO19 9NR,2,0
E01017279,SO19 9QW,2,50
E01017273,SO19 9GY,2,0
E01017275,SO19 9FB,2,50
E01017276,SO19 9EA,2,50
E01017276,SO19 9BP,2,0
E01017276,SO19 9AF,2,0
E01017275,SO19 9HP,2,0
E01017218,SO19 7JS,2,0
E01017217,SO19 7AW,2,0
E01017217,SO19 7AJ,2,0
E01017217,SO19 7AR,2,0
E01017216,SO15 8LH,2,50
E01017220,SO19 2RG,2,0
E01017221,SO19 2EG,2,0
E01017221,SO19 2EA,2,0
E01017219,SO19 2DR,2,0
E01017218,SO19 7SE,2,0
E01017219,SO19 7GP,2,0
E01017221,SO19 2QU,2,0
E01017222,SO19 2DQ,2,0
E01017226,SO17 1EE,2,50
E01017226,SO17 1EH,2,0
E01017226,SO17 1ER,2,50
E01017225,SO19 7BD,2,50
E01017225,SO19 2QE,2,0
E01017224,SO19 7RL,2,100
E01017224,SO19 7BW,2,0
E01017238,SO16 4HU,2,0
E01017237,SO16 9EN,2,0
E01017237,SO16 9BY,2,50
E01017238,SO16 9RZ,2,0
E01017238,SO16 9EU,2,50
E01017238,SO16 4PW,2,0
E01017238,SO16 4HX,2,0
E01017238,SO16 4JD,2,0
E01017237,SO16 9SB,2,0
E01017235,SO17 2NF,2,50
E01017235,SO17 2NG,2,50
E01017235,SO17 2HF,2,0
E01017234,SO17 2TD,2,0
E01017236,SO16 9HP,2,0
E01017236,SO16 9HU,2,50
E01017231,SO17 1RR,2,0
E01017231,SO17 1RS,2,0
E01017228,SO17 2TY,2,0
E01017228,SO17 2WQ,2,50
E01017231,SO17 1SJ,2,50
E01017231,SO17 1UJ,2,0
E01017231,SO17 3RD,2,0
E01017231,SO17 3SD,2,0
E01017227,SO17 2GS,2,50
E01017226,SO17 1LA,2,0
E01017233,SO17 2WR,2,50
E01017234,SO17 1AE,2,0
E01017234,SO17 2FG,2,0
E01017234,SO17 1TD,2,50
E01017234,SO17 1TF,2,0
E01017233,SO17 2NA,2,0
E01017233,SO17 2JB,2,50
E01017233,SO17 2FL,2,0
E01017232,SO17 1WF,2,0
E01017232,SO17 1RJ,2,0
E01017232,SO17 1PX,2,0
E01017232,SO17 1QZ,2,0
E01017232,SO17 1RB,2,0
E01017232,SO17 1RD,2,0
E01017242,SO16 9FH,2,50
E01017243,SO16 5EJ,2,0
E01017244,SO16 9NW,2,0
E01017244,SO16 9PD,2,50
E01017244,SO16 9PG,2,0
E01017242,SO16 9RA,2,50
E01017242,SO16 9QF,2,0
E01017240,SO16 9AS,2,0
E01017240,SO15 0NF,2,50
E01017240,SO15 0NJ,2,100
E01017240,SO15 0NN,2,0
E01017239,SO16 9AF,2,0
E01017246,SO16 6UH,2,0
E01017246,SO16 6UJ,2,50
E01017246,SO15 5SQ,2,0
E01017246,SO15 5RD,2,0
E01017246,SO15 5QX,2,50
E01017245,SO16 9GD,2,0
E01017248,SO15 7QE,2,0
E01017247,SO15 5FX,2,50
E01017247,SO15 5NJ,2,0
E01017250,SO15 5QE,2,0
E01017250,SO15 5PL,2,50
E01017249,SO15 7NR,2,0
E01017249,SO15 7NS,2,0
E01017249,SO15 7PL,2,0
E01017249,SO15 7PN,2,0
E01017249,SO15 7NG,2,0
E01017249,SO15 7PU,2,0
E01017250,SO15 3NP,2,0
E01017250,SO15 5PB,2,0
E01017250,SO15 5LU,2,0
E01017252,SO15 7NW,2,0
E01017252,SO15 7RA,2,0
E01017252,SO16 7NY,2,50
E01017254,SO15 5JY,2,0
E01017254,SO15 5LZ,2,0
E01017253,SO16 6BG,2,0
E01017258,SO19 8EW,2,0
E01017257,SO19 8RT,2,0
E01017258,SO19 8ET,2,50
E01017258,SO19 8LS,2,0
E01017258,SO19 8JW,2,0
E01017256,SO19 8NT,2,50
E01017256,SO19 8PA,2,0
E01017257,SO19 8GG,2,50
E01017256,SO19 7NN,2,0
E01017256,SO19 8AL,2,0
E01017254,SO16 6UG,2,0
E01017254,SO15 5NZ,2,0
E01017254,SO16 6HP,2,0
E01017254,SO16 6HH,1,0
E01017255,SO19 8AG,1,0
E01017257,SO19 8GW,1,0
E01017257,SO19 8RN,1,100
E01017257,SO19 1AD,1,0
E01017258,SO19 8JX,1,0
E01017259,SO19 8FU,1,0
E01017258,SO19 8AE,1,100
E01017257,SO19 8RS,1,100
E01017253,SO16 6DH,1,0
E01017252,SO15 7QY,1,0
E01017250,SO15 5LW,1,0
E01017250,SO15 5LJ,1,100
E01017250,SO15 3NL,1,0
E01017249,SO15 7NP,1,100
E01017249,SO15 7NQ,1,0
E01017249,SO15 5JE,1,0
E01017251,SO16 6HQ,1,100
E01017247,SO15 5QT,1,100
E01017247,SO15 5GE,1,0
E01017247,SO15 5GT,1,100
E01017247,SO15 5GU,1,0
E01017248,SO15 5JN,1,0
E01017248,SO15 5JQ,1,0
E01017249,SO15 5FH,1,100
E01017249,SO15 5HS,1,0
E01017245,SO16 9HY,1,0
E01017246,SO15 5QJ,1,0
E01017246,SO15 5LS,1,0
E01017246,SO15 5RX,1,100
E01017246,SO15 5SE,1,0
E01017246,SO15 5SF,1,0
E01017246,SO16 6AB,1,0
E01017239,SO15 0NL,1,0
E01017239,SO15 0NW,1,0
E01017239,SO15 0NX,1,0
E01017240,SO16 9BW,1,0
E01017240,SO16 9BQ,1,0
E01017241,SO16 9QS,1,0
E01017243,SO16 5FH,1,0
E01017243,SO16 5EH,1,100
E01017243,SO16 5DT,1,100
E01017243,SO16 5AP,1,0
E01017243,SO16 5AH,1,0
E01017232,SO17 1PZ,1,0
E01017232,SO17 1RG,1,0
E01017233,SO17 2NB,1,100
E01017233,SO17 2NN,1,0
E01017233,SO17 2NS,1,0
E01017233,SO17 2JY,1,0
E01017233,SO17 2LL,1,0
E01017234,SO17 1SA,1,0
E01017234,SO17 2AG,1,100
E01017226,SO17 1UX,1,0
E01017226,SO17 1UZ,1,0
E01017226,SO17 1WY,1,0
E01017227,SO17 2EX,1,0
E01017227,SO17 2GX,1,0
E01017227,SO17 2HA,1,100
E01017227,SO17 2US,1,0
E01017228,SO17 2AH,1,0
E01017228,SO17 2HR,1,0
E01017228,SO17 2JH,1,100
E01017228,SO17 2HZ,1,0
E01017231,SO17 3RF,1,0
E01017231,SO17 3RG,1,0
E01017231,SO17 3RH,1,0
E01017231,SO17 3RJ,1,0
E01017231,SO17 3AF,1,0
E01017231,SO17 1RX,1,0
E01017235,SO17 2WE,1,0
E01017236,SO16 9JJ,1,0
E01017236,SO16 9JG,1,0
E01017234,SO17 2TE,1,100
E01017235,SO17 2FB,1,0
E01017234,SO17 2LY,1,0
E01017234,SO17 2TB,1,0
E01017235,SO17 2NJ,1,0
E01017235,SO17 2HN,1,0
E01017239,SO15 0AN,1,0
E01017237,SO16 9DJ,1,0
E01017237,SO16 9EP,1,0
E01017237,SO16 9QY,1,0
E01017237,SO16 9JL,1,0
E01017237,SO16 9JT,1,100
E01017224,SO19 7BP,1,0
E01017224,SO19 7RB,1,100
E01017225,SO19 2BN,1,0
E01017225,SO19 7AZ,1,0
E01017226,SO17 1ET,1,0
E01017226,SO17 1EU,1,0
E01017226,SO17 1EX,1,0
E01017226,SO17 1EZ,1,0
E01017226,SO17 1HD,1,0
E01017226,SO17 1DY,1,0
E01017225,SO19 7RR,1,0
E01017226,SO17 1AJ,1,0
E01017226,SO17 1AN,1,0
E01017225,SO19 7NE,1,0
E01017222,SO19 2DN,1,0
E01017224,SO18 5RS,1,0
E01017223,SO19 4BX,1,0
E01017223,SO19 4BU,1,0
E01017219,SO19 7GX,1,0
E01017219,SO19 7GH,1,0
E01017219,SO19 2AP,1,100
E01017219,SO19 7GF,1,0
E01017220,SO19 2RU,1,0
E01017221,SO19 2DL,1,0
E01017216,SO15 8LJ,1,0
E01017216,SO15 8RX,1,0
E01017217,SO19 7JL,1,0
E01017276,SO19 9AA,1,0
E01017276,SO19 9DZ,1,0
E01017275,SO19 9EX,1,0
E01017274,SO19 9RW,1,0
E01017279,SO19 9EN,1,0
E01017276,SO19 9SA,1,0
E01017276,SO19 9TN,1,0
E01017276,SO19 9TG,1,100
E01017276,SO19 9US,1,0
E01017277,SO19 9HR,1,0
E01017279,SO19 9SH,1,0
E01017280,SO19 9GP,1,0
E01022672,SO50 4HQ,1,0
E01022672,SO50 4LB,1,0
E01022672,SO50 4PA,1,0
E01022672,SO50 4PR,1,0
E01022670,SO50 5TB,1,100
E01022670,SO50 5TF,1,0
E01022670,SO50 5TR,1,100
E01022673,SO50 4HG,1,100
E01022673,SO50 4JE,1,100
E01022674,SO50 4NF,1,0
E01022674,SO50 4NH,1,0
E01022674,SO50 4NQ,1,0
E01022674,SO50 4NR,1,0
E01022669,SO50 5JG,1,100
E01022669,SO50 5LQ,1,0
E01022667,SO50 9EW,1,0
E01022667,SO50 9QX,1,0
E01022667,SO50 9DX,1,0
E01022666,SO50 9BS,1,0
E01022666,SO50 9DA,1,0
E01022665,SO53 2PU,1,0
E01022665,SO53 3LQ,1,0
E01022665,SO53 4SZ,1,0
E01022666,SO50 5HB,1,0
E01022657,SO31 8BE,1,0
E01022656,SO31 8NW,1,0
E01022657,SO31 8GH,1,0
E01022657,SO31 8HE,1,0
E01022658,SO31 8AH,1,0
E01022658,SO31 8AS,1,0
E01022657,SO31 8LN,1,0
E01022657,SO31 8LP,1,0
E01022658,SO31 8EP,1,0
E01022658,SO31 8GS,1,0
E01022659,SO53 2JB,1,0
E01022659,SO53 2JE,1,0
E01022659,SO53 2NH,1,0
E01022659,SO53 2NL,1,0
E01022660,SO53 2LF,1,0
E01022660,SO53 2NA,1,0
E01022661,SO53 2EX,1,0
E01022663,SO53 3AF,1,0
E01022662,SO53 3BN,1,0
E01022658,SO31 8DF,1,0
E01022658,SO31 8DG,1,0
E01022657,SO31 8PF,1,0
E01022656,SO31 8NF,1,0
E01022657,SO31 1EU,1,0
E01022656,SO31 8JQ,1,0
E01022656,SO19 0QS,1,100
E01022656,SO19 6AH,1,0
E01022656,SO19 6DU,1,0
E01022656,SO31 8DR,1,0
E01022656,SO31 8FF,1,0
E01022524,RG21 5LQ,1,100
E01022534,RG25 3HG,1,0
E01022549,RG22 6QU,1,0
E01022556,RG26 4PY,1,0
E01022642,GU35 9RF,1,0
E01022643,SO50 8LQ,1,0
E01022643,SO50 8NZ,1,0
E01022646,SO50 8GE,1,0
E01022646,SO50 8LJ,1,0
E01022647,SO50 6DX,1,0
E01022647,SO50 6JE,1,100
E01022648,SO50 6PA,1,100
E01022649,SO50 6GR,1,100
E01022650,SO50 6LY,1,0
E01022651,SO30 0FF,1,0
E01022651,SO30 0PP,1,0
E01022652,SO30 2ES,1,0
E01022652,SO30 2EY,1,0
E01022654,SO31 8FX,1,0
E01022655,SO31 8HW,1,0
E01017263,SO19 9LS,1,100
E01017263,SO19 1BG,1,0
E01017262,SO19 1DT,1,0
E01017262,SO19 9NA,1,0
E01017264,SO16 2NJ,1,100
E01017264,SO16 2JD,1,100
E01017265,SO18 2HH,1,0
E01017264,SO18 2RA,1,100
E01017260,SO19 1BQ,1,0
E01017260,SO19 1DN,1,0
E01017259,SO19 8RZ,1,0
E01017259,SO19 8FZ,1,0
E01017261,SO19 9AS,1,0
E01017261,SO19 8TA,1,0
E01017262,SO19 0QZ,1,0
E01017261,SO19 8FL,1,0
E01017261,SO19 8FQ,1,100
E01017261,SO19 8PN,1,100
E01017272,SO16 3JG,1,0
E01017271,SO16 2PB,1,0
E01017271,SO16 2NW,1,0
E01017270,SO16 3DQ,1,0
E01017266,SO16 3LH,1,0
E01017265,SO18 2LD,1,0
E01017265,SO18 2RL,1,100
E01022711,SO31 5GP,1,0
E01022712,SO31 5AL,1,0
E01022712,SO31 5BJ,1,100
E01022712,SO31 5GE,1,0
E01022712,SO31 5GF,1,0
E01022712,SO31 5GY,1,0
E01022712,SO31 5PH,1,0
E01022713,SO30 2EF,1,0
E01022713,SO30 2HG,1,0
E01022713,SO30 3HQ,1,0
E01022710,SO31 5BP,1,0
E01022710,SO31 5BS,1,0
E01022710,SO31 5DG,1,0
E01022710,SO31 5DP,1,0
E01022710,SO31 5JD,1,0
E01022711,SO31 5AZ,1,100
E01022711,SO31 5BA,1,0
E01022702,SO30 4SR,1,0
E01022702,SO30 4TA,1,0
E01022703,SO30 2AN,1,0
E01022703,SO30 2GR,1,0
E01022704,SO53 2AY,1,0
E01022704,SO53 2LL,1,0
E01022705,SO53 1EL,1,0
E01022705,SO53 1EQ,1,0
E01022707,SO53 1SF,1,100
E01022708,SO53 5NL,1,0
E01022708,SO53 5QN,1,0
E01022715,SO18 3LL,1,0
E01022715,SO30 3AL,1,100
E01022715,SO30 3AN,1,0
E01022715,SO30 3AR,1,0
E01022715,SO30 3BW,1,0
E01022715,SO30 3JH,1,0
E01022715,SO18 3LW,1,0
E01022715,SO18 3NB,1,0
E01022714,SO30 3FX,1,0
E01022714,SO30 3GA,1,0
E01022714,SO30 3FL,1,0
E01022714,SO30 3FQ,1,0
E01022711,SO31 5BY,1,0
E01022713,SO30 3JQ,1,0
E01022689,SO31 8LT,1,100
E01022688,SO31 4JD,1,0
E01022688,SO31 4QU,1,0
E01022688,SO31 4RY,1,100
E01022689,SO31 4PD,1,0
E01022694,SO30 2QD,1,0
E01022694,SO30 2RD,1,0
E01022695,SO30 0JN,1,0
E01022695,SO30 0JT,1,0
E01022696,SO30 0JX,1,0
E01022697,SO30 4DW,1,0
E01022680,SO53 3GG,1,0
E01022680,SO53 3GH,1,0
E01022690,SO31 4HX,1,100
E01022690,SO31 4JW,1,0
E01022699,SO30 0AN,1,0
E01022699,SO30 0AQ,1,0
E01022700,SO30 2WB,1,0
E01022700,SO30 4DT,1,0
E01022700,SO30 4EJ,1,100
E01022700,SO30 4NP,1,0
E01022701,SO30 4EX,1,0
E01022701,SO30 4GD,1,0
E01022691,SO30 2XG,1,0
E01022693,SO30 2TB,1,0
E01022698,SO19 6AN,1,0
E01022698,SO30 0DN,1,0
E01022698,SO30 4BE,1,0
E01022698,SO30 4BG,1,0
E01022675,SO50 4PU,1,0
E01022675,SO50 4RW,1,0
E01022676,SO50 4LS,1,0
E01022678,SO50 9JN,1,0
E01022678,SO50 9JT,1,100
E01022678,SO50 9JX,1,0
E01022678,SO50 9NR,1,0
E01022678,SO50 9NS,1,0
E01022679,SO50 5NG,1,0
E01022679,SO50 5PG,1,0
E01022679,SO50 5QP,1,100
E01022680,SO53 3AS,1,0
E01022679,SO50 5AS,1,0
E01022669,SO50 5SU,1,0
E01022686,SO50 7HR,1,0
E01022688,SO31 4FD,1,0
E01022680,SO53 3SF,1,0
E01022681,SO50 9LW,1,0
E01022681,SO53 3ER,1,0
E01022681,SO53 3HW,1,0
E01022681,SO53 3RR,1,100
E01022682,SO50 7LR,1,0
E01022682,SO50 7NN,1,100
E01022682,SO50 7QL,1,0
E01022683,SO50 7GJ,1,0
E01022683,SO50 7GU,1,0
E01022716,SO18 3RB,1,0
E01022715,SO30 3RJ,1,0
E01022716,SO18 3LB,1,0
E01022718,SO18 3AF,1,0
E01022717,SO18 3NP,1,100
E01022717,SO18 3PN,1,0
E01022717,SO18 3AE,1,0
E01022752,SO31 6NF,1,0
E01022752,SO31 6RT,1,0
E01022754,SO31 1FD,1,0
E01022754,SO31 7NT,1,0
E01022726,PO16 7UN,1,0
E01022733,PO15 6DG,1,0
E01022741,PO14 3BH,1,0
E01022749,SO31 6QR,1,0
E01022750,SO31 6TY,1,0
E01022719,SO30 3EY,1,0
E01022719,SO30 3BN,1,100
E01022719,SO30 3DT,1,0
E01022719,SO30 3DX,1,0
E01022719,SO30 3ER,1,0
E01022718,SO18 3PW,1,0
E01022718,SO18 3PD,1,0
E01022718,SO30 3AB,1,0
E01022719,SO30 3BE,1,0
E01022719,SO30 3AW,1,0
E01022772,SO31 1BY,1,100
E01022772,PO15 7ER,1,100
E01022772,PO15 7NN,1,0
E01022755,SO31 7NS,1,0
E01022756,SO31 6ES,1,0
E01022757,SO31 6WW,1,0
E01022757,SO31 6XD,1,0
E01022758,SO31 7FZ,1,0
E01022758,SO31 7GQ,1,100
E01022758,SO31 7LR,1,100
E01022758,SO31 7PF,1,0
E01022770,PO16 9TA,1,100
E01022788,PO14 4PN,1,0
E01022782,PO14 4NY,1,0
E01022782,PO15 5NP,1,0
E01022777,PO14 2HD,1,0
E01022780,PO15 5AR,1,0
E01022788,PO14 4SE,1,0
E01022789,PO14 4PJ,1,0
E01022789,PO14 4QJ,1,0
E01022793,SO31 9DE,1,0
E01022826,PO13 8HJ,1,0
E01022925,PO10 7GW,1,0
E01022926,PO10 7RA,1,0
E01022954,PO9 1AN,1,100
E01022977,SO40 7BW,1,0
E01023003,SO45 4PZ,1,0
E01023006,SO45 3PW,1,0
E01023007,SO45 5HE,1,0
E01023010,SO45 5UE,1,0
E01023013,SO45 1YP,1,0
E01023000,SO42 7SA,1,0
E01023000,SO42 7TF,1,0
E01023000,SO42 7TX,1,0
E01023002,SO41 8NN,1,0
E01022991,SO41 6AS,1,0
E01022979,SO40 7GF,1,0
E01022980,SO40 2RW,1,100
E01022978,SO40 2NG,1,0
E01023075,SO40 8WB,1,0
E01023076,SO40 3GX,1,0
E01023076,SO40 3GY,1,100
E01023076,SO40 3HL,1,0
E01023076,SO40 3HU,1,0
E01023076,SO40 3LJ,1,0
E01023077,SO40 3AH,1,0
E01023020,BH25 5EE,1,0
E01023028,SO45 3FY,1,0
E01023031,SO45 2NT,1,0
E01023032,SO45 2LE,1,100
E01023037,SO45 6ER,1,0
E01023037,SO45 6FB,1,0
E01023041,SO41 3RF,1,0
E01023047,SO40 4UZ,1,0
E01023213,SO53 4NH,1,0
E01023220,SO32 1DB,1,0
E01023228,SO21 1TD,1,100
E01023241,SO22 6QA,1,100
E01023210,SO53 4RL,1,0
E01023211,SO53 4HT,1,0
E01023212,SO53 4LW,1,0
E01023212,SO53 4QJ,1,0
E01023212,SO53 4TP,1,0
E01023192,SO52 9FP,1,0
E01023192,SO52 9PJ,1,0
E01023193,SO52 9AA,1,0
E01023193,SO52 9HT,1,0
E01023193,SO52 9LX,1,0
E01023194,SO52 9GA,1,0
E01023194,SO52 9GH,1,100
E01023245,SO32 2BD,1,100
E01023245,SO32 2DS,1,0
E01023252,SO23 7XD,1,0
E01023259,SO22 5SA,1,0
E01023265,SO23 9RG,1,100
E01023269,SO22 5GG,1,0
E01023271,SO32 2JD,1,0
E01023273,SO32 2UD,1,0
E01027976,NG17 5AD,1,0
E01028799,OX29 6AH,1,0
E01032016,SP1 3AY,1,100
E01023208,SO51 7PL,1,100
E01023245,SO30 2BY,1,0
E01023245,SO30 2DG,1,0
E01023245,PO15 7PX,1,0
E01023245,PO15 7PY,1,100
E01023245,PO15 7QT,1,0
E01023245,PO15 7QY,1,0
E01023245,PO15 7RU,1,0
E01023172,SO16 0XW,1,0
E01023172,SO16 8AA,1,0
E01023171,SO16 8NP,1,0
E01023171,SO16 8NQ,1,0
E01023173,SO16 8AD,1,100
E01023172,SO16 8LL,1,0
E01023172,SO16 0TN,1,0
E01023172,SO16 8AH,1,0
E01023172,SO16 8JU,1,0
E01023173,SO16 8DQ,1,0
E01023173,SO16 8FU,1,0
E01023173,SO16 8JA,1,0
E01023173,SO16 8JD,1,0
E01023173,SO16 8AZ,1,0
E01023191,SO52 9NB,1,100
E01023191,SO52 9ND,1,0
E01023192,SO52 9AD,1,0
E01023192,SO52 9AQ,1,100
E01023173,SO16 8LT,1,0
E01023174,SO51 7HT,1,0
E01023174,SO51 7JW,1,0
E01023174,SO51 7TR,1,0
E01023184,SO51 0PU,1,100
E01023191,SO52 9AL,1,100
E01023152,SO51 8LL,1,0
E01023158,SO51 9BX,1,0
E01023158,SO53 5NG,1,0
E01023162,SO51 0GB,1,0
E01023163,SO51 6BH,1,0
E01023170,SO16 0AR,1,0
E01023170,SO16 0BN,1,0
E01023087,SO40 7QF,1,0
E01023170,SO16 0UX,1,0
E01023170,SO16 0XH,1,0
E01023171,SO16 7LG,1,0
E01023171,SO16 7LH,1,0
E01023171,SO16 8AP,1,0
E01023170,SO16 0TA,1,0
E01023170,SO16 0XP,1,0
E01023170,SO16 0XQ,1,0
E01023170,SO16 0XZ,1,0
E01023170,SO16 0YA,1,0
E01023170,SO16 0YF,1,0
E01023170,SO16 8JR,1,0
E01023170,SO16 8LG,1,0
E01023171,SO16 3ET,1,0
E01023171,SO16 3NG,1,0
E01023171,SO16 7HE,1,0
E01023171,SO16 7HS,1,100
E01023171,SO16 7HX,1,0
E01023090,SO40 8FJ,1,0
E01023090,SO40 8XT,1,100
E01023150,SO51 8WJ,1,0
E01023151,SO51 8ED,1,100
E01023152,SO51 8BU,1,0
E01023089,SO40 8BX,1,100
E01023089,SO40 8FD,1,0
E01023082,SO40 2SZ,1,0
E01023083,SO40 2GJ,1,0
E01023083,SO40 2TN,1,0
E01023084,SO40 9EL,1,100
E01023084,SO40 9JL,1,0
E01023085,SO40 9FL,1,0
E01023085,SO40 9FN,1,100
E01023086,SO40 9EG,1,0
E01023086,SO40 9EX,1,0
E01023077,SO40 3AY,1,0
E01023077,SO40 9DN,1,0
E01023077,SO40 9HN,1,0
E01023050,SO40 4WU,1,0
E01023061,SO41 8GB,1,0
E01023048,SO40 4WQ,1,0
E01023049,SO40 4AP,1,0
E01023078,SO40 3QL,1,100
E01023079,SO40 3GG,1,0
E01023079,SO40 3NP,1,0
E01023079,SO40 3NT,1,0
E01023079,SO40 3PP,1,100
E01023079,SO40 3PS,1,100
E01023080,SO40 2FQ,1,0
E01023080,SO40 2QY,1,0
E01023080,SO40 2TD,1,0
E01023081,SO40 2UJ,1,0
E01032738,SO15 2EU,1,0
E01032738,SO15 2EZ,1,0
E01032738,SO15 2RU,1,0
E01023245,SO30 2UF,1,0
E01023245,SO30 2EE,1,0
E01023245,SO30 2JD,1,100
E01032738,SO14 6GB,1,100
E01032738,SO15 2AE,1,100
E01032738,SO15 2AN,1,0
E01032738,SO15 2AS,1,0
E01032738,SO15 2AX,1,0
E01032745,SO14 5BN,1,0
E01032738,SO17 1XH,1,0
E01032746,SO14 3AQ,1,0
E01032751,SO14 3DY,1,100
E01032750,SO14 0JN,1,0
E01032750,SO14 0LF,1,0
E01032748,SO14 2AS,1,100
E01032748,SO14 2AA,1,0
E01032748,SO14 2AD,1,100
E01032748,SO14 2GH,1,0
E01032748,SO14 2GJ,1,0
E01032748,SO14 2NY,1,0
E01032748,SO14 3AG,1,100
E01032748,SO14 3AN,1,0
E01032748,SO14 3FN,1,100
E01032748,SO14 2DX,1,0
E01032748,SO14 2AY,1,0
E01032748,SO14 3LF,1,0
E01032748,SO14 3LH,1,100
E01032750,SO14 0JG,1,100
E01017209,SO16 4FY,1,0
E01017209,SO16 4DG,1,0
E01017208,SO16 4NX,1,100
E01017208,SO16 4NN,1,0
E01017208,SO16 4NH,1,0
E01017207,SO16 4RD,1,0
E01017207,SO16 4ET,1,100
E01017207,SO16 4EL,1,0
E01017207,SO16 4FE,1,0
E01017211,SO15 3JT,1,0
E01017211,SO15 3LW,1,0
E01017211,SO15 3NG,1,0
E01017211,SO16 4FH,1,0
E01017211,SO16 4EZ,1,0
E01017210,SO16 4AP,1,0
E01017215,SO15 4LG,1,0
E01017215,SO15 4HY,1,0
E01017215,SO15 4HW,1,0
E01017216,SO15 0HT,1,100
E01017214,SO15 8PN,1,0
E01017215,SO15 4HS,1,0
E01017215,SO15 4HT,1,100
E01017214,SO15 4PE,1,0
E01017213,SO15 3HY,1,0
E01017211,SO16 4FT,1,0
E01017211,SO16 4JB,1,0
E01017213,SO15 5UZ,1,0
E01017213,SO15 3LR,1,0
E01017213,SO15 8QR,1,0
E01017213,SO15 9AJ,1,100
E01017206,SO18 6AY,1,0
E01017207,SO16 4ED,1,100
E01017206,SO18 5TB,1,0
E01017206,SO18 5EA,1,100
E01017206,SO18 5ED,1,0
E01017205,SO18 5DJ,1,0
E01017205,SO18 5JH,1,0
E01017206,SO18 5DD,1,100
E01017204,SO18 5PZ,1,0
E01017203,SO18 4RW,1,0
E01017203,SO18 4RJ,1,0
E01017203,SO18 1DS,1,0
E01017200,SO18 6BE,1,0
E01017200,SO18 6BF,1,100
E01017200,SO18 6RU,1,100
E01017200,SO18 6SQ,1,0
E01017201,SO18 2DJ,1,0
E01017201,SO18 2DL,1,0
E01017201,SO18 2BY,1,0
E01017201,SO18 2DA,1,100
E01017201,SO18 2DB,1,0
E01017202,SO18 2EG,1,0
E01017199,SO18 6BH,1,0
E01017199,SO18 5NG,1,100
E01017199,SO18 5NP,1,0
E01017200,SO18 5ER,1,0
E01017200,SO18 6AB,1,0
E01017198,SO18 5HR,1,0
E01017198,SO18 5JE,1,0
E01017198,SO18 5RF,1,0
E01017198,SO18 5HU,1,0
E01017199,SO18 5FN,1,0
E01017199,SO18 5FP,1,0
E01017187,SO16 5LE,1,100
E01017187,SO16 5LF,1,100
E01017187,SO16 5AR,1,0
E01017188,SO16 5EL,1,0
E01017188,SO16 5EN,1,0
E01017188,SO16 5EW,1,0
E01017188,SO16 5HG,1,0
E01017189,SO15 5BX,1,0
E01017184,SO16 8EG,1,0
E01017185,SO16 5NS,1,0
E01017185,SO16 5JS,1,0
E01017185,SO16 5JH,1,0
E01017185,SO16 5JF,1,100
E01017185,SO16 5JA,1,0
E01017185,SO16 5SL,1,0
E01017181,SO16 8GG,1,0
E01017182,SO16 8JH,1,100
E01017181,SO16 8GA,1,0
E01017180,SO16 8HN,1,0
E01017179,SO18 2RJ,1,0
E01017179,SO18 2QR,1,0
E01017180,SO16 8EY,1,0
E01017177,SO18 1NN,1,0
E01017178,SO18 1LE,1,0
E01017179,SO18 2GS,1,0
E01017179,SO18 2GU,1,0
E01017179,SO18 2GP,1,100
E01017197,SO15 5EN,1,0
E01017197,SO15 5DA,1,0
E01017197,SO15 5AR,1,0
E01017196,SO17 1XR,1,0
E01017196,SO15 2SB,1,0
E01017195,SO15 3HG,1,0
E01017196,SO15 2JS,1,0
E01017195,SO15 3BQ,1,0
E01017195,SO15 3BJ,1,0
E01017195,SO15 3AG,1,0
E01017195,SO15 1LP,1,0
E01017195,SO15 1HS,1,0
E01017194,SO15 3GQ,1,0
E01017194,SO15 3AY,1,0
E01017194,SO15 3AZ,1,0
E01017194,SO15 3AB,1,0
E01017194,SO15 1YG,1,100
E01017190,SO15 2NF,1,0
E01017190,SO15 2NJ,1,0
E01017190,SO15 2TD,1,0
E01017190,SO15 5FA,1,0
E01017190,SO15 5QU,1,0
E01017190,SO15 5TU,1,0
E01017190,SO15 2LS,1,0
E01017191,SO15 5DX,1,0
E01017191,SO15 5DP,1,100
E01017191,SO15 5RS,1,0
E01017191,SO15 5SA,1,0
E01017191,SO15 5SL,1,0
E01017191,SO15 5BE,1,0
E01017194,SO15 1HN,1,0
E01017194,SO15 1HZ,1,0
E01017194,SO15 1AH,1,100
E01017193,SO15 3SQ,1,0
E01017193,SO15 3EG,1,0
E01017192,SO15 3FJ,1,0
E01017146,SO16 7LE,1,100
E01017146,SO16 7FQ,1,100
E01017146,SO16 7PB,1,0
E01017147,SO16 7BD,1,100
E01017146,SO16 7QW,1,0
E01017145,SO16 3PS,1,0
E01017145,SO16 3QE,1,0
E01017145,SO16 7GL,1,0
E01017145,SO16 7GE,1,0
E01017145,SO16 7GH,1,0
E01017148,SO16 3PY,1,0
E01017148,SO16 7HB,1,0
E01017149,SO16 3AZ,1,0
E01017148,SO16 7GR,1,0
E01017147,SO16 7AS,1,0
E01017147,SO16 7BS,1,0
E01017147,SO16 7DA,1,0
E01017147,SO16 7DB,1,0
E01017149,SO16 3HS,1,0
E01017150,SO16 7AA,1,100
E01017138,SO15 2LU,1,0
E01017137,SO15 2HG,1,0
E01017138,SO15 5RY,1,0
E01017138,SO15 2PP,1,0
E01017136,SO15 2FZ,1,0
E01017136,SO15 2GH,1,0
E01017137,SO15 2FW,1,0
E01017137,SO15 2HA,1,0
E01017136,SO15 2BQ,1,0
E01017136,SO15 2DD,1,0
E01017136,SO15 2DH,1,0
E01012014,TS5 4BW,1,0
E01015290,BH1 3QF,1,100
E01015312,BH11 9DS,1,0
E01015326,BH8 8PR,1,0
E01015339,BH8 9PS,1,100
E01015442,BH12 3HJ,1,100
E01016414,RG1 4NN,1,0
E01017034,PO1 3JA,1,0
E01017054,PO6 3EN,1,100
E01017113,PO6 4RB,1,100
E01017117,PO6 4EX,1,100
E01017122,PO5 2AP,1,0
E01017139,SO14 1NY,1,100
E01017144,SO16 3GL,1,0
E01017145,SO16 3LX,1,0
E01017145,SO16 3LY,1,0
E01017144,SO16 3PB,1,0
E01017139,SO14 3HH,1,0
E01017139,SO14 3HN,1,0
E01017139,SO14 3JJ,1,0
E01017144,SO16 3GB,1,0
E01017144,SO16 3GH,1,0
E01017154,SO14 0FN,1,0
E01017154,SO14 0FS,1,100
E01017152,SO16 6SS,1,0
E01017152,SO16 6RB,1,0
E01017152,SO16 6QB,1,0
E01017152,SO16 6RG,1,0
E01017151,SO16 6LP,1,0
E01017151,SO16 5PD,1,0
E01017150,SO16 7NQ,1,0
E01017150,SO16 7EN,1,0
E01017150,SO16 7ED,1,0
E01017150,SO16 7EJ,1,0
E01017150,SO16 7LZ,1,0
E01017150,SO16 7NB,1,0
E01017151,SO16 6SL,1,0
E01017152,SO16 6PQ,1,0
E01017152,SO16 6PW,1,100
E01017157,SO14 6US,1,0
E01017157,SO17 2FX,1,0
E01017158,SO14 0TN,1,0
E01017158,SO14 0TP,1,0
E01017157,SO17 1QN,1,0
E01017158,SO14 6QT,1,100
E01017158,SO14 6TE,1,0
E01017158,SO14 6TF,1,0
E01017158,SO14 6TG,1,100
E01017158,SO14 6RF,1,0
E01017158,SO14 6SY,1,0
E01017158,SO14 6TT,1,100
E01017158,SO14 6TX,1,0
E01017158,SO14 6WQ,1,0
E01017158,SO15 2UE,1,0
E01017158,SO15 2YN,1,100
E01017155,SO14 0ET,1,0
E01017170,SO19 0AH,1,0
E01017169,SO19 0RF,1,0
E01017168,SO19 6GR,1,0
E01017171,SO18 1BX,1,100
E01017171,SO18 1ES,1,0
E01017170,SO19 0NR,1,0
E01017171,SO18 4HF,1,0
E01017171,SO18 1UA,1,0
E01017171,SO18 1UE,1,0
E01017172,SO18 1AQ,1,0
E01017172,SO18 1AU,1,0
E01017172,SO18 1AY,1,0
E01017173,SO18 4EP,1,0
E01017173,SO18 1TY,1,0
E01017173,SO18 1FS,1,100
E01017172,SO18 1EQ,1,0
E01017172,SO18 1QW,1,0
E01017172,SO18 1JR,1,0
E01017173,SO18 4HX,1,100
E01017173,SO18 4HE,1,0
E01017173,SO18 4HH,1,100
E01017174,SO18 2PU,1,0
E01017174,SO18 2PW,1,0
E01017174,SO18 2DZ,1,0
E01017176,SO18 2BN,1,0
E01017176,SO18 2PL,1,100
E01017176,SO18 2AG,1,0
E01017176,SO18 2AL,1,0
E01017175,SO18 1NB,1,0
E01017175,SO18 1PG,1,0
E01017175,SO18 1PE,1,0
E01017162,SO19 6EL,1,0
E01017162,SO19 6PN,1,0
E01017162,SO19 6QB,1,0
E01017164,SO18 5FB,1,0
E01017159,SO14 6HG,1,0
E01017159,SO14 6RS,1,0
E01017159,SO14 6RL,1,0
E01017159,SO14 6UP,1,100
E01017160,SO14 6FT,1,0
E01017159,SO14 6SE,1,0
E01017160,SO14 6SA,1,0
E01017160,SO14 6SB,1,100
E01017160,SO14 6JA,1,0
E01017160,SO14 6SH,1,0
E01017160,SO14 6SL,1,0
E01017160,SO14 6HD,1,0
E01017160,SO14 6FX,1,0
E01017160,SO14 6GS,1,100
E01017164,SO19 5AD,1,0
E01017164,SO19 5JL,1,100
E01017164,SO19 5LD,1,0
E01017164,SO19 5JY,1,0
E01017164,SO19 5JZ,1,100
E01017165,SO18 5TH,1,0
E01017166,SO19 6DF,1,0
E01017166,SO19 6FL,1,0
E01017166,SO19 6EU,1,0
No Postcode,SO5O 5QH,1,0
No Postcode,SO15 3PT,1,100
No Postcode,SO16 0NX,1,0
No Postcode,SO16 3TW,1,0
No Postcode,SO16 4JJ,1,100
No Postcode,SO16 6GJ,1,100
No Postcode,SO16 9AV,1,0
No Postcode,SO17 3DG,1,0
No Postcode,SO17 9AT,1,100
No Postcode,SO18 0ER,1,0
No Postcode,SO19 6YH,1,100
E01035441,SO32 2RX,1,0
E01035440,SO30 2JY,1,100
E01035439,SO30 2RN,1,0
E01035439,SO30 2WT,1,0
E01035438,SO32 2ZB,1,0
E01035438,SO32 2XG,1,0
E01035438,SO32 2SB,1,0
E01035438,SO32 2SQ,1,0
E01035438,SO32 2SR,1,0
E01035436,SO50 9SY,1,0
E01035438,SO32 2FX,1,0
E01035437,SO50 5TN,1,0
E01035437,SO50 5TQ,1,0
E01035437,SO50 5TX,1,0
E01035437,SO50 5TZ,1,0
E01035437,SO50 5UA,1,100
E01035437,SO50 9RS,1,0
E01035438,SO32 2AT,1,0
E01035434,SO50 9GE,1,0
E01035436,SO50 9RA,1,100
E01035436,SO50 9SP,1,100
E01035436,SO50 9RU,1,0
E01035436,SO50 9RX,1,100
E01035436,SO50 9SA,1,0
E01035434,SO50 9FT,1,100
E01032859,PO15 7NF,1,0
E01035434,SO50 9NP,1,0
E01035434,SO50 9QE,1,0
E01035434,SO50 9QG,1,0
E01032877,PO14 2AL,1,0
E01032877,PO14 2FN,1,0
E01033311,AL10 0BX,1,100
E01034542,SP4 8FJ,1,100
E01034549,SP4 6NZ,1,0
E01035247,SL1 1PG,1,100
E01035433,SO50 5GQ,1,0
E01035433,SO50 9QH,1,0
E01035434,SO50 5FL,1,0
E01035434,SO50 5GU,1,0
E01032753,SO17 1UN,1,0
E01032753,SO17 1TB,1,0
E01032753,SO17 1UA,1,0
E01032753,SO17 1SS,1,0
E01032860,PO15 7HH,1,100
E01032860,PO15 7NU,1,0
E01032755,SO14 1DF,1,0
E01032753,SO17 1QR,1,0
E01032753,SO17 1PU,1,0
E01032753,SO17 1PH,1,100
E01032751,SO14 3RS,1,0
E01032751,SO14 3JU,1,100
E01035449,SO14 3HT,1,100
E01035449,SO14 3GP,1,0
E01035448,SO14 3FA,1,100
E01035449,SO14 5BU,1,0
E01035449,SO14 5DH,1,0
E01035449,SO14 5DJ,1,100
E01035449,SO14 5DL,1,100
E01035450,SO51 0DH,1,100
E01035451,SO51 0AX,1,0
E01035452,SO16 0XX,1,0
E01035452,SO51 7PG,1,100
E01035745,OX11 7EE,1,0
E01035449,SO14 3JF,1,0
E01035448,SO14 5BL,1,100
No Postcode,PO14 4GH,1,100
No Postcode,SO1 4SB,1,0
E01035446,SO19 9XG,1,100
E01035446,SO19 9UH,1,0
E01035447,SO19 9PJ,1,0
E01035447,SO19 9ST,1,0
E01035444,SO14 2BN,1,0
E01035444,SO14 2EH,1,0
E01035442,SO16 3HH,1,0
E01035441,SO32 2TG,1,0
E01035441,SO32 2TW,1,0
E01035441,SO32 2UH,1,0
E01035444,SO14 7FB,1,100
E01035444,SO14 3BL,1,0
E01035445,SO15 5RR,1,0
E01035445,SO15 5RW,1,100