Postcode,Total,SPA,PA,Below,Above
,,,,,
SO16 4DU,71,6,17,17,31
SO18 5AD,63,1,16,13,33
SO16 8NT,61,1,11,12,37
SO14 1HZ,61,1,19,14,27
SO14 1JA,60,1,14,10,35
SO18 2FR,54,3,10,11,30
SO14 1JB,50,3,8,10,29
SO16 9FZ,48,1,13,8,26
SO16 9GL,48,0,12,13,23
SO16 9FY,47,0,17,7,23
SO15 5PE,47,2,7,18,20
SO16 3LP,46,0,9,13,24
SO14 0LP,45,0,14,9,22
SO15 5PD,44,3,14,17,10
SO15 2PF,42,0,4,5,33
SO16 9FX,42,1,12,12,17
SO19 9JP,42,5,13,7,17
SO19 9JW,42,3,11,6,22
SO14 5BT,40,1,9,11,19
SO16 4QA,40,2,13,12,13
SO15 8QZ,40,1,13,8,18
SO16 6BA,39,3,5,15,16
SO14 0ER,39,2,6,9,22
SO19 7LR,39,1,6,12,20
SO19 9JA,38,0,17,6,15
SO18 2RD,38,2,5,8,23
SO16 4HR,38,1,5,10,22
SO16 4AS,38,1,9,11,17
SO15 1AQ,37,3,13,9,12
SO16 9RT,37,2,7,6,22
SO17 3AR,36,1,3,5,27
SO19 9JU,36,0,11,7,18
SO19 9TZ,36,2,12,6,16
SO19 6PF,36,4,14,13,5
SO15 1GU,36,0,6,6,24
SO14 0ES,35,0,8,11,16
SO14 0EQ,35,0,8,14,13
SO14 0LS,35,2,8,10,15
SO16 4BT,35,8,20,3,4
SO16 9AX,35,1,2,6,26
SO19 9JT,35,0,12,11,12
SO19 9EF,34,2,12,11,9
SO16 9GX,34,4,13,4,13
SO18 2HE,34,0,5,5,24
SO18 5NZ,34,2,8,6,18
SO17 3AS,33,2,8,6,17
SO18 1NY,33,2,2,6,23
SO19 9JX,33,1,7,11,14
SO19 6HG,33,3,8,4,18
SO16 9AT,33,0,10,7,16
SO16 4DW,33,0,13,9,11
SO14 0DS,33,1,7,14,11
SO15 5PF,33,1,9,2,21
SO14 0DP,32,1,10,7,14
SO16 4QG,32,1,6,4,21
SO16 4LZ,32,0,7,10,15
SO16 8FY,32,3,7,7,15
SO16 8HD,32,0,1,6,25
SO19 0SG,32,1,5,11,15
SO19 9NX,32,1,2,7,22
SO19 9HX,32,0,4,3,25
SO18 1JY,32,0,6,7,19
SO17 3TG,32,0,4,7,21
SO16 9RU,31,1,6,3,21
SO17 1PS,31,0,2,5,24
SO16 5TA,31,2,8,7,14
SO16 3BP,31,1,5,5,20
SO16 3DS,31,0,6,3,22
SO16 4PX,30,1,5,7,17
SO16 4AZ,30,0,6,8,16
SO16 8FR,30,2,7,9,12
SO16 9AU,30,1,7,7,15
SO15 5PU,30,2,7,10,11
SO18 4ST,30,2,8,3,17
SO19 6AG,30,1,11,10,8
SO19 2JD,29,1,1,3,24
SO19 6HH,29,0,8,5,16
SO19 6HL,29,4,10,4,11
SO19 8JZ,29,1,6,9,13
SO18 5FT,29,0,4,9,16
SO16 9WF,29,0,3,6,20
SO15 5NB,29,1,9,6,13
SO16 9AW,29,0,7,4,18
SO16 4BY,29,2,5,7,15
SO16 3BQ,28,0,8,8,12
SO14 0EJ,28,0,11,9,8
SO14 0EW,28,1,3,8,16
SO14 3DD,28,1,7,7,13
SO16 9PR,28,0,7,11,10
SO16 9GH,28,1,6,4,17
SO17 3SW,28,0,3,6,19
SO18 3NA,28,0,7,5,16
SO19 8NF,28,1,8,8,11
SO19 9GT,28,0,10,6,12
SO19 6NX,28,0,8,7,13
SO19 2FJ,27,2,4,5,16
SO19 8NE,27,2,5,10,10
SO18 5DA,27,2,2,10,13
SO16 9PW,27,3,5,3,16
SO15 1GG,27,1,6,4,16
SO14 0BQ,27,0,4,13,10
SO15 5EA,27,0,2,2,23
SO16 3EN,27,2,9,4,12
SO16 4BE,27,0,7,4,16
SO16 4AR,27,0,8,4,15
SO16 3LG,26,1,4,7,14
SO16 3GN,26,1,8,6,11
SO16 3GP,26,0,2,9,15
SO16 4PZ,26,1,4,8,13
SO16 4NB,26,2,8,4,12
SO16 4BB,26,3,9,8,6
SO16 3BT,26,0,5,11,10
SO16 3BW,26,1,4,5,16
SO16 5NY,26,1,6,6,13
SO16 6BX,26,0,3,4,19
SO14 0AW,26,0,9,4,13
SO14 0EF,26,0,2,9,15
SO14 0LQ,26,1,9,9,7
SO14 3LL,26,2,8,4,12
SO16 9LF,26,2,4,7,13
SO16 9GW,26,1,4,6,15
SO17 3AP,26,0,3,10,13
SO18 1GS,26,2,7,5,12
SO18 4JU,26,1,3,1,21
SO19 9JF,26,1,7,6,12
SO19 9FQ,26,1,4,3,18
SO19 6NS,25,3,2,6,14
SO18 4RR,25,3,6,7,9
SO18 5AE,25,0,4,5,16
SO18 1GT,25,2,6,2,15
SO17 3TL,25,0,3,7,15
SO17 3AQ,25,1,5,5,14
SO16 9PS,25,1,4,8,12
SO17 2EZ,25,1,5,9,10
SO14 1LG,25,0,7,7,11
SO14 0AT,25,0,12,4,9
SO14 0AZ,25,0,4,4,17
SO14 0BP,25,2,6,4,13
SO15 1GT,25,3,4,8,10
SO16 4DX,25,0,7,8,10
SO16 4HS,24,0,6,7,11
SO16 4QB,24,1,2,5,16
SO16 5DE,24,2,6,1,15
SO16 3DA,24,0,4,5,15
SO16 3BL,24,0,3,2,19
SO16 5FY,24,2,9,4,9
SO16 8EJ,24,0,5,2,17
SO16 8HE,24,0,4,5,15
SO16 8GW,24,1,8,4,11
SO15 2PX,24,0,2,4,18
SO15 5LN,24,1,15,3,5
SO14 0BN,24,0,4,6,14
SO14 0EP,24,0,9,3,12
SO14 0DN,24,2,3,3,16
SO14 5BS,24,2,4,10,8
SO14 3DH,24,0,5,4,15
SO16 9FF,24,1,5,6,12
SO17 2LS,24,1,3,9,11
SO18 2PE,24,1,7,4,12
SO18 2HT,24,5,7,6,6
SO19 2NX,24,0,2,8,14
SO19 2NY,24,0,3,4,17
SO19 6PB,23,2,4,8,9
SO19 7GD,23,2,5,7,9
SO19 6JL,23,1,6,4,12
SO19 9NZ,23,0,6,6,11
SO19 9QP,23,1,7,6,9
SO19 9XR,23,2,8,3,10
SO18 4FH,23,2,5,6,10
SO18 5FL,23,1,3,8,11
SO18 5HJ,23,2,2,9,10
SO16 9LA,23,0,2,9,12
SO14 1LH,23,0,3,4,16
SO15 3EY,23,3,2,7,11
SO16 5DY,23,0,4,6,13
SO16 4HN,23,2,3,7,11
SO16 4HA,23,1,10,4,8
SO16 4EJ,22,2,6,7,7
SO15 7QU,22,0,1,3,18
SO16 6AF,22,1,2,4,15
SO16 6DB,22,2,2,7,11
SO16 8ED,22,0,1,4,17
SO15 2YA,22,0,6,4,12
SO15 3BR,22,0,4,4,14
SO15 5EF,22,0,1,3,18
SO14 0NH,22,0,8,5,9
SO14 0BT,22,0,3,4,15
SO14 0DH,22,0,5,8,9
SO14 3BG,22,0,3,2,17
SO16 9ET,22,1,4,7,10
SO16 9FR,22,0,4,9,9
SO16 9TB,22,1,7,8,6
SO18 1BE,22,0,5,0,17
SO18 5FE,22,1,2,2,17
SO19 9JH,22,1,4,9,8
SO19 6LJ,22,3,7,1,11
SO19 7LH,22,1,5,6,10
SO19 0QB,22,1,7,5,9
SO19 0HU,21,1,7,4,9
SO19 2JA,21,0,0,2,19
SO19 2FZ,21,0,1,4,16
SO19 4BS,21,0,3,1,17
SO19 4BT,21,0,0,2,19
SO19 7DG,21,0,1,1,19
SO19 7GQ,21,0,0,3,18
SO19 9AU,21,1,0,2,18
SO19 9RX,21,1,13,6,1
SO19 9QT,21,1,6,5,9
SO18 5SE,21,0,2,2,17
SO18 5SU,21,0,7,8,6
SO18 4FL,21,0,5,5,11
SO18 1NH,21,2,1,5,13
SO16 9FU,21,0,7,2,12
SO15 0NB,21,3,5,1,12
SO14 0DB,21,0,6,7,8
SO14 0DL,21,0,4,7,10
SO14 0LN,21,0,3,7,11
SO15 5JZ,21,1,6,6,8
SO15 3NS,21,2,4,4,11
SO16 8HA,21,0,2,2,17
SO16 8EQ,21,0,2,2,17
SO16 5GA,21,3,5,1,12
SO15 5RZ,21,0,5,4,12
SO16 4NR,21,1,3,6,11
SO16 4PT,21,1,4,6,10
SO16 3GU,21,2,3,6,10
SO16 3JH,21,2,4,6,9
SO16 3LQ,21,1,6,3,11
SO16 4BA,21,4,8,4,5
SO16 4AT,21,2,7,6,6
SO16 4BW,20,0,3,7,10
SO16 3PH,20,0,2,5,13
SO15 7QS,20,0,0,0,20
SO16 6GD,20,0,5,4,11
SO16 8GY,20,0,7,2,11
SO16 8DE,20,0,3,2,15
SO15 4LT,20,0,3,6,11
SO15 5DF,20,1,0,1,18
SO15 2YE,20,1,11,2,6
SO15 3DR,20,0,5,5,10
SO15 3FR,20,0,6,5,9
SO15 1HQ,20,0,1,2,17
SO14 0NB,20,0,6,3,11
SO14 1LU,20,1,3,2,14
SO14 1PW,20,1,2,7,10
SO14 3AZ,20,1,4,4,11
SO14 5RZ,20,1,3,1,15
SO16 9GF,20,0,4,5,11
SO18 1PA,20,0,1,4,15
SO18 1GJ,20,0,4,2,14
SO18 2DG,20,2,1,9,8
SO18 2EH,20,1,6,5,8
SO18 5HD,20,0,7,7,6
SO18 5HG,20,1,2,6,11
SO19 9QS,20,1,6,5,8
SO19 9GU,20,1,4,6,9
SO19 2HN,20,0,5,5,10
SO19 0HT,20,0,3,6,11
SO19 2ET,19,0,0,3,16
SO19 2HT,19,0,2,4,13
SO19 2HJ,19,0,4,2,13
SO19 6HJ,19,0,1,6,12
SO19 6HQ,19,1,4,4,10
SO19 9JQ,19,0,4,5,10
SO18 1QA,19,0,1,6,12
SO18 1QT,19,0,2,9,8
SO18 2LJ,19,3,3,4,9
SO18 2EQ,19,0,10,3,6
SO18 2LR,19,1,5,6,7
SO17 3TJ,19,0,4,3,12
SO18 1PJ,19,0,0,3,16
SO18 1HJ,19,0,0,0,19
SO17 2JU,19,1,4,11,3
SO16 9LD,19,0,7,7,5
SO16 9RX,19,0,3,6,10
SO16 9WD,19,1,4,4,10
SO14 5SA,19,0,1,1,17
SO14 3TH,19,1,2,4,12
SO14 3BB,19,0,5,8,6
SO14 3DE,19,2,5,4,8
SO14 3GN,19,1,4,6,8
SO14 3GU,19,0,3,6,10
SO14 1LD,19,1,3,7,8
SO14 0NT,19,1,5,2,11
SO14 0EL,19,0,5,5,9
SO15 5DD,19,0,1,7,11
SO15 5EG,19,0,3,4,12
SO15 5FP,19,1,4,3,11
SO15 4LD,19,0,1,6,12
SO15 4GX,19,0,4,5,10
SO16 8BH,19,2,3,3,11
SO16 8BW,19,1,1,1,16
SO16 9BA,19,0,5,3,11
SO16 9AG,19,0,1,4,14
SO16 6BZ,19,0,6,3,10
SO16 6BR,19,0,5,5,9
SO16 6TY,19,0,5,2,12
SO16 5TB,19,1,6,3,9
SO16 5TD,19,0,4,5,10
SO16 6AJ,19,0,6,6,7
SO15 7QR,19,0,0,3,16
SO15 8LN,19,0,4,8,7
SO16 3EQ,19,0,3,4,12
SO16 4AW,19,0,3,4,12
SO16 3JJ,19,0,7,5,7
SO16 4LN,18,0,3,0,15
SO16 4HB,18,4,2,5,7
SO16 6AA,18,2,0,2,14
SO16 5NZ,18,0,10,4,4
SO16 5PN,18,1,2,6,9
SO16 5HF,18,2,4,1,11
SO16 6UB,18,0,5,2,11
SO16 6BF,18,1,8,3,6
SO16 6DE,18,1,3,5,9
SO16 6PN,18,0,5,5,8
SO16 9AR,18,3,1,2,12
SO16 9DB,18,3,3,0,12
SO16 8HS,18,0,0,3,15
SO16 8EL,18,1,0,4,13
SO16 8EN,18,0,0,5,13
SO16 8EF,18,0,6,3,9
SO16 7DN,18,0,2,4,12
SO15 4JS,18,0,2,4,12
SO15 4LB,18,3,3,7,5
SO15 5GL,18,0,0,10,8
SO15 5DE,18,0,2,3,13
SO15 5PJ,18,1,5,4,8
SO15 1JT,18,0,5,5,8
SO15 3EJ,18,0,3,4,11
SO14 0BX,18,0,7,6,5
SO14 0AY,18,0,5,1,12
SO14 0AN,18,0,6,2,10
SO14 0PR,18,0,3,5,10
SO14 0NG,18,0,5,4,9
SO14 1NL,18,0,2,2,14
SO14 5SL,18,0,4,3,11
SO16 9LE,18,1,3,4,10
SO16 9NT,18,2,0,8,8
SO16 9HF,18,0,3,5,10
SO18 1JA,18,0,2,3,13
SO18 1JZ,18,0,3,3,12
SO18 1LN,18,0,0,4,14
SO18 1PH,18,0,0,2,16
SO18 1NT,18,0,2,4,12
SO18 2PB,18,0,1,2,15
SO18 2EF,18,0,5,3,10
SO18 2LB,18,0,4,2,12
SO18 2JL,18,1,3,5,9
SO18 5FS,18,0,4,4,10
SO18 4RG,18,0,3,5,10
SO19 9PZ,18,0,1,3,14
SO19 9PA,18,1,6,5,6
SO19 9PB,18,0,7,3,8
SO19 9PD,18,1,6,6,5
SO19 9NY,18,0,4,6,8
SO19 9JJ,18,0,3,1,14
SO19 9JE,18,3,4,1,10
SO19 9FP,18,0,5,3,10
SO19 8LP,18,0,1,6,11
SO19 6FT,18,0,0,2,16
SO19 6EY,18,1,7,5,5
SO19 2FB,18,0,0,6,12
SO19 2EL,18,1,3,5,9
SO19 2EN,18,0,1,4,13
SO19 1EG,18,0,4,4,10
SO19 0JQ,18,1,7,4,6
SO19 0JB,18,1,9,4,4
SO19 0HS,18,2,3,3,10
SO19 0JG,17,0,1,4,12
SO19 0SD,17,0,0,5,12
SO19 2AB,17,0,5,2,10
SO19 2DT,17,0,1,5,11
SO19 2HX,17,0,0,4,13
SO19 2NT,17,1,6,2,8
SO19 6BB,17,2,2,5,8
SO19 6BU,17,0,8,6,3
SO19 6HF,17,0,5,7,5
SO19 6LS,17,0,4,3,10
SO19 7BS,17,0,2,1,14
SO19 7LJ,17,2,9,2,4
SO19 7LS,17,0,3,4,10
SO19 7JG,17,0,3,6,8
SO19 6NZ,17,2,3,6,6
SO19 6NR,17,0,6,5,6
SO19 7AS,17,0,1,7,9
SO19 8GD,17,0,4,1,12
SO19 8AP,17,0,0,2,15
SO19 9JR,17,1,2,4,10
SO19 9TH,17,2,4,4,7
SO18 4JR,17,1,1,4,11
SO18 4HA,17,0,0,2,15
SO18 5HT,17,2,3,2,10
SO18 5GE,17,0,5,7,5
SO18 2HD,17,1,1,5,10
SO18 2HX,17,1,7,2,7
SO18 1QP,17,0,0,0,17
SO18 1NJ,17,0,0,1,16
SO18 1AJ,17,0,6,2,9
SO17 2LH,17,0,1,3,13
SO16 9LT,17,0,3,3,11
SO16 9PJ,17,1,4,6,6
SO17 1QJ,17,0,1,1,15
SO17 2AU,17,0,6,1,10
SO14 3QZ,17,0,4,7,6
SO14 3DB,17,0,2,5,10
SO14 1LJ,17,0,3,5,9
SO14 0LZ,17,0,7,4,6
SO14 0AU,17,1,4,4,8
SO15 3GG,17,0,4,2,11
SO15 3GL,17,0,3,4,10
SO15 5DG,17,0,4,0,13
SO15 5ES,17,0,2,1,14
SO16 8BG,17,0,5,7,5
SO16 8DA,17,0,0,8,9
SO16 8BD,17,0,7,2,8
SO16 8BN,17,0,5,5,7
SO16 8FP,17,1,5,2,9
SO16 9AL,17,0,7,4,6
SO16 8PA,17,0,3,6,8
SO16 5EF,17,1,2,5,9
SO16 5PP,17,2,6,3,6
SO16 5SA,17,0,3,4,10
SO16 5SD,17,1,2,4,10
SO16 6AE,17,2,4,4,7
SO16 6AN,17,1,4,4,8
SO16 5HE,17,2,3,2,10
SO16 3JT,17,0,0,2,15
SO16 3DT,17,2,4,4,7
SO15 8QP,16,0,3,6,7
SO15 8LL,16,0,2,1,13
SO15 8PJ,16,0,5,1,10
SO15 5RB,16,0,1,1,14
SO16 3LA,16,0,2,3,11
SO16 3JL,16,1,6,2,7
SO16 3GQ,16,2,2,3,9
SO16 3HB,16,0,1,5,10
SO16 4DL,16,0,1,4,11
SO16 4ND,16,0,6,2,8
SO16 4QF,16,0,0,6,10
SO16 5DH,16,1,1,0,14
SO16 5PH,16,1,4,4,7
SO16 5DZ,16,0,4,4,8
SO16 5FJ,16,0,4,1,11
SO16 6TW,16,0,1,1,14
SO16 9DN,16,0,3,5,8
SO16 8FQ,16,3,3,3,7
SO15 5EP,16,0,0,4,12
SO15 5DH,16,0,1,5,10
SO15 5DR,16,0,3,1,12
SO15 5FQ,16,0,1,4,11
SO15 5FZ,16,2,1,2,11
SO15 5AG,16,0,4,2,10
SO15 3DJ,16,0,9,2,5
SO14 0AX,16,1,2,5,8
SO14 0BG,16,0,4,3,9
SO14 0BU,16,0,6,4,6
SO14 3DF,16,1,6,7,2
SO14 3BE,16,0,4,5,7
SO15 0LX,16,0,6,2,8
SO16 9LW,16,0,8,0,8
SO16 9GY,16,0,0,6,10
SO16 9GA,16,0,5,1,10
SO16 9FL,16,2,4,5,5
SO18 1AB,16,1,0,3,12
SO17 3TH,16,1,2,2,11
SO18 1LX,16,1,0,5,10
SO18 1JJ,16,0,3,2,11
SO18 2AQ,16,0,0,5,11
SO18 2AS,16,1,2,0,13
SO18 2LG,16,0,5,2,9
SO18 2LP,16,0,4,2,10
SO18 2PA,16,0,4,2,10
SO18 4FB,16,0,1,3,12
SO18 5GX,16,1,2,7,6
SO18 4RX,16,0,4,3,9
SO19 9UP,16,1,2,7,6
SO19 9LA,16,1,6,5,4
SO19 9LL,16,1,4,4,7
SO19 9QR,16,0,2,6,8
SO19 7RP,16,0,1,2,13
SO19 8LF,16,1,7,3,5
SO19 9EU,16,0,3,4,9
SO19 7BE,16,0,2,0,14
SO19 6PA,16,1,3,5,7
SO19 6NY,16,0,7,3,6
SO19 7GL,16,0,5,2,9
SO19 6LQ,16,0,6,2,8
SO19 2PD,16,0,2,4,10
SO19 2FL,16,0,3,5,8
SO19 2HU,16,0,1,5,10
SO19 1BU,16,3,2,1,10
SO19 1BX,16,0,1,5,10
SO19 1EN,15,0,4,2,9
SO19 1EF,15,0,2,3,10
SO19 2AN,15,0,0,1,14
SO19 0TR,15,1,6,4,4
SO19 0HZ,15,0,4,3,8
SO19 0HH,15,0,5,5,5
SO19 2PP,15,0,1,1,13
SO19 2PR,15,0,0,4,11
SO19 4DB,15,0,2,3,10
SO19 5LQ,15,0,6,2,7
SO19 6JY,15,1,2,2,10
SO19 6DR,15,0,3,1,11
SO19 6EF,15,1,5,0,9
SO19 7GN,15,0,2,1,12
SO19 7BJ,15,1,1,3,10
SO19 7JN,15,0,2,3,10
SO19 9GS,15,0,9,4,2
SO19 9AW,15,0,3,7,5
SO19 9BE,15,1,2,3,9
SO19 8LN,15,0,2,1,12
SO19 9NJ,15,0,4,3,8
SO19 9NS,15,1,3,3,8
SO19 9NU,15,1,2,2,10
SO19 9NW,15,0,1,3,11
SO18 4SZ,15,0,5,3,7
SO18 4TD,15,0,1,2,12
SO18 6AP,15,0,3,2,10
SO18 6BW,15,1,8,3,3
SO18 4FG,15,0,1,0,14
SO18 2QU,15,1,0,2,12
SO18 2LH,15,0,5,1,9
SO18 2JA,15,0,2,4,9
SO18 1JQ,15,0,2,4,9
SO18 1PL,15,0,0,7,8
SO16 9JF,15,1,2,4,8
SO16 9WE,15,1,1,2,11
SO14 6UX,15,0,2,7,6
SO14 3TF,15,0,4,4,7
SO14 5SN,15,0,8,5,2
SO14 5RU,15,1,4,2,8
SO14 0BW,15,0,3,5,7
SO14 0DY,15,0,9,2,4
SO14 0EU,15,0,3,1,11
SO14 0NR,15,0,6,4,5
SO14 0PW,15,2,1,3,9
SO14 1PU,15,0,3,4,8
SO15 3HP,15,0,2,5,8
SO15 2HB,15,0,0,6,9
SO15 4PB,15,0,1,3,11
SO15 4PD,15,0,0,3,12
SO15 5AT,15,0,0,7,8
SO15 4JA,15,0,3,5,7
SO16 8GX,15,0,2,4,9
SO16 9AB,15,0,2,3,10
SO16 6UL,15,2,1,3,9
SO16 4QU,15,1,2,0,12
SO16 4LY,15,1,5,3,6
SO16 4LG,15,0,6,3,6
SO16 4GD,15,0,0,5,10
SO16 3HQ,15,0,1,3,11
SO16 3JW,15,1,6,2,6
SO16 3LR,15,1,2,3,9
SO16 4AQ,15,0,6,0,9
SO16 4AJ,15,1,4,6,4
SO16 3JF,14,0,2,4,8
SO16 3LD,14,0,3,4,7
SO16 3LF,14,0,3,6,5
SO16 4DQ,14,1,4,3,6
SO16 4PU,14,1,3,3,7
SO16 4NT,14,0,5,5,4
SO15 5QR,14,0,4,3,7
SO15 7QA,14,0,0,2,12
SO15 7RX,14,0,0,0,14
SO16 3AX,14,0,3,2,9
SO16 6RL,14,0,4,0,10
SO16 6RQ,14,0,3,3,8
SO16 6HS,14,0,0,2,12
SO16 6HJ,14,0,0,3,11
SO16 6HL,14,0,0,4,10
SO16 6BJ,14,0,3,2,9
SO16 6BL,14,3,5,2,4
SO16 5FB,14,0,3,4,7
SO16 5PL,14,0,2,6,6
SO16 5JQ,14,0,0,3,11
SO16 5NG,14,0,2,4,8
SO16 9BF,14,1,3,3,7
SO16 9DF,14,0,3,7,4
SO16 9DA,14,2,0,3,9
SO16 8BA,14,0,3,1,10
SO16 8BY,14,2,2,6,4
SO16 8DF,14,1,1,4,8
SO16 7DL,14,0,5,2,7
SO15 4JF,14,1,1,2,10
SO15 4LW,14,2,0,2,10
SO15 3HX,14,0,2,4,8
SO15 5FN,14,0,2,1,11
SO15 5FR,14,1,1,5,7
SO15 5LB,14,1,3,6,4
SO15 5NA,14,1,3,1,9
SO15 5JP,14,0,1,2,11
SO15 2NG,14,0,0,5,9
SO15 1JB,14,0,2,3,9
SO14 2BP,14,1,7,1,5
SO14 2ED,14,0,3,4,7
SO14 1JH,14,0,2,1,11
SO14 0NA,14,0,3,4,7
SO14 5GP,14,0,5,1,8
SO14 5SQ,14,0,1,6,7
SO14 5BP,14,0,3,4,7
SO15 0HX,14,0,4,4,6
SO15 1AR,14,2,2,3,7
SO14 6SG,14,0,1,4,9
SO16 9JN,14,0,4,5,5
SO16 9JD,14,0,1,2,11
SO16 9NH,14,1,3,4,6
SO18 1NX,14,0,0,1,13
SO18 1LU,14,0,0,1,13
SO18 1JB,14,1,1,0,12
SO18 1HZ,14,0,2,3,9
SO17 3AE,14,0,3,1,10
SO17 3AH,14,0,2,5,7
SO18 1QU,14,0,1,3,10
SO18 2EJ,14,0,4,7,3
SO18 2EB,14,0,0,4,10
SO18 3AG,14,0,3,2,9
SO19 0AL,14,1,3,4,6
SO18 5RJ,14,0,1,5,8
SO18 5QH,14,0,1,2,11
SO18 4SD,14,1,5,2,6
SO18 5GA,14,0,3,6,5
SO18 5BZ,14,0,2,2,10
SO19 9NT,14,0,6,2,6
SO19 9PE,14,0,2,4,8
SO19 9ND,14,0,3,3,8
SO19 8LX,14,0,2,2,10
SO19 8NB,14,0,1,5,8
SO19 8NU,14,1,0,3,10
SO19 8FS,14,0,1,1,12
SO19 8GB,14,0,0,4,10
SO19 7NL,14,0,1,3,10
SO19 9AZ,14,0,2,4,8
SO19 8SJ,14,0,4,1,9
SO19 9HD,14,0,1,5,8
SO19 9GH,14,0,7,2,5
SO19 9FJ,14,0,0,3,11
SO19 9FS,14,0,2,2,10
SO19 7LQ,14,0,1,6,7
SO19 7DB,14,1,8,2,3
SO19 6EJ,14,0,7,3,4
SO19 6EA,14,1,3,3,7
SO19 6BL,14,1,4,1,8
SO19 4DX,14,0,3,3,8
SO19 2HF,14,0,1,4,9
SO19 2FN,14,1,0,1,12
SO19 2EY,14,0,0,3,11
SO19 2FF,14,0,0,3,11
SO19 0QA,14,2,5,4,3
SO19 2DX,14,0,1,3,10
SO19 2DZ,14,1,1,1,11
SO19 2EF,14,0,3,0,11
SO19 1DD,14,0,2,8,4
SO19 1DG,13,0,2,1,10
SO19 2ER,13,0,4,4,5
SO19 2ES,13,0,3,2,8
SO19 2DU,13,0,1,3,9
SO19 0SW,13,0,1,0,12
SO19 0JN,13,0,4,4,5
SO19 2QF,13,0,1,1,11
SO19 6DB,13,2,0,4,7
SO19 6EG,13,0,2,4,7
SO19 6LB,13,0,2,3,8
SO19 6LP,13,0,7,1,5
SO19 6FQ,13,2,2,4,5
SO19 6FX,13,0,3,3,7
SO19 7GU,13,0,0,3,10
SO19 7GG,13,0,6,6,1
SO19 7LP,13,1,2,4,6
SO19 7JT,13,0,1,6,6
SO19 6NT,13,2,3,1,7
SO19 7AP,13,0,1,3,9
SO19 9GD,13,0,0,3,10
SO19 9HE,13,0,1,4,8
SO19 9HZ,13,3,3,3,4
SO19 8PG,13,0,2,0,11
SO19 8RX,13,0,0,2,11
SO19 7PT,13,0,3,3,7
SO19 7QQ,13,0,2,2,9
SO19 8HH,13,0,1,3,9
SO19 8LH,13,0,3,3,7
SO19 9LT,13,0,0,3,10
SO19 9LG,13,0,3,5,5
SO19 9JZ,13,0,5,5,3
SO19 9QA,13,0,7,0,6
SO19 9TB,13,1,4,2,6
SO18 4SH,13,2,2,1,8
SO18 4SB,13,0,1,5,7
SO18 5LA,13,0,7,0,6
SO18 5PX,13,1,4,0,8
SO18 2RN,13,0,2,3,8
SO18 4FE,13,2,3,1,7
SO18 4GW,13,0,0,4,9
SO18 1QS,13,0,4,2,7
SO18 2HQ,13,2,0,3,8
SO17 3SX,13,0,4,1,8
SO17 3SY,13,0,0,4,9
SO17 2LR,13,0,5,6,2
SO17 2FT,13,1,1,4,7
SO18 1JS,13,1,2,1,9
SO18 1LY,13,0,3,1,9
SO18 1NA,13,0,2,2,9
SO18 1NQ,13,0,0,4,9
SO18 1PB,13,0,2,4,7
SO18 1AP,13,0,2,5,6
SO18 1EJ,13,1,1,5,6
SO16 9NP,13,0,1,0,12
SO16 9PX,13,0,1,5,7
SO16 9QL,13,1,2,3,7
SO16 9JB,13,0,2,1,10
SO16 9JH,13,1,2,5,5
SO16 9HH,13,0,4,4,5
SO16 9FG,13,0,2,4,7
SO16 9TD,13,0,0,1,12
SO17 1SD,13,0,0,5,8
SO17 1ST,13,0,2,0,11
SO14 6RQ,13,0,1,4,8
SO15 1AS,13,0,0,5,8
SO14 3DG,13,0,1,3,9
SO14 3HL,13,0,1,1,11
SO14 0JZ,13,0,1,2,10
SO14 0JD,13,0,4,4,5
SO14 1NW,13,1,1,0,11
SO14 0DR,13,0,8,1,4
SO14 0AQ,13,0,6,3,4
SO14 0AR,13,0,2,5,6
SO15 2NY,13,0,0,1,12
SO15 2PB,13,1,1,1,10
SO15 2QZ,13,0,4,3,6
SO15 2HW,13,0,2,2,9
SO15 3ES,13,2,2,1,8
SO15 2TZ,13,0,0,1,12
SO15 5JW,13,1,2,1,9
SO15 5NF,13,0,1,2,10
SO15 5DS,13,1,1,2,9
SO15 5DL,13,0,2,1,10
SO15 3LA,13,0,1,5,7
SO15 4HE,13,0,2,4,7
SO15 4PH,13,0,0,1,12
SO15 4HR,13,0,0,1,12
SO15 4JU,13,1,0,3,9
SO16 7DH,13,0,5,2,6
SO16 8DD,13,0,2,1,10
SO16 8BJ,13,1,3,2,7
SO16 9DW,13,2,4,3,4
SO16 9BG,13,5,4,0,4
SO16 8NJ,13,1,2,1,9
SO16 8GZ,13,0,5,4,4
SO16 5JX,13,0,1,5,7
SO16 5FP,13,3,2,3,5
SO16 6HW,13,2,2,4,5
SO15 8QF,13,0,2,2,9
SO15 8RH,13,0,1,6,6
SO16 0BH,13,0,3,2,8
SO16 0BJ,13,0,1,3,9
SO16 2JE,13,0,5,3,5
SO15 7QW,13,0,0,2,11
SO15 8NY,13,0,3,2,8
SO15 5QW,13,0,2,3,8
SO16 5DQ,13,0,0,2,11
SO16 4GP,13,1,0,4,8
SO16 3LL,13,0,2,0,11
SO16 4AU,13,1,2,1,9
SO16 4AN,12,0,5,1,6
SO16 3NY,12,0,0,1,11
SO16 3LJ,12,1,3,0,8
SO16 3GW,12,0,0,1,11
SO16 3GJ,12,0,1,6,5
SO16 4DS,12,0,1,1,10
SO16 4QW,12,2,3,1,6
SO15 5RA,12,2,6,1,3
SO15 7QN,12,0,1,2,9
SO15 8RN,12,0,2,1,9
SO15 8PH,12,0,3,5,4
SO15 8QD,12,0,2,1,9
SO15 8QT,12,0,0,4,8
SO16 3BJ,12,0,2,2,8
SO16 3GE,12,0,1,1,10
SO16 3GF,12,0,1,5,6
SO16 6LS,12,0,2,2,8
SO16 6BU,12,0,5,3,4
SO16 6AH,12,0,5,3,4
SO16 6AY,12,0,2,2,8
SO16 6QP,12,0,4,3,5
SO16 6QR,12,0,2,2,8
SO16 6QW,12,0,0,1,11
SO16 6UA,12,0,3,2,7
SO16 5EQ,12,0,4,0,8
SO16 5FX,12,0,4,2,6
SO16 5GF,12,0,4,3,5
SO16 8GU,12,5,1,2,4
SO16 8LZ,12,1,2,2,7
SO16 8ES,12,0,1,3,8
SO16 8EW,12,0,0,3,9
SO16 9AA,12,0,1,3,8
SO16 9AZ,12,0,7,2,3
SO16 9AP,12,1,0,1,10
SO16 9BX,12,0,2,5,5
SO16 9DT,12,1,1,4,6
SO16 8BZ,12,1,3,2,6
SO16 8DG,12,0,2,1,9
SO15 5AS,12,0,5,2,5
SO15 4AE,12,0,2,3,7
SO15 4GQ,12,0,4,2,6
SO15 3LY,12,0,2,1,9
SO15 3JN,12,1,1,3,7
SO15 3JS,12,0,4,3,5
SO15 5EJ,12,0,0,1,11
SO15 5DW,12,0,2,4,6
SO15 5QD,12,0,0,1,11
SO15 5HQ,12,1,0,1,10
SO15 2SJ,12,1,3,1,7
SO15 3BE,12,0,0,3,9
SO15 3GZ,12,0,0,1,11
SO15 3FT,12,0,4,0,8
SO15 1JH,12,0,2,5,5
SO14 1LB,12,0,2,2,8
SO14 0LT,12,1,0,3,8
SO14 0LY,12,0,1,6,5
SO14 0PP,12,0,3,5,4
SO14 0PH,12,0,4,3,5
SO14 3TP,12,1,2,1,8
SO14 5RW,12,0,1,7,4
SO14 6QY,12,0,0,1,11
SO14 6BD,12,0,1,4,7
SO17 1RE,12,0,0,3,9
SO17 1XJ,12,0,5,2,5
SO16 9SA,12,2,3,4,3
SO16 9HR,12,1,1,6,4
SO16 9QP,12,0,2,2,8
SO16 9PU,12,1,3,5,3
SO16 9PE,12,1,4,2,5
SO16 9ND,12,1,2,1,8
SO18 1EE,12,0,5,2,5
SO18 1BQ,12,1,0,2,9
SO18 1AE,12,1,4,1,6
SO17 3TA,12,0,4,1,7
SO18 1BL,12,0,2,3,7
SO18 1AW,12,0,1,4,7
SO18 1BB,12,1,5,3,3
SO18 1BD,12,0,3,4,5
SO17 2FF,12,2,0,3,7
SO17 2GD,12,0,3,3,6
SO17 2GQ,12,0,0,1,11
SO17 2HS,12,1,7,0,4
SO18 2EP,12,1,5,5,1
SO18 2FQ,12,0,3,1,8
SO18 3RP,12,1,4,3,4
SO18 4AR,12,1,3,2,6
SO18 4EU,12,0,0,3,9
SO18 3NF,12,0,1,3,8
SO18 2PQ,12,0,2,2,8
SO18 5PR,12,0,2,5,5
SO18 5QF,12,0,2,2,8
SO18 5TJ,12,0,1,4,7
SO18 4SS,12,2,6,1,3
SO18 4SX,12,1,2,3,6
SO18 5DZ,12,1,2,5,4
SO18 5GD,12,0,5,3,4
SO19 9UB,12,0,0,4,8
SO19 9UF,12,0,1,2,9
SO19 9JY,12,0,10,0,2
SO19 9NB,12,2,4,3,3
SO19 9NE,12,1,2,0,9
SO19 8ND,12,0,2,2,8
SO19 8GE,12,0,0,3,9
SO19 7RF,12,0,1,5,6
SO19 7PS,12,1,0,2,9
SO19 7QS,12,0,1,4,7
SO19 7NQ,12,0,1,3,8
SO19 7LZ,12,0,0,2,10
SO19 7NB,12,0,0,2,10
SO19 9BZ,12,1,4,2,5
SO19 9EB,12,0,1,3,8
SO19 9HQ,12,1,3,3,5
SO19 9GN,12,0,3,3,6
SO19 9FN,12,0,2,1,9
SO19 7JP,12,0,2,3,7
SO19 7LG,12,1,2,2,7
SO19 7DE,12,1,1,3,7
SO19 7BU,12,0,1,4,7
SO19 6GU,12,3,6,3,0
SO19 6JH,12,0,1,5,6
SO19 6EN,12,0,7,3,2
SO19 6ER,12,0,3,3,6
SO19 6FH,12,1,3,2,6
SO19 6BJ,12,0,3,3,6
SO19 4DY,12,0,1,4,7
SO19 4DA,12,0,0,2,10
SO19 4DD,12,0,0,1,11
SO19 4DE,12,0,1,0,11
SO19 4BR,12,0,0,3,9
SO19 5LU,12,0,2,3,7
SO19 0JA,12,0,3,3,6
SO19 1BN,12,0,0,2,10
SO19 2EB,12,0,1,2,9
SO19 1DL,12,0,0,1,11
SO19 1BZ,11,0,1,0,10
SO19 1SF,11,0,2,4,5
SO19 1DS,11,0,1,3,7
SO19 2EW,11,0,2,4,5
SO19 2EP,11,0,3,2,6
SO19 0JP,11,2,1,4,4
SO19 5LH,11,1,1,6,3
SO19 2QJ,11,1,0,2,8
SO19 4ED,11,0,1,1,9
SO19 2HZ,11,0,0,2,9
SO19 2HD,11,1,2,3,5
SO19 6BT,11,0,2,4,5
SO19 6DH,11,1,2,6,2
SO19 6AF,11,1,4,4,2
SO19 6AS,11,2,3,4,2
SO19 6HE,11,1,2,6,2
SO19 7DD,11,0,0,2,9
SO19 7GE,11,0,1,3,7
SO19 7LL,11,2,3,2,4
SO19 7JU,11,0,1,2,8
SO19 6RN,11,1,3,0,7
SO19 7AA,11,1,0,4,6
SO19 6LW,11,1,5,2,3
SO19 9EW,11,0,0,1,10
SO19 9EG,11,0,1,0,10
SO19 9EH,11,0,3,3,5
SO19 9EL,11,0,1,1,9
SO19 9HF,11,0,2,3,6
SO19 9HW,11,2,3,2,4
SO19 9DA,11,0,1,4,6
SO19 8RP,11,0,0,3,8
SO19 8TD,11,0,3,2,6
SO19 8TF,11,0,2,6,3
SO19 9AX,11,0,2,5,4
SO19 7QN,11,0,0,0,11
SO19 8BB,11,0,0,3,8
SO19 8BN,11,0,2,2,7
SO19 8ES,11,0,2,2,7
SO19 8HA,11,0,0,3,8
SO19 9LJ,11,0,2,4,5
SO19 9PH,11,0,0,3,8
SO19 9NQ,11,0,5,3,3
SO18 5GB,11,1,2,4,4
SO18 5GG,11,0,3,2,6
SO18 5GT,11,0,3,1,7
SO18 5EH,11,0,0,4,7
SO18 4SJ,11,0,3,3,5
SO18 4SE,11,0,4,5,2
SO18 4HP,11,0,1,3,7
SO18 4RQ,11,0,3,2,6
SO18 6AW,11,0,2,3,6
SO18 6BP,11,0,0,2,9
SO18 5QQ,11,0,2,0,9
SO18 5NA,11,0,2,1,8
SO18 2LS,11,0,6,4,1
SO18 2LT,11,0,3,2,6
SO18 3QX,11,1,3,4,3
SO18 3RQ,11,0,1,2,8
SO18 4FJ,11,0,1,1,9
SO18 2FB,11,0,0,1,10
SO18 2BF,11,0,2,1,8
SO17 2HW,11,1,6,1,3
SO17 2GE,11,1,0,1,9
SO17 2GU,11,1,3,1,6
SO17 2FW,11,0,0,2,9
SO17 3RY,11,0,0,0,11
SO17 3SB,11,0,0,2,9
SO18 1AH,11,0,3,2,6
SO18 1NG,11,0,1,1,9
SO18 1NW,11,0,0,1,10
SO18 1HP,11,0,3,5,3
SO16 9NE,11,0,1,5,5
SO16 9LR,11,0,2,8,1
SO16 9JA,11,0,7,2,2
SO16 9FD,11,0,1,1,9
SO16 9GU,11,0,4,3,4
SO16 9WA,11,0,4,2,5
SO17 1PQ,11,0,0,2,9
SO14 6HF,11,0,2,1,8
SO15 0LQ,11,0,4,1,6
SO15 0LY,11,0,0,1,10
SO14 5RX,11,1,3,4,3
SO14 3JT,11,0,7,2,2
SO14 3HP,11,0,1,4,6
SO14 3BW,11,1,2,2,6
SO14 3BD,11,0,1,3,7
SO14 0PJ,11,0,1,0,10
SO14 1JU,11,2,2,3,4
SO14 1JX,11,0,1,1,9
SO14 0SJ,11,0,0,0,11
SO14 0BB,11,0,2,1,8
SO14 0DQ,11,0,4,4,3
SO14 0EY,11,0,2,3,6
SO15 1HH,11,1,4,0,6
SO15 1JL,11,0,1,7,3
SO15 3FW,11,0,1,7,3
SO15 3GB,11,0,1,1,9
SO15 3HB,11,2,1,3,5
SO15 3ET,11,0,3,3,5
SO15 3EQ,11,0,1,2,8
SO15 3DW,11,0,0,4,7
SO15 3DL,11,3,1,2,5
SO15 3BX,11,0,1,1,9
SO15 2SW,11,0,0,1,10
SO15 5NN,11,1,0,0,10
SO15 3JZ,11,0,2,3,6
SO15 3LE,11,0,2,3,6
SO16 8EE,11,1,1,2,7
SO16 8EA,11,0,1,0,10
SO16 8EB,11,0,0,3,8
SO16 7LS,11,0,2,2,7
SO16 7LW,11,0,0,4,7
SO16 7BT,11,0,0,1,10
SO16 7ES,11,0,2,3,6
SO16 8FE,11,0,1,2,8
SO16 8FJ,11,0,0,1,10
SO16 8GF,11,1,1,2,7
SO16 8HW,11,0,4,1,6
SO16 5GH,11,1,2,3,5
SO16 5FG,11,0,0,0,11
SO16 6AL,11,1,0,5,5
SO16 6RR,11,0,0,1,10
SO16 6RJ,11,0,3,2,6
SO16 6AX,11,0,0,2,9
SO16 6BW,11,0,3,1,7
SO16 6LQ,11,1,3,3,4
SO16 6HR,11,0,1,4,6
SO16 3DD,11,0,1,3,7
SO15 8RJ,11,1,3,2,5
SO15 7PY,11,0,2,3,6
SO15 7QT,11,0,0,4,7
SO16 4QX,11,0,2,2,7
SO16 4DP,11,1,3,3,4
SO16 4DJ,11,0,0,1,10
SO16 3JY,11,0,0,2,9
SO16 4BQ,10,0,1,5,4
SO16 4EF,10,0,4,3,3
SO16 4GN,10,0,2,3,5
SO16 4HD,10,0,5,1,4
SO16 4HW,10,0,2,2,6
SO16 5DL,10,0,1,4,5
SO16 4QH,10,0,0,2,8
SO16 4LQ,10,0,1,1,8
SO15 7QG,10,0,0,0,10
SO15 7RN,10,1,0,0,9
SO15 7RP,10,0,1,0,9
SO15 7RE,10,0,1,3,6
SO15 8QB,10,0,1,2,7
SO15 8QG,10,0,0,6,4
SO16 3DB,10,0,2,2,6
SO16 3BU,10,0,1,5,4
SO16 3EP,10,1,0,2,7
SO16 3DJ,10,0,5,0,5
SO16 3EH,10,0,1,1,8
SO16 3EJ,10,2,4,2,2
SO16 3AY,10,0,1,5,4
SO16 3BA,10,0,4,2,4
SO16 3AW,10,0,2,4,4
SO16 6PS,10,0,2,1,7
SO16 6BH,10,0,3,0,7
SO16 6AP,10,1,2,3,4
SO16 6AG,10,0,4,2,4
SO16 5SB,10,0,3,4,3
SO16 5JP,10,0,1,1,8
SO16 5EX,10,0,2,2,6
SO16 5EG,10,0,2,5,3
SO16 5EA,10,0,0,3,7
SO16 5FU,10,0,4,0,6
SO16 8HP,10,0,0,4,6
SO16 8GB,10,1,5,3,1
SO16 8FG,10,3,0,1,6
SO16 9EE,10,0,3,3,4
SO16 9EJ,10,0,4,2,4
SO16 8NN,10,0,0,3,7
SO15 4JW,10,0,1,5,4
SO15 4JN,10,1,2,1,6
SO15 4LE,10,0,1,3,6
SO15 4JJ,10,0,3,4,3
SO15 5NR,10,0,0,1,9
SO15 5NL,10,0,1,0,9
SO15 5PZ,10,0,5,2,3
SO15 5JX,10,0,4,1,5
SO15 5FL,10,0,2,2,6
SO15 2TH,10,0,2,2,6
SO15 2SN,10,0,1,1,8
SO15 2TU,10,0,0,2,8
SO15 3BG,10,0,0,3,7
SO15 3GJ,10,0,0,5,5
SO15 3FX,10,0,1,2,7
SO15 1JQ,10,0,2,1,7
SO15 2BN,10,1,3,1,5
SO15 2JF,10,0,2,3,5
SO15 2JZ,10,2,0,0,8
SO14 0BJ,10,0,6,2,2
SO14 0DG,10,1,1,3,5
SO14 0AE,10,0,1,0,9
SO14 0PG,10,0,2,1,7
SO14 0LD,10,0,1,3,6
SO14 1PT,10,0,0,2,8
SO14 1NT,10,0,1,0,9
SO14 1PJ,10,0,3,1,6
SO14 3AL,10,2,0,2,6
SO14 3DQ,10,0,5,3,2
SO14 5AD,10,0,5,2,3
SO14 5RS,10,0,1,6,3
SO14 5SR,10,1,1,2,6
SO14 5SG,10,0,3,2,5
SO14 5SH,10,0,1,3,6
SO15 0SB,10,0,4,2,4
SO14 6GX,10,0,1,0,9
SO17 1NT,10,0,2,1,7
SO17 1QB,10,0,0,4,6
SO17 1QG,10,0,0,1,9
SO17 1RH,10,0,1,1,8
SO17 1SX,10,0,0,4,6
SO16 9FN,10,0,0,3,7
SO16 9HA,10,0,5,1,4
SO16 9LP,10,0,1,3,6
SO18 1LL,10,0,2,4,4
SO18 1AS,10,0,0,4,6
SO18 1DP,10,0,0,1,9
SO18 1FW,10,2,0,1,7
SO17 3SF,10,0,0,0,10
SO17 3SG,10,0,1,1,8
SO17 3SQ,10,0,6,0,4
SO17 2HE,10,0,2,3,5
SO17 2GF,10,0,3,1,6
SO17 2JJ,10,0,0,3,7
SO18 2AY,10,0,3,0,7
SO18 2EL,10,3,2,1,4
SO18 2EW,10,0,2,2,6
SO18 2GA,10,0,2,0,8
SO18 2GE,10,0,3,1,6
SO18 3RR,10,0,1,2,7
SO18 4EH,10,1,0,0,9
SO18 2LQ,10,0,1,4,5
SO18 2LE,10,0,4,4,2
SO18 2LY,10,2,2,3,3
SO18 2PR,10,1,3,0,6
SO18 2QE,10,0,1,0,9
SO18 2PG,10,0,2,3,5
SO18 2RP,10,0,6,1,3
SO18 3AD,10,0,1,1,8
SO18 5PD,10,0,4,2,4
SO18 5PE,10,1,1,1,7
SO18 4RS,10,0,4,0,6
SO18 4RA,10,0,0,4,6
SO18 4RF,10,0,0,2,8
SO18 5GS,10,0,0,2,8
SO19 9QQ,10,0,4,1,5
SO19 9NF,10,0,0,1,9
SO19 9NG,10,1,0,4,5
SO19 9TU,10,1,2,0,7
SO19 8GF,10,0,0,3,7
SO19 8GH,10,0,0,2,8
SO19 8EZ,10,0,0,0,10
SO19 8BA,10,1,1,0,8
SO19 7SB,10,2,3,2,3
SO19 7LX,10,0,1,1,8
SO19 7NJ,10,2,0,2,6
SO19 8PE,10,0,1,1,8
SO19 9DG,10,0,1,3,6
SO19 9DN,10,0,4,2,4
SO19 6NW,10,1,1,3,5
SO19 6PL,10,3,1,2,4
SO19 7JW,10,0,0,1,9
SO19 7JY,10,2,4,2,2
SO19 7LA,10,0,3,2,5
SO19 7LB,10,0,2,3,5
SO19 7AN,10,1,1,0,8
SO19 7BX,10,0,1,2,7
SO19 6LL,10,1,3,1,5
SO19 6JW,10,0,7,1,2
SO19 6DA,10,0,3,3,4
SO19 6FE,10,0,4,0,6
SO19 6FF,10,0,2,3,5
SO19 2FE,10,1,1,1,7
SO19 2QG,10,0,2,1,7
SO19 4DF,10,0,1,2,7
SO19 0JF,10,0,1,5,4
SO19 0JH,10,0,6,3,1
SO19 0EP,10,0,1,1,8
SO19 2EQ,10,1,2,3,4
SO19 2AH,10,0,0,3,7
SO19 1DJ,10,1,4,4,1
SO19 1BR,9,0,0,1,8
SO19 2BL,9,0,1,1,7
SO19 0NL,9,0,0,1,8
SO19 0SX,9,1,3,1,4
SO19 0TQ,9,1,2,1,5
SO19 5AF,9,0,2,3,4
SO19 2QD,9,0,0,0,9
SO19 2NW,9,2,4,2,1
SO19 2PB,9,1,2,1,5
SO19 2FG,9,0,2,2,5
SO19 2HB,9,0,2,2,5
SO19 6DP,9,0,4,1,4
SO19 6BG,9,0,2,0,7
SO19 6JT,9,0,2,2,5
SO19 6HB,9,0,3,3,3
SO19 6GY,9,0,1,3,5
SO19 6FR,9,0,1,1,7
SO19 6GJ,9,1,3,3,2
SO19 7LD,9,0,1,3,5
SO19 7LT,9,2,1,0,6
SO19 6PG,9,1,0,3,5
SO19 6NB,9,0,6,3,0
SO19 7AL,9,0,1,2,6
SO19 7AX,9,0,0,2,7
SO19 9DR,9,0,0,1,8
SO19 9BW,9,0,2,4,3
SO19 9BY,9,0,2,0,7
SO19 9BS,9,0,1,1,7
SO19 9AT,9,0,4,1,4
SO19 9BN,9,0,1,1,7
SO19 8QW,9,1,1,1,6
SO19 9HB,9,0,1,1,7
SO19 9FH,9,0,1,2,6
SO19 9GF,9,0,2,3,4
SO19 9FR,9,0,1,2,6
SO19 8AW,9,0,2,0,7
SO19 8AX,9,0,1,4,4
SO19 8AN,9,0,1,2,6
SO19 8AH,9,0,0,2,7
SO19 8BL,9,1,0,3,5
SO19 8HD,9,0,0,2,7
SO19 8LQ,9,0,4,2,3
SO19 9TY,9,1,0,4,4
SO19 9UG,9,1,3,2,3
SO19 9UW,9,0,2,4,3
SO19 9RT,9,0,3,4,2
SO19 9LH,9,1,1,1,6
SO19 9PS,9,0,1,3,5
SO19 9NL,9,0,2,4,3
SO18 5GR,9,0,1,7,1
SO18 5GW,9,0,1,3,5
SO18 5FZ,9,5,2,2,0
SO18 4GY,9,0,1,3,5
SO18 4PR,9,0,1,0,8
SO18 4SL,9,0,4,0,5
SO18 5PB,9,1,4,3,1
SO18 6RW,9,0,5,1,3
SO18 6NU,9,0,0,3,6
SO18 6AZ,9,0,2,3,4
SO18 6BL,9,2,2,1,4
SO18 4EQ,9,0,3,1,5
SO18 4FQ,9,0,3,2,4
SO18 2GG,9,0,1,2,6
SO18 2EZ,9,0,0,3,6
SO18 2GT,9,0,0,1,8
SO18 2DD,9,2,0,3,4
SO17 2LJ,9,2,1,4,2
SO17 2WL,9,0,3,1,5
SO17 2NE,9,0,0,1,8
SO18 1FT,9,0,1,1,7
SO18 1FU,9,1,3,3,2
SO18 1GF,9,0,0,1,8
SO18 1DR,9,0,1,1,7
SO18 1DL,9,0,0,5,4
SO17 3TF,9,0,6,1,2
SO18 1NR,9,0,3,0,6
SO18 1NL,9,0,0,3,6
SO16 9LN,9,1,4,3,1
SO16 9LX,9,0,1,4,4
SO16 9QG,9,0,1,2,6
SO16 9HN,9,0,3,2,4
SO16 9EY,9,0,1,2,6
SO16 9GJ,9,1,1,2,5
SO17 1RU,9,0,0,2,7
SO17 1SB,9,0,0,1,8
SO17 2AS,9,0,4,1,4
SO17 1WA,9,1,1,1,6
SO17 1PL,9,0,1,0,8
SO16 9QJ,9,0,1,2,6
SO14 6RE,9,0,4,1,4
SO15 0NS,9,1,0,3,5
SO14 6UH,9,0,3,1,5
SO14 6UQ,9,3,0,0,6
SO14 5SU,9,0,0,1,8
SO14 5SY,9,1,0,1,7
SO14 5FD,9,0,2,2,5
SO14 3QX,9,0,6,3,0
SO14 3EY,9,0,2,2,5
SO14 3FW,9,0,0,3,6
SO14 1NJ,9,0,0,4,5
SO14 1TD,9,0,2,3,4
SO14 0LB,9,0,1,3,5
SO14 0NS,9,0,1,2,6
SO14 0PX,9,1,5,0,3
SO14 0SZ,9,0,3,1,5
SO14 0AP,9,1,3,3,2
SO14 0FB,9,0,0,2,7
SO14 0FD,9,0,2,3,4
SO14 0DT,9,0,3,3,3
SO15 2LF,9,0,0,1,8
SO15 2JB,9,0,2,1,6
SO15 2RS,9,0,0,1,8
SO15 2LP,9,0,1,1,7
SO15 2LZ,9,0,2,0,7
SO15 2FN,9,0,0,2,7
SO15 2FT,9,0,0,0,9
SO15 1JP,9,0,0,3,6
SO15 2AD,9,0,1,3,5
SO15 1HR,9,0,1,4,4
SO15 3GX,9,0,1,2,6
SO15 3HA,9,0,0,1,8
SO15 3DU,9,0,1,0,8
SO15 3FG,9,0,1,3,5
SO15 3BT,9,0,0,4,5
SO15 3BW,9,0,0,3,6
SO15 2TT,9,2,1,1,5
SO15 5FU,9,1,3,1,4
SO15 5FY,9,0,1,4,4
SO15 5FB,9,0,1,4,4
SO15 5FD,9,0,1,2,6
SO15 5GF,9,0,0,0,9
SO15 5DY,9,0,2,1,6
SO15 5EL,9,0,0,3,6
SO15 5LG,9,0,3,2,4
SO15 5QA,9,1,1,1,6
SO15 5PP,9,0,1,0,8
SO15 5NU,9,0,2,2,5
SO15 5NP,9,0,1,1,7
SO15 5NG,9,0,0,3,6
SO15 4JX,9,0,1,3,5
SO15 5BD,9,0,3,2,4
SO15 5BQ,9,0,2,0,7
SO15 4LU,9,0,3,2,4
SO15 3JD,9,0,1,1,7
SO15 4HB,9,0,3,1,5
SO15 4HH,9,0,0,5,4
SO15 3NU,9,0,2,2,5
SO16 9AH,9,0,1,2,6
SO16 9BB,9,0,2,4,3
SO16 9EG,9,0,6,1,2
SO16 9DS,9,0,4,0,5
SO16 9DD,9,0,2,3,4
SO16 8FF,9,0,2,2,5
SO16 8EU,9,0,2,3,4
SO16 7AD,9,0,0,1,8
SO16 7BQ,9,0,2,1,6
SO16 7DT,9,0,3,0,6
SO16 8BL,9,0,3,1,5
SO16 5FZ,9,1,2,2,4
SO16 5ER,9,0,2,3,4
SO16 5NQ,9,0,0,0,9
SO16 5NE,9,1,1,4,3
SO16 5SQ,9,1,1,2,5
SO16 5SW,9,0,0,1,8
SO16 6AZ,9,0,1,0,8
SO16 6BB,9,0,1,1,7
SO16 6FN,9,0,0,6,3
SO16 6PU,9,0,4,0,5
SO16 6BQ,9,2,0,4,3
SO16 6LR,9,0,2,5,2
SO16 6RT,9,0,3,3,3
SO16 6SQ,9,0,2,1,6
SO16 6QY,9,1,1,3,4
SO16 6QS,9,0,2,3,4
SO16 6QF,9,3,2,1,3
SO16 6QJ,9,0,1,2,6
SO16 6US,9,0,0,1,8
SO16 6TX,9,2,0,1,6
SO16 6TH,9,0,3,1,5
SO16 2NR,9,0,2,5,2
SO16 2NT,9,0,0,2,7
SO16 2PG,9,0,3,1,5
SO15 8QQ,9,0,1,0,8
SO16 2HZ,9,0,2,3,4
SO16 2HX,9,0,1,0,8
SO16 0BL,9,0,1,3,5
SO15 7QL,9,0,0,0,9
SO15 8PE,9,0,0,4,5
SO15 8PP,9,0,3,0,6
SO15 8PX,9,0,3,2,4
SO15 5RE,9,0,1,1,7
SO15 5QG,9,0,0,4,5
SO16 4LP,9,0,0,5,4
SO16 4NE,9,0,1,5,3
SO16 4QJ,9,0,2,3,4
SO16 4PY,9,2,4,2,1
SO16 5DN,9,1,1,1,6
SO16 5DP,9,0,3,1,5
SO16 5AL,9,1,1,2,5
SO16 4LH,9,0,1,2,6
SO16 4GH,9,0,1,3,5
SO16 4GB,9,0,0,1,8
SO16 4EH,9,0,2,1,6
SO16 4BX,9,0,3,2,4
SO16 4AL,9,0,2,2,5
SO16 3NB,9,0,0,0,9
SO16 3HD,9,1,2,3,3
SO16 3GY,9,0,1,1,7
SO16 3LN,8,0,0,0,8
SO16 3JZ,8,1,2,2,3
SO16 4BZ,8,0,3,1,4
SO16 3TN,8,0,0,3,5
SO16 4AD,8,0,2,1,5
SO16 4EP,8,0,1,2,5
SO16 4EU,8,0,1,4,3
SO16 4FQ,8,0,1,2,5
SO16 4DR,8,0,0,3,5
SO16 4LJ,8,1,3,0,4
SO16 4LL,8,0,0,3,5
SO16 4NA,8,0,1,4,3
SO15 5QZ,8,0,1,4,3
SO15 5RU,8,1,2,1,4
SO15 7PF,8,0,1,1,6
SO15 5WB,8,0,0,2,6
SO15 8PG,8,0,0,2,6
SO15 8LF,8,0,0,2,6
SO15 7RH,8,0,0,4,4
SO15 7QZ,8,0,1,2,5
SO15 8QU,8,2,1,1,4
SO15 8RA,8,1,2,0,5
SO16 2PF,8,0,1,1,6
SO16 2NZ,8,0,3,1,4
SO16 6UN,8,0,1,2,5
SO16 6RS,8,0,0,1,7
SO16 6PX,8,0,2,1,5
SO16 6PZ,8,0,1,0,7
SO16 6DD,8,0,1,1,6
SO16 6BN,8,0,1,0,7
SO16 6BT,8,1,2,2,3
SO16 6AR,8,0,3,2,3
SO16 5ES,8,0,3,1,4
SO16 5HU,8,0,0,2,6
SO16 5GS,8,0,5,1,2
SO16 8BE,8,0,1,2,5
SO16 8EH,8,1,1,0,6
SO16 7ET,8,0,0,1,7
SO16 7EW,8,0,0,1,7
SO16 7GD,8,0,0,2,6
SO16 8GD,8,0,0,0,8
SO16 8GN,8,1,3,2,2
SO16 8HH,8,1,1,1,5
SO16 8FX,8,1,1,4,2
SO16 9DE,8,2,1,2,3
SO16 9DP,8,0,3,2,3
SO16 9EH,8,0,3,2,3
SO16 9DX,8,0,4,2,2
SO16 9AN,8,0,4,1,3
SO15 4GR,8,0,2,1,5
SO15 5AE,8,0,1,2,5
SO15 5AL,8,0,2,1,5
SO15 4HZ,8,0,3,1,4
SO15 4HU,8,0,0,2,6
SO15 5NT,8,1,0,3,4
SO15 5PX,8,0,3,3,2
SO15 5PY,8,1,4,0,3
SO15 5PT,8,0,1,3,4
SO15 5EQ,8,0,2,1,5
SO15 5ER,8,0,1,0,7
SO15 5DT,8,0,0,3,5
SO15 5DU,8,0,4,0,4
SO15 5GN,8,0,0,2,6
SO15 5GX,8,0,0,3,5
SO15 5HF,8,0,0,1,7
SO15 2RZ,8,0,1,0,7
SO15 3AT,8,1,2,2,3
SO15 3AU,8,0,1,1,6
SO15 3AW,8,0,0,1,7
SO15 3AQ,8,1,2,0,5
SO15 3HD,8,0,3,3,2
SO15 3GY,8,0,1,1,6
SO15 3HF,8,3,0,3,2
SO15 3FS,8,0,1,1,6
SO15 1JE,8,0,0,3,5
SO15 1HP,8,0,2,3,3
SO15 2BU,8,0,0,2,6
SO15 2DR,8,0,0,1,7
SO15 2NZ,8,0,0,1,7
SO15 2JJ,8,0,0,0,8
SO15 2JW,8,0,0,3,5
SO15 2HN,8,2,1,2,3
SO14 0DW,8,1,2,0,5
SO14 0DX,8,0,2,1,5
SO14 0EE,8,0,1,2,5
SO14 0BH,8,0,2,1,5
SO14 0BD,8,0,3,1,4
SO14 0BY,8,0,2,2,4
SO14 0TD,8,0,0,0,8
SO14 0PL,8,0,1,3,4
SO14 0LJ,8,0,4,2,2
SO14 1TA,8,0,2,1,5
SO14 1TB,8,0,2,0,6
SO14 2NW,8,0,4,2,2
SO14 0PU,8,0,5,1,2
SO14 3HW,8,0,0,1,7
SO14 3JA,8,0,2,3,3
SO14 3JD,8,0,2,4,2
SO14 3AR,8,0,2,0,6
SO14 5BD,8,0,3,0,5
SO14 5SB,8,0,4,1,3
SO15 0LR,8,1,3,2,2
SO15 0LZ,8,1,1,4,2
SO14 7DT,8,0,0,3,5
SO15 0HU,8,1,5,0,2
SO14 6QS,8,0,1,4,3
SO14 6QW,8,0,0,0,8
SO14 6RJ,8,0,2,0,6
SO14 6RZ,8,0,0,2,6
SO14 6HH,8,0,0,1,7
SO17 1DW,8,0,0,3,5
SO17 1EN,8,0,1,1,6
SO17 1QF,8,0,0,1,7
SO17 1SY,8,0,0,2,6
SO16 9FT,8,0,5,3,0
SO16 9HB,8,0,2,2,4
SO16 9HE,8,0,1,3,4
SO16 9PP,8,0,0,1,7
SO16 9RD,8,0,1,0,7
SO16 9PB,8,0,2,1,5
SO16 9NA,8,0,5,2,1
SO16 9NR,8,0,1,2,5
SO16 9NX,8,0,5,1,2
SO16 9NZ,8,0,0,0,8
SO18 1NZ,8,0,1,0,7
SO18 1JF,8,0,0,1,7
SO18 1HN,8,0,2,1,5
SO18 1AZ,8,0,1,0,7
SO18 1GE,8,0,0,4,4
SO17 3SH,8,0,1,1,6
SO17 3SJ,8,0,1,1,6
SO17 2JN,8,0,0,3,5
SO17 2JP,8,1,2,2,3
SO17 2HX,8,0,1,3,4
SO17 2JA,8,0,0,0,8
SO17 2HQ,8,0,2,2,4
SO17 2HL,8,0,1,0,7
SO17 2GT,8,0,2,1,5
SO17 2FH,8,0,2,0,6
SO18 2AE,8,0,0,1,7
SO18 1QB,8,0,0,2,6
SO18 2FX,8,0,1,1,6
SO18 4ET,8,0,1,3,4
SO18 4EG,8,0,1,2,5
SO18 2PY,8,0,0,3,5
SO18 2NE,8,0,3,0,5
SO18 5TP,8,1,2,1,4
SO18 5PQ,8,0,0,1,7
SO18 5PA,8,0,2,1,5
SO18 5NH,8,1,1,1,5
SO18 5QY,8,0,2,1,5
SO18 5RR,8,0,0,2,6
SO18 4SW,8,0,0,2,6
SO18 4SG,8,0,5,1,2
SO18 4TB,8,0,1,3,4
SO18 4QE,8,0,0,2,6
SO18 4RH,8,0,1,0,7
SO18 4QH,8,1,0,1,6
SO18 5GJ,8,1,1,4,2
SO18 5GN,8,0,3,2,3
SO18 5GP,8,0,3,0,5
SO18 5FR,8,1,1,1,5
SO18 5FU,8,1,1,2,4
SO18 5FH,8,1,0,1,6
SO18 5EP,8,0,0,3,5
SO18 5EQ,8,1,0,0,7
SO19 9JN,8,0,2,2,4
SO19 9SQ,8,0,0,2,6
SO19 9SW,8,0,2,1,5
SO19 9TE,8,3,0,0,5
SO19 9TL,8,0,4,0,4
SO30 3LH,8,0,1,3,4
SO19 8JU,8,1,2,2,3
SO19 8LA,8,0,0,0,8
SO19 8NY,8,0,0,2,6
SO19 8EX,8,1,1,4,2
SO19 8AA,8,1,2,2,3
SO19 7NR,8,0,1,3,4
SO19 9ES,8,0,1,1,6
SO19 8PF,8,0,0,1,7
SO19 9DX,8,0,1,1,6
SO19 9DP,8,0,1,1,6
SO19 6LX,8,0,2,2,4
SO19 6NU,8,0,1,3,4
SO19 6LU,8,1,1,3,3
SO19 6NL,8,1,1,1,5
SO19 6PJ,8,0,1,4,3
SO19 7JH,8,1,0,2,5
SO19 7JJ,8,0,0,2,6
SO19 7BZ,8,0,1,0,7
SO19 7BQ,8,1,0,0,7
SO19 6GS,8,0,0,1,7
SO19 6FW,8,0,1,3,4
SO19 6GA,8,0,0,3,5
SO19 6JE,8,0,2,1,5
SO19 6LE,8,0,2,1,5
SO19 6LH,8,2,0,1,5
SO19 6BZ,8,0,5,0,3
SO19 6FG,8,0,3,1,4
SO19 6EQ,8,0,2,2,4
SO19 2HE,8,0,2,1,5
SO19 2FS,8,0,1,2,5
SO19 2HY,8,1,1,2,4
SO19 2JB,8,0,2,4,2
SO19 4EB,8,0,1,3,4
SO19 4DG,8,0,0,1,7
SO19 5JS,8,0,0,1,7
SO19 0SA,8,2,6,0,0
SO19 0ER,8,0,0,5,3
SO19 0ET,8,0,0,1,7
SO19 0HQ,8,0,2,3,3
SO19 2DW,8,0,1,2,5
SO19 1DU,8,2,4,0,2
SO19 1DX,8,0,0,2,6
SO19 1EE,8,0,1,4,3
SO19 1SH,7,0,3,2,2
SO19 1FW,7,0,0,2,5
SO19 1EB,7,0,0,2,5
SO19 1DP,7,0,0,0,7
SO19 1BT,7,0,1,1,5
SO19 1DH,7,0,0,3,4
SO19 2BH,7,0,1,2,4
SO19 0EL,7,0,1,2,4
SO19 0NS,7,1,0,2,4
SO19 0QJ,7,0,0,0,7
SO19 5JN,7,0,2,2,3
SO19 5FF,7,0,0,2,5
SO19 5LE,7,0,1,3,3
SO19 5LF,7,1,3,0,3
SO19 5JX,7,0,0,0,7
SO19 5SY,7,0,0,1,6
SO19 5EW,7,0,3,1,3
SO19 4BZ,7,0,0,3,4
SO19 4DJ,7,0,0,2,5
SO19 2NU,7,1,1,4,1
SO19 2PU,7,0,5,1,1
SO19 2FY,7,0,1,1,5
SO19 2HH,7,0,0,4,3
SO19 6FJ,7,0,0,0,7
SO19 6BR,7,0,2,1,4
SO19 6HW,7,0,1,5,1
SO19 6JP,7,1,1,2,3
SO19 6GW,7,0,2,0,5
SO19 7JR,7,0,2,2,3
SO19 7JZ,7,0,0,2,5
SO19 7LF,7,1,0,0,6
SO19 6NJ,7,1,1,2,3
SO19 7AB,7,0,0,1,6
SO19 7AD,7,0,0,1,6
SO19 9DQ,7,0,0,1,6
SO19 9BT,7,0,0,1,6
SO19 9BU,7,0,4,1,2
SO19 8QN,7,1,0,1,5
SO19 8SH,7,0,1,0,6
SO19 9AJ,7,0,0,1,6
SO19 9AB,7,1,2,1,3
SO19 9FF,7,0,0,2,5
SO19 9FU,7,0,1,2,4
SO19 7QA,7,0,0,0,7
SO19 7RD,7,0,0,0,7
SO19 8FE,7,0,2,2,3
SO19 8HE,7,2,0,1,4
SO19 8GX,7,0,2,2,3
SO19 8GS,7,0,1,1,5
SO19 8GT,7,0,4,1,2
SO19 8NW,7,0,0,0,7
SO19 8LW,7,0,0,1,6
SO30 3HT,7,0,0,1,6
SO30 3JP,7,0,4,1,2
SO19 9TJ,7,1,4,0,2
SO19 9SS,7,0,1,3,3
SO19 9SP,7,0,1,2,4
SO19 9RA,7,0,1,1,5
SO19 9UJ,7,0,0,2,5
SO19 9JS,7,0,0,1,6
SO19 9LB,7,1,4,2,0
SO19 9NH,7,0,1,2,4
SO19 9LX,7,0,1,4,2
SO19 9LY,7,0,1,3,3
SO19 9QG,7,0,0,1,6
SO18 5FJ,7,0,1,0,6
SO18 5FX,7,3,1,1,2
SO18 5EL,7,0,0,2,5
SO18 5DG,7,0,0,3,4
SO18 5GY,7,0,1,2,4
SO18 4QL,7,0,5,2,0
SO18 5AF,7,0,4,1,2
SO18 5BU,7,0,0,2,5
SO18 5BW,7,0,0,4,3
SO18 4SQ,7,1,4,1,1
SO18 4RZ,7,0,0,1,6
SO18 5QX,7,0,1,1,5
SO18 5RQ,7,0,0,4,3
SO18 5RD,7,0,2,3,2
SO18 5QR,7,0,0,0,7
SO18 5QG,7,2,0,1,4
SO18 5QA,7,0,3,1,3
SO18 6PH,7,0,0,2,5
SO19 0DU,7,1,5,0,1
SO18 2LZ,7,0,2,0,5
SO18 2NB,7,0,2,1,4
SO18 2PD,7,0,1,0,6
SO18 2PF,7,0,0,1,6
SO18 2PX,7,0,2,2,3
SO18 4ES,7,0,0,0,7
SO18 4EN,7,0,0,0,7
SO18 4FF,7,0,0,1,6
SO18 4FD,7,0,1,3,3
SO18 3QL,7,0,1,1,5
SO18 3NL,7,0,0,0,7
SO18 2GN,7,0,2,2,3
SO18 2EU,7,0,1,3,3
SO18 2FG,7,0,4,0,3
SO18 2HF,7,1,2,1,3
SO18 2JE,7,1,2,2,2
SO18 2JJ,7,0,1,1,5
SO18 2AN,7,0,1,1,5
SO18 2AD,7,0,1,2,4
SO18 2BE,7,0,0,3,4
SO18 2DP,7,0,1,3,3
SO17 2GJ,7,0,5,2,0
SO17 2HH,7,1,0,1,5
SO17 2HU,7,0,4,0,3
SO17 2JF,7,2,2,1,2
SO17 3SL,7,0,0,0,7
SO17 3SA,7,0,2,1,4
SO17 3QY,7,0,0,2,5
SO17 3RE,7,0,0,5,2
SO17 3RN,7,0,0,1,6
SO17 3RT,7,0,1,0,6
SO17 2LP,7,0,1,0,6
SO17 3AB,7,0,1,2,4
SO17 2UB,7,0,1,2,4
SO18 1EH,7,0,2,1,4
SO18 1GL,7,0,4,0,3
SO18 1GP,7,0,1,3,3
SO18 1GA,7,0,1,0,6
SO18 1EN,7,0,1,4,2
SO18 1EP,7,0,0,0,7
SO18 1AT,7,1,0,0,6
SO18 1HH,7,1,3,1,2
SO18 1JD,7,0,2,1,4
SO18 1LB,7,0,0,2,5
SO18 1NU,7,0,0,3,4
SO18 1LZ,7,0,0,1,6
SO18 1LR,7,0,0,1,6
SO16 9NL,7,0,1,1,5
SO16 9NN,7,0,1,1,5
SO16 9LJ,7,0,0,3,4
SO16 9PN,7,0,1,0,6
SO16 9QB,7,0,2,1,4
SO16 9PY,7,1,2,1,3
SO16 9QN,7,0,1,0,6
SO16 9HT,7,0,0,2,5
SO16 9JE,7,0,3,1,3
SO16 9HW,7,0,3,1,3
SO16 9HQ,7,0,3,0,4
SO16 9GT,7,0,1,2,4
SO17 1RY,7,0,2,4,1
SO17 1RZ,7,0,4,1,2
SO17 1TG,7,0,1,2,4
SO17 2EU,7,0,1,2,4
SO17 1DU,7,0,0,0,7
SO17 1PA,7,0,1,1,5
SO14 6HL,7,0,2,1,4
SO14 6GJ,7,0,0,0,7
SO14 6GP,7,0,0,2,5
SO14 6UN,7,0,0,1,6
SO14 6UG,7,0,0,1,6
SO14 5SW,7,0,2,1,4
SO14 5FH,7,0,1,1,5
SO14 3BU,7,0,2,2,3
SO14 3ED,7,0,1,1,5
SO14 1LX,7,0,0,2,5
SO14 0LE,7,0,2,0,5
SO14 0LU,7,0,5,2,0
SO14 0LR,7,0,2,2,3
SO15 2FQ,7,0,0,2,5
SO15 1JF,7,0,0,1,6
SO15 1JJ,7,0,2,2,3
SO15 3GN,7,0,2,0,5
SO15 3HQ,7,1,1,0,5
SO15 3EZ,7,0,0,3,4
SO15 3EU,7,0,3,3,1
SO15 3AR,7,0,2,1,4
SO15 3BP,7,0,0,3,4
SO15 3DB,7,0,2,1,4
SO15 2TW,7,0,0,0,7
SO15 3AA,7,1,3,1,2
SO15 5HG,7,0,1,2,4
SO15 5HH,7,0,1,0,6
SO15 5GY,7,0,0,1,6
SO15 5GQ,7,0,3,0,4
SO15 5DB,7,0,1,0,6
SO15 5EU,7,1,0,2,4
SO15 5QF,7,0,0,2,5
SO15 5NH,7,0,0,0,7
SO15 5LX,7,0,1,2,4
SO15 5HA,7,0,0,1,6
SO15 5HU,7,0,1,1,5
SO15 4PG,7,0,2,0,5
SO15 4LX,7,0,1,1,5
SO15 5BP,7,0,1,2,4
SO15 4GY,7,0,1,2,4
SO15 4HJ,7,0,0,1,6
SO15 3HN,7,0,3,1,3
SO15 3LP,7,0,2,2,3
SO15 3JL,7,1,0,0,6
SO15 3NB,7,0,2,2,3
SO15 3LT,7,0,1,2,4
SO15 3LX,7,0,3,1,3
SO16 8HR,7,1,2,1,3
SO16 9DY,7,1,2,0,4
SO16 9DR,7,1,0,3,3
SO16 8HT,7,0,1,2,4
SO16 8NG,7,0,2,3,2
SO16 8FB,7,1,1,1,4
SO16 7EL,7,1,4,0,2
SO16 7AJ,7,0,0,3,4
SO16 7DE,7,0,0,2,5
SO16 5JE,7,0,2,0,5
SO16 5GQ,7,1,1,4,1
SO16 5DW,7,0,1,0,6
SO16 5DX,7,0,0,2,5
SO16 5FE,7,0,0,2,5
SO16 5FR,7,0,5,2,0
SO16 6AU,7,0,1,3,3
SO16 6AD,7,0,0,1,6
SO16 5SP,7,0,1,4,2
SO16 5NH,7,3,2,1,1
SO16 6DG,7,1,3,0,3
SO16 6HT,7,0,2,0,5
SO16 6RZ,7,0,1,0,6
SO16 6RF,7,2,0,1,4
SO16 6UR,7,0,1,0,6
SO16 7AP,7,1,0,0,6
SO16 6TL,7,1,1,0,5
SO16 6SY,7,0,2,1,4
SO16 2PE,7,1,0,2,4
SO16 3BD,7,0,2,3,2
SO16 3AT,7,0,4,2,1
SO16 3AU,7,0,1,0,6
SO16 3BY,7,0,1,1,5
SO15 8RL,7,0,1,3,3
SO16 2JA,7,1,1,1,4
SO15 7RB,7,0,0,1,6
SO15 7TX,7,0,0,1,6
SO15 7PW,7,0,0,0,7
SO15 7RG,7,0,0,3,4
SO15 5SR,7,0,0,2,5
SO15 7NT,7,1,0,1,5
SO15 7PB,7,0,0,2,5
SO15 5QH,7,0,1,2,4
SO16 4NJ,7,0,0,1,6
SO16 4NL,7,0,4,0,3
SO16 5AJ,7,0,3,0,4
SO16 5DR,7,1,0,0,6
SO16 5DF,7,0,1,2,4
SO16 4QS,7,0,5,0,2
SO16 4QT,7,1,0,0,6
SO16 4RE,7,0,2,1,4
SO16 3TX,7,0,1,0,6
SO16 3TZ,7,0,1,0,6
SO16 3TP,7,0,1,1,5
SO16 3TT,7,0,0,0,7
SO16 3QH,7,0,0,0,7
SO16 3PP,7,0,1,1,5
SO16 3PT,7,0,2,1,4
SO16 4DD,7,0,0,3,4
SO16 4BL,7,0,0,2,5
SO16 4AB,7,0,2,4,1
SO16 3LE,7,0,4,0,3
SO16 3LB,7,0,2,1,4
SO16 3GR,7,0,0,2,5
SO16 3HP,7,0,1,3,3
SO31 8LX,7,0,0,1,6
SO31 8LZ,6,0,0,1,5
SO31 8PA,6,1,0,1,4
SO50 9RJ,6,0,1,1,4
SO16 3HY,6,0,1,0,5
SO16 3HF,6,0,3,2,1
SO16 3JE,6,0,0,1,5
SO16 3JS,6,0,0,2,4
SO16 4BU,6,1,0,0,5
SO16 4DE,6,0,1,2,3
SO16 4DF,6,0,0,1,5
SO16 4DA,6,0,2,2,2
SO16 3PU,6,0,2,2,2
SO16 3NX,6,0,0,0,6
SO16 4QN,6,0,0,0,6
SO16 4EB,6,0,0,1,5
SO16 4DZ,6,0,0,1,5
SO15 5QL,6,1,1,0,4
SO15 5QP,6,2,1,1,2
SO15 7NY,6,0,0,1,5
SO15 7PJ,6,0,0,1,5
SO15 7PT,6,0,1,2,3
SO15 5RT,6,1,0,1,4
SO15 5TA,6,3,2,0,1
SO15 7RW,6,0,0,0,6
SO15 8AH,6,0,0,2,4
SO15 7TZ,6,0,1,3,2
SO15 7RJ,6,0,0,0,6
SO15 8QY,6,0,3,1,2
SO16 3DG,6,0,0,2,4
SO16 3DU,6,0,0,3,3
SO16 2NS,6,0,2,2,2
SO16 6TA,6,3,1,1,1
SO16 6RE,6,0,1,0,5
SO16 6SH,6,0,1,2,3
SO16 6RU,6,0,2,1,3
SO16 6RW,6,0,0,3,3
SO16 6LT,6,2,1,0,3
SO16 6PR,6,0,0,0,6
SO16 6PT,6,0,1,2,3
SO16 6LZ,6,0,1,1,4
SO16 6NA,6,0,0,2,4
SO16 6DJ,6,0,5,1,0
SO16 5JR,6,0,0,2,4
SO16 5JG,6,0,0,1,5
SO16 5FS,6,1,1,1,3
SO16 5FT,6,0,1,3,2
SO16 5EP,6,0,2,1,3
SO16 5EZ,6,0,1,2,3
SO16 5GD,6,2,1,1,2
SO16 5GU,6,2,1,2,1
SO16 5HD,6,0,3,2,1
SO16 7AE,6,0,1,1,4
SO16 7DR,6,0,0,0,6
SO16 7DJ,6,0,0,2,4
SO16 7EA,6,0,0,3,3
SO16 7EU,6,0,0,2,4
SO16 7FB,6,0,0,1,5
SO16 7FT,6,0,0,1,5
SO16 7PD,6,0,0,0,6
SO16 7PL,6,0,1,1,4
SO16 8AY,6,0,1,0,5
SO16 8GP,6,0,2,2,2
SO16 8GE,6,0,2,0,4
SO16 8GT,6,0,1,1,4
SO16 8HL,6,0,1,3,2
SO16 9DU,6,0,2,1,3
SO16 9DH,6,0,4,0,2
SO16 9EA,6,1,0,2,3
SO16 9EB,6,0,2,0,4
SO16 9AE,6,0,1,1,4
SO16 9AY,6,0,1,1,4
SO15 3LU,6,0,0,2,4
SO15 3JA,6,0,1,0,5
SO15 3JX,6,0,2,0,4
SO15 3NW,6,1,0,1,4
SO15 4HQ,6,0,1,1,4
SO15 4JY,6,0,0,0,6
SO15 4JP,6,0,1,2,3
SO15 4LR,6,0,0,0,6
SO15 4JT,6,0,1,2,3
SO15 5JF,6,1,0,1,4
SO15 5JA,6,0,0,1,5
SO15 5JB,6,0,1,3,2
SO15 5JD,6,0,0,3,3
SO15 5JT,6,0,1,1,4
SO15 5LA,6,0,2,0,4
SO15 5HT,6,0,0,1,5
SO15 5PA,6,0,0,1,5
SO15 5QB,6,0,1,1,4
SO15 5GR,6,0,0,1,5
SO15 5GS,6,0,0,0,6
SO15 5HJ,6,0,0,0,6
SO15 5HN,6,0,1,0,5
SO15 3AL,6,0,1,0,5
SO15 2YD,6,0,0,1,5
SO15 2TR,6,0,1,0,5
SO15 3DH,6,1,1,1,3
SO15 3AS,6,0,2,3,1
SO15 3AX,6,0,1,4,1
SO15 3FF,6,0,0,1,5
SO15 3DX,6,0,4,2,0
SO15 3EH,6,0,1,4,1
SO15 3GE,6,0,0,1,5
SO15 1GS,6,0,0,5,1
SO15 2AB,6,0,3,2,1
SO15 2AR,6,0,1,1,4
SO15 2AY,6,0,0,1,5
SO15 1JN,6,0,3,0,3
SO15 1PA,6,0,4,2,0
SO15 2FY,6,0,0,3,3
SO15 2BP,6,0,1,2,3
SO15 2HS,6,1,1,0,4
SO15 2LB,6,0,1,0,5
SO15 2LL,6,1,0,1,4
SO15 2NN,6,0,4,0,2
SO14 0LW,6,0,1,1,4
SO14 0NP,6,0,2,2,2
SO14 0FT,6,0,1,1,4
SO14 0PN,6,0,3,0,3
SO14 0PB,6,0,1,0,5
SO14 0NZ,6,0,2,2,2
SO14 0QN,6,0,2,2,2
SO14 1GS,6,0,1,0,5
SO14 1PH,6,0,1,2,3
SO14 0AH,6,0,3,0,3
SO14 0EN,6,0,3,0,3
SO14 3DJ,6,0,1,1,4
SO14 3BZ,6,0,0,0,6
SO14 2EB,6,0,0,1,5
SO14 3FY,6,0,0,0,6
SO14 3GA,6,1,2,3,0
SO14 3FQ,6,2,1,1,2
SO14 3FR,6,0,0,1,5
SO14 5QS,6,0,1,1,4
SO14 5SS,6,1,2,1,2
SO14 5SD,6,0,4,1,1
SO14 5BQ,6,0,1,0,5
SO14 5BR,6,0,1,0,5
SO14 3LE,6,0,0,1,5
SO14 6SF,6,0,0,0,6
SO14 6TL,6,0,2,2,2
SO14 6UY,6,0,1,1,4
SO15 0NA,6,1,0,1,4
SO15 0LU,6,0,1,1,4
SO14 6GF,6,0,4,1,1
SO14 6FW,6,0,0,1,5
SO14 6RR,6,0,0,1,5
SO14 6HX,6,1,3,2,0
SO14 6RH,6,0,1,2,3
SO14 6RB,6,0,1,0,5
SO17 1NY,6,0,1,0,5
SO17 1PN,6,0,0,5,1
SO17 1QW,6,0,0,0,6
SO17 1EP,6,0,3,0,3
SO17 1ES,6,0,1,1,4
SO17 1DL,6,1,1,3,1
SO17 1DP,6,0,0,2,4
SO17 1DR,6,0,0,3,3
SO17 1UW,6,0,1,0,5
SO17 1QS,6,0,0,1,5
SO17 1SF,6,0,0,2,4
SO17 1SG,6,0,1,1,4
SO16 9GE,6,2,4,0,0
SO16 9GG,6,0,3,1,2
SO16 9EW,6,0,4,1,1
SO16 9HX,6,0,0,4,2
SO16 9GZ,6,0,0,1,5
SO16 9QH,6,0,4,1,1
SO16 9QU,6,0,1,0,5
SO16 9RY,6,0,0,2,4
SO16 9LQ,6,0,2,2,2
SO18 1LT,6,0,3,3,0
SO18 1PD,6,0,1,1,4
SO18 1JP,6,0,0,0,6
SO18 1LA,6,0,1,2,3
SO18 1JE,6,0,2,3,1
SO18 1AG,6,0,0,1,5
SO17 3TB,6,0,2,0,4
SO18 1EG,6,0,2,2,2
SO17 3SN,6,0,1,3,2
SO17 3ST,6,0,1,1,4
SO17 3SZ,6,0,0,1,5
SO17 2JG,6,0,3,0,3
SO17 2JR,6,0,0,1,5
SO17 2HY,6,1,0,2,3
SO18 2DU,6,0,2,3,1
SO18 2AW,6,1,0,3,2
SO18 1UG,6,0,2,0,4
SO18 1UR,6,0,1,0,5
SO18 2HR,6,0,1,2,3
SO18 2HB,6,0,2,2,2
SO18 2GQ,6,0,0,2,4
SO18 2JY,6,0,0,2,4
SO18 2JN,6,0,1,1,4
SO18 2FL,6,0,1,2,3
SO18 2FP,6,0,0,2,4
SO18 2GD,6,0,2,1,3
SO18 2FZ,6,0,2,3,1
SO18 3NR,6,0,0,2,4
SO18 3NH,6,0,0,0,6
SO18 3QW,6,0,0,2,4
SO18 4GX,6,0,1,1,4
SO18 4EX,6,0,0,1,5
SO18 2PN,6,0,1,1,4
SO18 6QN,6,0,0,2,4
SO18 6TG,6,0,2,1,3
SO19 0AB,6,0,4,2,0
SO18 6AU,6,0,3,0,3
SO18 6BJ,6,0,1,2,3
SO18 5PW,6,0,0,0,6
SO18 5LB,6,0,3,1,2
SO18 5QS,6,0,0,1,5
SO18 5SZ,6,2,1,1,2
SO18 4SA,6,2,0,0,4
SO18 4SN,6,2,1,1,2
SO18 4SP,6,2,0,3,1
SO18 4SY,6,0,1,1,4
SO18 4TA,6,0,2,1,3
SO18 4QN,6,1,1,2,2
SO18 4QJ,6,0,0,1,5
SO18 4RP,6,0,0,0,6
SO18 4HQ,6,0,0,1,5
SO18 5GQ,6,0,0,1,5
SO18 5GL,6,0,0,2,4
SO18 5GF,6,1,0,2,3
SO18 5HH,6,0,0,3,3
SO18 5HQ,6,0,2,3,1
SO18 5HE,6,0,0,1,5
SO18 5HA,6,2,0,0,4
SO18 5HL,6,0,1,2,3
SO18 5HN,6,2,0,0,4
SO19 9LZ,6,0,1,0,5
SO19 9LP,6,0,1,3,2
SO19 9LU,6,0,0,1,5
SO19 9LW,6,0,0,0,6
SO19 9QY,6,0,1,1,4
SO19 9RD,6,0,1,0,5
SO19 9SR,6,1,0,2,3
SO19 9SU,6,0,3,0,3
SO30 3FA,6,1,4,1,0
SO30 4EA,6,0,0,0,6
SO19 8NX,6,0,0,3,3
SO19 8NH,6,0,0,3,3
SO19 8NZ,6,1,0,3,2
SO19 8GU,6,0,1,1,4
SO19 8GR,6,0,0,1,5
SO19 8FR,6,0,1,1,4
SO19 8FH,6,0,0,3,3
SO19 8FT,6,0,1,3,2
SO19 8AF,6,0,1,0,5
SO19 9FX,6,0,1,1,4
SO19 9FY,6,0,0,3,3
SO19 9GA,6,1,0,1,4
SO19 9GE,6,1,2,0,3
SO19 9EY,6,0,0,2,4
SO19 9JG,6,1,1,1,3
SO19 8TQ,6,0,0,1,5
SO19 9AH,6,0,0,0,6
SO19 9BR,6,1,0,1,4
SO19 9BG,6,1,0,4,1
SO19 9DE,6,0,0,1,5
SO19 9DW,6,0,3,1,2
SO19 9ED,6,0,2,1,3
SO19 6RQ,6,0,2,1,3
SO19 6RH,6,0,0,2,4
SO19 6RA,6,0,0,1,5
SO19 7AU,6,0,2,1,3
SO19 6NN,6,0,0,2,4
SO19 6LY,6,0,1,1,4
SO19 6NE,6,0,3,1,2
SO19 7LN,6,0,0,3,3
SO19 7GY,6,0,0,3,3
SO19 7BR,6,0,2,2,2
SO19 7BT,6,0,0,0,6
SO19 7BY,6,0,0,1,5
SO19 7GS,6,0,2,1,3
SO19 6GH,6,1,0,2,3
SO19 6HU,6,0,1,1,4
SO19 6HX,6,0,0,2,4
SO19 6JB,6,0,1,0,5
SO19 6LF,6,0,1,2,3
SO19 6ES,6,0,1,2,3
SO19 6DW,6,1,0,0,5
SO19 6EP,6,0,2,0,4
SO19 2FX,6,0,0,0,6
SO19 2FP,6,0,0,0,6
SO19 2EZ,6,0,0,0,6
SO19 2FD,6,0,1,3,2
SO19 2PH,6,2,1,2,1
SO19 2PE,6,1,1,2,2
SO19 4DW,6,1,1,1,3
SO19 0QH,6,1,0,2,3
SO19 0HL,6,0,0,3,3
SO19 0ED,6,0,0,1,5
SO19 2DJ,6,0,0,0,6
SO19 2DP,6,0,2,1,3
SO19 2EH,6,0,0,0,6
SO19 1BW,6,0,2,0,4
SO19 1DQ,6,0,1,3,2
SO19 1DR,6,0,1,2,3
SO19 1DW,6,0,1,1,4
SO19 2ED,5,0,0,4,1
SO19 0HX,5,3,1,0,1
SO19 0HY,5,0,2,3,0
SO19 0HN,5,0,0,0,5
SO19 0FX,5,0,0,1,4
SO19 0NN,5,0,0,1,4
SO19 0SP,5,0,0,3,2
SO19 0SQ,5,1,2,0,2
SO19 0PW,5,0,0,1,4
SO19 0QD,5,0,1,1,3
SO19 0RX,5,0,2,0,3
SO19 1BE,5,1,0,0,4
SO19 5EX,5,0,1,1,3
SO19 5ES,5,0,0,1,4
SO19 5EU,5,0,0,2,3
SO19 4DU,5,0,0,2,3
SO19 4DH,5,0,0,1,4
SO19 5LN,5,1,2,0,2
SO19 2PQ,5,0,0,1,4
SO19 2HR,5,0,1,2,2
SO19 2FR,5,0,1,2,2
SO19 2FT,5,0,0,1,4
SO19 2HW,5,0,0,2,3
SO19 6DZ,5,0,2,1,2
SO19 6DT,5,0,4,1,0
SO19 6ET,5,0,2,2,1
SO19 6EW,5,0,1,0,4
SO19 6FD,5,0,0,1,4
SO19 6BS,5,1,2,1,1
SO19 6DN,5,2,0,1,2
SO19 6DE,5,0,1,2,2
SO19 6BD,5,0,1,4,0
SO19 6BN,5,0,0,3,2
SO19 6LG,5,0,1,1,3
SO19 6LD,5,0,1,2,2
SO19 6JX,5,0,2,1,2
SO19 6LN,5,0,1,1,3
SO19 6LR,5,1,3,1,0
SO19 6LT,5,0,2,3,0
SO19 6JF,5,1,2,0,2
SO19 6HZ,5,0,1,0,4
SO19 6JU,5,0,2,1,2
SO19 6GE,5,0,0,0,5
SO19 6GT,5,0,0,0,5
SO19 6FY,5,0,0,1,4
SO19 6FZ,5,0,3,0,2
SO19 6HT,5,1,1,0,3
SO19 7GR,5,0,3,2,0
SO19 7DA,5,0,0,0,5
SO19 7LE,5,0,2,1,2
SO19 6NG,5,0,1,1,3
SO19 6NH,5,0,1,0,4
SO19 6LZ,5,0,0,3,2
SO19 6NA,5,0,3,2,0
SO19 6NQ,5,0,1,0,4
SO19 6PH,5,1,1,2,1
SO19 6PD,5,0,1,2,2
SO19 6PE,5,0,3,1,1
SO19 7BB,5,0,0,2,3
SO19 6RJ,5,0,0,1,4
SO19 9EE,5,0,0,0,5
SO19 9DF,5,0,1,3,1
SO19 9DJ,5,0,0,0,5
SO19 9BA,5,0,1,1,3
SO19 9BL,5,0,0,0,5
SO19 8SY,5,0,0,1,4
SO19 8RE,5,0,0,1,4
SO19 8PD,5,0,0,3,2
SO19 9HY,5,0,0,0,5
SO19 9GZ,5,0,0,0,5
SO19 9EZ,5,0,1,1,3
SO19 9EP,5,0,1,2,2
SO19 9GB,5,0,1,0,4
SO19 9FL,5,0,1,0,4
SO19 8AB,5,0,0,3,2
SO19 7SD,5,0,3,0,2
SO19 7TN,5,0,1,1,3
SO19 8AQ,5,0,1,1,3
SO19 8FB,5,0,1,2,2
SO19 7QP,5,1,1,2,1
SO19 7QT,5,0,0,2,3
SO19 7PW,5,0,0,0,5
SO19 7PX,5,0,0,2,3
SO19 7NH,5,0,1,1,3
SO19 7NA,5,0,0,0,5
SO19 8GJ,5,0,2,0,3
SO19 8HB,5,0,1,1,3
SO19 8JT,5,1,1,0,3
SO19 8GZ,5,0,1,1,3
SO19 8HG,5,0,0,0,5
SO19 8LY,5,0,0,1,4
SO19 8LD,5,0,0,3,2
SO19 8LG,5,1,0,0,4
SO19 8LR,5,0,0,3,2
SO19 8LJ,5,1,2,0,2
SO19 9SX,5,0,1,0,4
SO19 9TF,5,0,1,0,4
SO19 9TR,5,0,0,2,3
SO19 9RF,5,0,0,0,5
SO19 9UT,5,0,0,1,4
SO19 9UQ,5,0,0,2,3
SO19 9UZ,5,0,0,1,4
SO19 9LQ,5,0,3,1,1
SO19 9LF,5,0,4,1,0
SO19 9LN,5,0,1,1,3
SO19 9QH,5,0,0,3,2
SO19 9QE,5,0,3,1,1
SO19 9PR,5,0,0,0,5
SO18 5HP,5,0,1,2,2
SO18 5HF,5,0,2,0,3
SO18 5DH,5,0,1,1,3
SO18 5DW,5,1,0,2,2
SO18 4HD,5,0,1,0,4
SO18 4QF,5,2,1,1,1
SO18 4HF,5,0,2,0,3
SO18 4RL,5,0,0,0,5
SO18 4SF,5,1,3,0,1
SO18 5SA,5,0,1,2,2
SO18 5SF,5,0,1,3,1
SO18 5SH,5,0,1,1,3
SO18 5QE,5,0,1,1,3
SO18 5ND,5,0,0,0,5
SO18 5PF,5,0,0,3,2
SO18 6BX,5,0,0,0,5
SO18 6AA,5,0,0,0,5
SO19 0DW,5,0,1,2,2
SO18 6PJ,5,0,3,0,2
SO18 2LX,5,1,2,0,2
SO18 2RS,5,1,0,3,1
SO18 3LS,5,0,2,2,1
SO18 2QQ,5,0,1,2,2
SO18 2QZ,5,0,1,1,3
SO18 4EE,5,0,0,1,4
SO18 3PU,5,0,0,3,2
SO18 3NJ,5,0,0,1,4
SO18 2GL,5,0,0,1,4
SO18 2JW,5,0,1,2,2
SO18 2HS,5,0,1,3,1
SO18 1UH,5,0,0,2,3
SO18 2AP,5,0,2,1,2
SO18 2DY,5,1,2,0,2
SO18 2BL,5,0,0,1,4
SO18 2DF,5,0,0,1,4
SO17 2JS,5,0,2,0,3
SO17 2JX,5,0,0,0,5
SO17 2GS,5,0,3,2,0
SO17 2EY,5,0,0,0,5
SO17 2FS,5,0,5,0,0
SO17 3RU,5,0,1,0,4
SO17 2LF,5,0,1,3,1
SO18 1GN,5,3,2,0,0
SO18 1BP,5,0,4,1,0
SO18 1JG,5,2,0,1,2
SO18 1JH,5,0,1,0,4
SO18 1HL,5,2,0,1,2
SO18 1JW,5,0,1,0,4
SO18 1LD,5,0,0,2,3
SO18 1LF,5,0,1,0,4
SO16 9LG,5,0,0,1,4
SO16 9NQ,5,1,1,1,2
SO16 9NY,5,0,0,1,4
SO16 9NS,5,0,0,2,3
SO16 9QA,5,0,2,1,2
SO16 9PF,5,0,1,1,3
SO16 9HD,5,0,0,0,5
SO16 9HS,5,0,0,1,4
SO16 9HZ,5,0,1,3,1
SO17 1SP,5,0,0,0,5
SO17 1SR,5,0,0,2,3
SO17 1RT,5,0,0,1,4
SO17 1WZ,5,0,1,2,2
SO17 1TU,5,0,0,2,3
SO17 1UG,5,0,0,1,4
SO17 2EW,5,0,1,0,4
SO17 2AW,5,0,0,0,5
SO17 1DH,5,0,0,0,5
SO17 1AF,5,0,0,0,5
SO17 1EF,5,0,0,3,2
SO17 1PF,5,0,1,0,4
SO17 1PT,5,0,0,2,3
SO14 6RX,5,0,1,1,3
SO14 6FR,5,0,0,2,3
SO14 6FZ,5,0,1,1,3
SO14 6GQ,5,0,0,2,3
SO14 6HA,5,0,1,0,4
SO14 6HQ,5,0,0,3,2
SO15 0LL,5,1,0,0,4
SO14 6WD,5,0,0,0,5
SO14 6WL,5,0,0,4,1
SO14 6TP,5,0,0,0,5
SO14 6RN,5,0,1,1,3
SO14 6TZ,5,0,1,0,4
SO14 6TW,5,0,1,0,4
SO14 3JW,5,0,1,1,3
SO14 3QY,5,0,3,0,2
SO14 5SE,5,0,0,0,5
SO14 5SJ,5,0,3,0,2
SO14 5SP,5,0,0,2,3
SO14 5ST,5,0,0,2,3
SO14 5SX,5,0,0,1,4
SO14 5RG,5,0,0,1,4
SO14 5GL,5,0,1,0,4
SO14 5RT,5,0,1,1,3
SO14 3GB,5,1,0,2,2
SO14 3GL,5,0,0,1,4
SO14 3FZ,5,0,1,0,4
SO14 0ED,5,0,1,2,2
SO14 0FP,5,0,0,0,5
SO14 0BL,5,0,1,1,3
SO14 0DE,5,0,0,1,4
SO14 0AF,5,0,1,1,3
SO14 1NE,5,1,0,1,3
SO14 2DH,5,0,2,0,3
SO14 2DZ,5,0,0,3,2
SO14 2EA,5,0,0,2,3
SO14 1QG,5,0,2,1,2
SO14 1QJ,5,0,0,1,4
SO14 0SU,5,0,4,1,0
SO14 1AX,5,0,1,1,3
SO14 0PY,5,1,0,2,2
SO14 0PQ,5,0,0,4,1
SO15 2NL,5,1,0,1,3
SO15 2ND,5,0,0,0,5
SO15 2NE,5,0,0,0,5
SO15 2JX,5,0,1,1,3
SO15 2JN,5,0,0,2,3
SO15 2JR,5,0,0,2,3
SO15 2JE,5,0,1,1,3
SO15 2BJ,5,0,0,3,2
SO15 2BY,5,0,0,1,4
SO15 2EH,5,0,0,3,2
SO15 2FR,5,0,0,1,4
SO15 2EX,5,0,1,3,1
SO15 3HR,5,0,2,1,2
SO15 3FU,5,0,0,1,4
SO15 3GA,5,0,2,2,1
SO15 3EB,5,1,0,1,3
SO15 3DY,5,0,0,2,3
SO15 3FD,5,0,0,0,5
SO15 3FH,5,0,5,0,0
SO15 3BA,5,0,1,0,4
SO15 3BD,5,1,2,2,0
SO15 3DF,5,0,0,1,4
SO15 3DP,5,0,2,0,3
SO15 2TS,5,0,1,0,4
SO15 2TF,5,0,0,2,3
SO15 2TG,5,0,0,0,5
SO15 2SL,5,0,2,0,3
SO15 3AN,5,0,0,0,5
SO15 3AJ,5,0,0,0,5
SO15 5GP,5,1,1,0,3
SO15 5GB,5,0,0,2,3
SO15 5GD,5,0,1,1,3
SO15 5FF,5,0,0,1,4
SO15 5DQ,5,0,1,1,3
SO15 5PS,5,0,0,0,5
SO15 5JS,5,0,2,0,3
SO15 5HY,5,0,0,0,5
SO15 5JL,5,0,0,0,5
SO15 5BL,5,0,0,0,5
SO15 5BB,5,0,0,0,5
SO15 5AP,5,0,0,1,4
SO15 5AQ,5,0,2,2,1
SO15 4HG,5,0,2,1,2
SO15 4HD,5,0,0,1,4
SO15 4AF,5,1,1,1,2
SO15 3JU,5,0,2,1,2
SO16 9BE,5,0,2,1,2
SO16 9AD,5,0,0,1,4
SO16 9AJ,5,0,0,0,5
SO16 9EF,5,0,0,1,4
SO16 9EQ,5,0,1,1,3
SO16 9ER,5,0,0,0,5
SO16 9DQ,5,2,2,0,1
SO16 9BZ,5,0,3,1,1
SO16 8GS,5,0,0,1,4
SO16 8GH,5,0,0,3,2
SO16 8GJ,5,1,0,0,4
SO16 8FL,5,0,0,0,5
SO16 8ET,5,0,0,0,5
SO16 8EP,5,0,0,0,5
SO16 8AB,5,0,0,0,5
SO16 7PE,5,0,1,0,4
SO16 7NX,5,0,0,0,5
SO16 7LY,5,0,1,2,2
SO16 7LT,5,0,0,1,4
SO16 8DS,5,0,2,1,2
SO16 8DB,5,0,0,1,4
SO16 7EZ,5,0,2,1,2
SO16 7FA,5,0,0,1,4
SO16 7EB,5,0,0,1,4
SO16 7EF,5,0,0,0,5
SO16 7DU,5,0,1,3,1
SO16 7AL,5,0,1,3,1
SO16 7DF,5,0,0,1,4
SO16 5GP,5,0,2,0,3
SO16 5GZ,5,0,0,0,5
SO16 5GX,5,0,2,1,2
SO16 5HX,5,0,0,1,4
SO16 5HZ,5,2,0,0,3
SO16 5FW,5,0,1,1,3
SO16 5DU,5,2,1,1,1
SO16 5JL,5,0,0,1,4
SO16 5NJ,5,1,2,1,1
SO16 5NW,5,0,1,2,2
SO16 6BE,5,0,0,2,3
SO16 6SR,5,0,0,3,2
SO16 6SB,5,0,0,0,5
SO16 6QX,5,0,0,2,3
SO16 6QU,5,0,0,1,4
SO16 6RY,5,0,0,0,5
SO16 6TJ,5,0,0,0,5
SO16 7AQ,5,0,0,2,3
SO16 3BB,5,0,2,0,3
SO16 3DH,5,0,0,0,5
SO16 3DE,5,0,1,0,4
SO16 3DF,5,0,0,2,3
SO16 3DP,5,0,0,1,4
SO16 3DZ,5,0,1,1,3
SO15 8RB,5,0,2,3,0
SO15 8RP,5,2,2,0,1
SO15 8QA,5,0,0,3,2
SO16 2JG,5,0,3,0,2
SO16 0TD,5,0,0,0,5
SO16 0BQ,5,1,3,0,1
SO15 7RR,5,0,0,0,5
SO15 7RS,5,0,0,0,5
SO15 7PS,5,0,1,3,1
SO15 7QF,5,0,1,1,3
SO15 7QH,5,0,0,0,5
SO15 7QJ,5,0,0,1,4
SO15 7QP,5,0,0,2,3
SO15 7QX,5,0,3,0,2
SO15 8LG,5,0,0,1,4
SO15 8NT,5,0,1,2,2
SO15 8LP,5,0,1,2,2
SO15 8AG,5,0,0,4,1
SO15 8PB,5,0,0,3,2
SO15 5SS,5,0,0,2,3
SO15 7QB,5,0,0,0,5
SO15 7PH,5,0,0,1,4
SO15 5WA,5,0,1,0,4
SO16 4FG,5,0,2,1,2
SO16 4EW,5,0,2,1,2
SO16 4FL,5,0,1,0,4
SO16 4EN,5,0,1,1,3
SO16 4GG,5,0,0,0,5
SO16 5DJ,5,0,0,0,5
SO16 4RG,5,1,0,0,4
SO16 4PW,5,0,1,1,3
SO16 3PN,5,0,0,1,4
SO16 3PQ,5,0,0,0,5
SO16 4AX,5,0,0,0,5
SO16 3NS,5,0,1,3,1
SO16 3HW,5,0,0,3,2
SO50 9SS,5,0,0,0,5
SO50 5NN,5,0,1,0,4
SO50 9QY,5,1,2,0,2
SO50 9QZ,5,0,2,3,0
SO50 5QB,4,0,0,2,2
SO50 9SH,4,0,2,1,1
SO32 2SD,4,0,1,1,2
SO32 2SL,4,0,0,1,3
SO32 2SU,4,0,0,2,2
SO31 8LY,4,0,0,2,2
SO31 8LU,4,0,0,0,4
SO31 8LG,4,0,0,2,2
SO31 8FN,4,0,2,0,2
SO31 8GZ,4,0,3,1,0
SO50 4BW,4,0,0,1,3
SO50 9RH,4,0,2,2,0
SO16 3HR,4,0,0,2,2
SO16 3NE,4,0,1,1,2
SO16 4BG,4,0,2,1,1
SO16 3QA,4,0,0,1,3
SO16 4AA,4,0,1,1,2
SO16 4AE,4,0,0,0,4
SO16 4AF,4,0,0,1,3
SO16 4QL,4,0,0,1,3
SO16 4QQ,4,1,1,0,2
SO16 5AN,4,0,0,2,2
SO16 4RF,4,0,0,0,4
SO16 4RA,4,0,0,2,2
SO16 4FZ,4,0,2,0,2
SO16 4FW,4,0,1,0,3
SO16 4HT,4,0,1,2,1
SO16 4EE,4,0,0,2,2
SO16 4FB,4,0,0,0,4
SO15 7QD,4,0,0,0,4
SO15 7PQ,4,0,0,0,4
SO15 7PR,4,0,0,0,4
SO15 5WD,4,0,0,1,3
SO15 5UZ,4,1,2,1,0
SO15 7NU,4,0,0,0,4
SO15 5QY,4,0,0,0,4
SO15 5QN,4,0,2,0,2
SO15 5QS,4,0,0,0,4
SO15 8PD,4,1,1,2,0
SO15 8PA,4,0,0,1,3
SO15 7RQ,4,0,1,0,3
SO15 7RF,4,0,1,0,3
SO15 7RD,4,0,1,0,3
SO16 0BS,4,0,0,0,4
SO16 0TG,4,0,0,0,4
SO16 0TH,4,0,0,1,3
SO15 8QL,4,0,1,2,1
SO15 8SD,4,0,0,0,4
SO16 0AX,4,0,0,0,4
SO15 8RE,4,0,2,0,2
SO16 0BP,4,0,0,0,4
SO16 2NQ,4,0,2,2,0
SO16 6TS,4,0,1,2,1
SO16 6QQ,4,0,0,1,3
SO16 6QL,4,0,0,0,4
SO16 6QN,4,1,0,0,3
SO16 6DP,4,0,0,3,1
SO16 6FP,4,0,1,1,2
SO16 6DF,4,0,2,1,1
SO16 6LX,4,0,0,1,3
SO16 6NE,4,0,2,0,2
SO16 6PY,4,0,2,2,0
SO16 6LU,4,0,0,3,1
SO16 6HP,4,0,0,1,3
SO16 5NL,4,2,1,0,1
SO16 5JJ,4,1,2,1,0
SO16 5JT,4,0,1,1,2
SO16 5SG,4,0,1,0,3
SO16 5PA,4,0,0,1,3
SO16 6AW,4,0,0,2,2
SO16 5EB,4,0,0,1,3
SO16 5FD,4,0,1,1,2
SO16 5EY,4,0,0,2,2
SO16 5EU,4,0,3,1,0
SO16 5GR,4,0,1,2,1
SO16 5GG,4,0,0,1,3
SO16 5GJ,4,0,1,3,0
SO16 5GL,4,0,1,0,3
SO16 5GN,4,0,1,2,1
SO16 5HA,4,0,1,0,3
SO16 7BZ,4,0,0,0,4
SO16 7BN,4,0,0,2,2
SO16 7DD,4,0,0,1,3
SO16 7EG,4,0,0,1,3
SO16 7DY,4,0,1,0,3
SO16 7DZ,4,0,1,2,1
SO16 7EP,4,0,1,1,2
SO16 7JQ,4,0,1,0,3
SO16 8BX,4,0,0,2,2
SO16 8BB,4,0,1,1,2
SO16 8BP,4,0,2,0,2
SO16 8BS,4,0,0,1,3
SO16 8DJ,4,1,0,0,3
SO16 8FH,4,0,0,1,3
SO16 8FN,4,0,0,0,4
SO16 8GR,4,0,0,0,4
SO16 8HQ,4,0,0,1,3
SO16 9DL,4,0,0,1,3
SO16 8NS,4,0,0,0,4
SO16 9BD,4,0,2,1,1
SO16 9AQ,4,1,1,0,2
SO15 3JE,4,0,0,0,4
SO15 3JP,4,0,0,0,4
SO15 3JB,4,0,1,2,1
SO15 3HZ,4,0,2,1,1
SO15 3HJ,4,0,2,0,2
SO15 3LD,4,0,0,1,3
SO15 3LH,4,0,1,0,3
SO15 4HF,4,0,0,1,3
SO15 3NH,4,0,1,1,2
SO15 3RU,4,0,0,0,4
SO15 3SA,4,0,3,1,0
SO15 3NZ,4,1,0,2,1
SO15 3NR,4,0,0,1,3
SO15 5AN,4,0,0,1,3
SO15 5BW,4,0,1,1,2
SO15 5AW,4,0,0,0,4
SO15 5AX,4,0,0,1,3
SO15 4LA,4,0,1,1,2
SO15 4JQ,4,0,1,0,3
SO15 4JR,4,0,1,2,1
SO15 4JG,4,0,0,1,3
SO15 5JH,4,0,0,1,3
SO15 5HB,4,0,0,0,4
SO15 5HR,4,0,0,1,3
SO15 5PN,4,0,0,1,3
SO15 5PR,4,0,0,0,4
SO15 5NX,4,0,0,0,4
SO15 5NY,4,1,1,0,2
SO15 5NS,4,0,1,2,1
SO15 5GA,4,0,0,0,4
SO15 5FE,4,0,0,1,3
SO15 5GG,4,0,0,0,4
SO15 5GZ,4,0,0,1,3
SO15 3DQ,4,1,0,0,3
SO15 3DN,4,1,0,1,2
SO15 3BH,4,0,1,1,2
SO15 3EP,4,0,1,1,2
SO15 3EW,4,0,0,1,3
SO15 3FB,4,1,0,1,2
SO15 3EF,4,0,4,0,0
SO15 3EL,4,0,0,0,4
SO15 3FZ,4,0,0,0,4
SO15 3GD,4,0,1,1,2
SO15 3GH,4,0,0,0,4
SO15 3HT,4,0,2,1,1
SO15 3HU,4,0,0,1,3
SO15 3HW,4,0,0,1,3
SO15 3GT,4,0,0,0,4
SO15 2EP,4,0,0,0,4
SO15 2DQ,4,0,0,3,1
SO15 1JR,4,0,0,1,3
SO15 1JS,4,0,2,1,1
SO15 2LH,4,0,0,2,2
SO15 2HU,4,0,1,1,2
SO15 2LE,4,0,1,3,0
SO15 2LQ,4,0,0,0,4
SO15 2NR,4,0,2,0,2
SO15 2PA,4,0,1,0,3
SO15 2PG,4,0,0,1,3
SO14 0PT,4,0,1,0,3
SO14 0PA,4,0,0,0,4
SO14 1BP,4,0,1,0,3
SO14 1DA,4,0,0,2,2
SO14 1JZ,4,0,0,0,4
SO14 0GH,4,0,0,0,4
SO14 0LH,4,0,0,0,4
SO14 1RA,4,0,2,2,0
SO14 2AT,4,0,3,0,1
SO14 2AW,4,0,1,2,1
SO14 2BQ,4,0,0,0,4
SO14 2BT,4,0,1,1,2
SO14 2EF,4,0,1,0,3
SO14 2EL,4,0,2,0,2
SO14 1LZ,4,0,1,1,2
SO14 1LW,4,0,0,1,3
SO14 1LF,4,0,1,1,2
SO14 1LL,4,1,1,1,1
SO14 1LN,4,0,1,0,3
SO14 1LP,4,1,0,1,2
SO14 1NS,4,0,1,1,2
SO14 1PF,4,0,1,0,3
SO14 0AA,4,0,2,1,1
PO15 7RX,4,0,0,0,4
SO14 0BS,4,0,2,1,1
SO14 3HU,4,0,0,0,4
SO14 3BH,4,0,0,3,1
SO14 3BJ,4,0,1,1,2
SO14 3BL,4,0,0,1,3
SO14 3BQ,4,0,1,0,3
SO14 3DR,4,0,0,1,3
SO14 5FJ,4,2,1,0,1
SO14 5BL,4,0,1,1,2
SO14 6TR,4,0,1,0,3
SO14 6UA,4,0,0,0,4
SO14 6TA,4,0,0,0,4
SO14 7BH,4,0,1,1,2
SO14 7BL,4,0,0,1,3
SO14 6WA,4,0,0,2,2
SO15 0JZ,4,0,0,3,1
SO15 0HW,4,0,0,2,2
SO14 7EB,4,0,1,0,3
SO14 6GL,4,0,1,1,2
SO14 6GW,4,0,1,0,3
SO14 6GG,4,0,0,0,4
SO14 6RD,4,0,0,0,4
SO14 6QZ,4,0,0,1,3
SO14 6RG,4,0,0,1,3
SO14 6HZ,4,0,0,0,4
SO14 6QU,4,0,0,2,2
SO17 1NU,4,0,0,0,4
SO17 1PY,4,0,0,1,3
SO17 1EG,4,0,2,0,2
SO17 1EL,4,0,1,2,1
SO17 1GG,4,0,1,0,3
SO17 1AP,4,0,1,0,3
SO17 1DJ,4,0,1,2,1
SO17 1AE,4,0,0,0,4
SO17 1XE,4,0,0,1,3
SO17 1UE,4,0,0,0,4
SO17 1UF,4,0,0,0,4
SO17 1XB,4,0,0,2,2
SO17 1UY,4,0,0,0,4
SO17 1RF,4,0,0,1,3
SO17 1SH,4,0,0,0,4
SO17 1SJ,4,0,1,1,2
SO17 1SU,4,0,0,0,4
SO16 9JY,4,1,2,0,1
SO16 9HU,4,0,1,1,2
SO16 9HJ,4,0,1,2,1
SO16 9EZ,4,0,1,0,3
SO16 9FW,4,0,1,2,1
SO16 9FS,4,0,0,0,4
SO16 9GS,4,0,4,0,0
SO16 9NG,4,0,2,1,1
SO16 9PL,4,0,0,1,3
SO16 9NJ,4,0,0,2,2
SO16 9NB,4,0,2,1,1
SO16 9LZ,4,0,0,1,3
SO18 1JL,4,0,1,2,1
SO18 1HG,4,0,0,1,3
SO18 1LW,4,0,1,0,3
SO18 1BG,4,0,0,0,4
SO18 1BH,4,0,0,2,2
SO18 1BA,4,0,1,0,3
SO17 3TD,4,0,1,2,1
SO18 1AL,4,0,1,0,3
SO18 1GR,4,0,0,0,4
SO18 1GH,4,0,2,1,1
SO18 1GD,4,0,0,2,2
SO18 1DZ,4,0,0,0,4
SO17 2LW,4,0,0,1,3
SO17 2LZ,4,1,3,0,0
SO17 3RP,4,0,0,1,3
SO17 3SP,4,0,0,0,4
SO17 2GA,4,0,0,0,4
SO17 2FU,4,0,2,1,1
SO17 2FR,4,0,1,1,2
SO17 2HG,4,0,2,0,2
SO17 2GW,4,0,0,2,2
SO17 2HP,4,0,2,0,2
SO18 2DH,4,0,1,1,2
SO18 2DR,4,0,1,0,3
SO18 2DS,4,0,0,1,3
SO18 2AH,4,0,1,1,2
SO18 2AJ,4,0,2,0,2
SO18 2BG,4,0,0,0,4
SO18 2BH,4,0,1,0,3
SO18 2AA,4,0,0,0,4
SO18 1QR,4,0,2,0,2
SO18 2HJ,4,0,0,2,2
SO18 2HP,4,0,0,1,3
SO18 2GF,4,0,2,0,2
SO18 2FY,4,0,0,0,4
SO18 2FD,4,1,1,0,2
SO18 2EY,4,0,2,0,2
SO18 2ET,4,0,1,0,3
SO18 3NG,4,0,0,1,3
SO18 3LR,4,1,2,0,1
SO18 3LY,4,0,1,0,3
SO18 3QA,4,0,1,1,2
SO18 3PP,4,0,1,0,3
SO18 4EZ,4,0,1,2,1
SO18 2RQ,4,0,1,1,2
SO18 2RR,4,0,0,1,3
SO18 3JY,4,0,3,1,0
SO18 3LD,4,0,0,0,4
SO18 2NG,4,0,0,0,4
SO18 2LN,4,1,0,1,2
SO18 2QF,4,0,0,2,2
SO18 2QG,4,1,2,0,1
SO18 2PS,4,0,0,2,2
SO18 2PT,4,0,2,0,2
SO18 6NW,4,0,0,4,0
SO18 6NY,4,0,0,0,4
SO18 6NP,4,0,0,0,4
SO19 0AJ,4,0,0,2,2
SO18 6TN,4,0,0,1,3
SO18 6TW,4,0,2,1,1
SO18 6SX,4,0,0,0,4
SO18 6TE,4,0,0,1,3
SO18 6AQ,4,0,0,1,3
SO18 6AS,4,0,0,1,3
SO18 6AE,4,0,0,0,4
SO18 5PG,4,0,2,0,2
SO18 5PY,4,0,2,1,1
SO18 5QU,4,0,0,2,2
SO18 5RN,4,0,0,1,3
SO18 5RP,4,0,1,0,3
SO18 4SR,4,0,1,1,2
SO18 4SU,4,1,1,1,1
SO18 5AB,4,0,2,1,1
SO18 5DB,4,0,2,0,2
SO18 4RU,4,0,0,2,2
SO18 4HT,4,0,0,1,3
SO18 5DY,4,0,0,1,3
SO18 5EE,4,0,0,1,3
SO18 5DR,4,0,1,1,2
SO18 5DT,4,0,1,0,3
SO18 5FY,4,0,1,1,2
SO18 5FQ,4,0,0,2,2
SO18 5EY,4,0,1,1,2
SO19 9QF,4,0,0,0,4
SO19 9PY,4,0,1,1,2
SO19 9UX,4,0,0,0,4
SO19 9XH,4,0,0,1,3
SO19 9XL,4,0,0,0,4
SO19 9UR,4,0,0,2,2
SO19 9UU,4,0,1,1,2
SO19 9TX,4,0,1,0,3
SO19 9QZ,4,0,0,2,2
SO19 9TA,4,0,0,2,2
SO19 9TD,4,0,2,1,1
SO19 8LT,4,0,0,1,3
SO19 8LE,4,0,1,2,1
SO19 8HF,4,0,1,0,3
SO19 8GY,4,0,2,2,0
SO19 8GN,4,0,0,1,3
SO19 8GP,4,0,1,0,3
SO19 7NP,4,0,1,0,3
SO19 8FD,4,0,1,1,2
SO19 8BQ,4,0,1,0,3
SO19 8BT,4,0,1,1,2
SO19 8AS,4,0,0,0,4
SO19 8AY,4,0,1,1,2
SO19 9FZ,4,0,1,0,3
SO19 9FD,4,0,0,1,3
SO19 9GX,4,0,3,0,1
SO19 9HL,4,0,0,1,3
SO19 8RQ,4,1,2,0,1
SO19 8PL,4,0,0,0,4
SO19 8TH,4,0,1,0,3
SO19 9AN,4,0,2,0,2
SO19 9BH,4,0,1,1,2
SO19 9BQ,4,0,0,2,2
SO19 9DD,4,0,2,2,0
SO19 6RP,4,0,1,0,3
SO19 6RF,4,0,0,1,3
SO19 6QG,4,0,0,1,3
SO19 6RR,4,0,0,1,3
SO19 7AE,4,0,1,1,2
SO19 7AH,4,1,0,3,0
SO19 7AQ,4,0,1,0,3
SO19 7AR,4,0,0,0,4
SO19 7AT,4,0,1,1,2
SO19 6PR,4,0,0,0,4
SO19 6PS,4,0,0,0,4
SO19 7LW,4,0,0,1,3
SO19 7JX,4,0,0,1,3
SO19 7GA,4,0,2,0,2
SO19 6HP,4,0,2,1,1
SO19 6GZ,4,0,1,2,1
SO19 6GB,4,0,0,3,1
SO19 6GD,4,0,3,1,0
SO19 6GG,4,0,0,1,3
SO19 6JN,4,0,0,1,3
SO19 6JG,4,0,1,2,1
SO19 6JD,4,0,0,2,2
SO19 6JZ,4,0,0,2,2
SO19 6LA,4,0,0,1,3
SO19 6BE,4,0,2,0,2
SO19 6DD,4,0,1,1,2
SO19 6BX,4,1,0,1,2
SO19 6BY,4,1,1,2,0
SO19 6FN,4,1,0,1,2
SO19 6EU,4,0,1,1,2
SO19 6DQ,4,0,3,0,1
SO19 6ED,4,0,2,1,1
SO19 2HA,4,0,1,0,3
SO19 2FW,4,0,0,0,4
SO19 2JE,4,0,0,0,4
SO19 2NZ,4,0,1,1,2
SO19 2PA,4,1,3,0,0
SO19 2PF,4,0,1,0,3
SO19 2PW,4,1,0,0,3
SO19 5SD,4,0,0,4,0
SO19 6AB,4,1,0,3,0
SO19 5LB,4,0,2,0,2
SO19 5FG,4,0,0,1,3
SO19 5JP,4,0,0,0,4
SO19 2QL,4,0,0,0,4
SO19 2PL,4,0,0,0,4
SO19 4EA,4,1,0,2,1
SO19 1BH,4,0,0,0,4
SO19 0ST,4,0,0,1,3
SO19 0NP,4,0,0,0,4
SO19 0NQ,4,0,0,0,4
SO19 0JJ,4,0,0,1,3
SO19 0JD,4,0,1,0,3
SO19 0JE,4,0,1,0,3
SO19 0HJ,4,1,0,1,2
SO19 2EJ,4,0,1,1,2
SO19 2DY,4,0,0,0,4
SO19 1SE,4,0,2,0,2
SO19 1RA,4,0,3,0,1
SO19 1DF,4,0,0,0,4
SO19 2BG,3,1,0,0,2
SO19 2EE,3,0,0,0,3
SO19 0EN,3,0,0,2,1
SO19 0JL,3,0,1,1,1
SO19 0SU,3,0,0,0,3
SO19 0SS,3,0,0,0,3
SO19 1BL,3,0,0,0,3
SO19 0SB,3,0,1,2,0
SO19 4DT,3,0,1,0,2
SO19 4BY,3,0,0,0,3
SO19 2RT,3,0,0,0,3
SO19 2QX,3,0,0,1,2
SO19 4BW,3,0,0,1,2
SO19 5JR,3,0,0,1,2
SO19 6AA,3,0,0,1,2
SO19 5LR,3,0,0,3,0
SO19 5LS,3,0,0,1,2
SO19 2QB,3,0,0,0,3
SO19 2PG,3,0,0,1,2
SO19 2FU,3,0,2,0,1
SO19 2FH,3,0,1,1,1
SO19 2HG,3,0,0,0,3
SO19 2HP,3,0,1,2,0
SO19 2HL,3,0,0,0,3
SO19 6EE,3,0,1,0,2
SO19 6EH,3,0,0,1,2
SO19 6EB,3,1,2,0,0
SO19 6EX,3,0,3,0,0
SO19 6FB,3,0,2,0,1
SO19 6FP,3,0,0,1,2
SO19 6DJ,3,0,0,0,3
SO19 6DL,3,0,1,1,1
SO19 6BH,3,1,0,2,0
SO19 6AX,3,0,0,1,2
SO19 6AR,3,0,0,1,2
SO19 6JA,3,0,0,0,3
SO19 6JJ,3,0,0,2,1
SO19 6GF,3,0,2,0,1
SO19 6GX,3,0,1,2,0
SO19 6HS,3,0,3,0,0
SO19 6HN,3,0,0,0,3
SO19 7GJ,3,0,1,2,0
SO19 7GT,3,0,0,0,3
SO19 7JF,3,0,1,1,1
SO19 6NP,3,0,0,0,3
SO19 7BH,3,0,0,1,2
SO19 7AF,3,0,1,1,1
SO19 6QJ,3,0,0,1,2
SO19 9DY,3,0,0,0,3
SO19 9DB,3,0,0,1,2
SO19 8TR,3,0,0,0,3
SO19 8PP,3,0,1,2,0
SO19 8PQ,3,0,0,1,2
SO19 8QQ,3,0,0,1,2
SO19 9HS,3,0,1,1,1
SO19 9HT,3,0,0,1,2
SO19 9HU,3,0,1,0,2
SO19 9JL,3,1,2,0,0
SO19 9GJ,3,0,0,1,2
SO19 9HA,3,0,1,0,2
SO19 9HG,3,0,0,0,3
SO19 9FE,3,0,0,0,3
SO19 9ET,3,0,0,1,2
SO19 9EJ,3,0,1,0,2
SO19 8AZ,3,0,2,0,1
SO19 8AT,3,0,2,0,1
SO19 7SP,3,0,1,0,2
SO19 8AJ,3,0,0,0,3
SO19 8FG,3,0,0,1,2
SO19 8EU,3,0,0,1,2
SO19 7RA,3,0,0,0,3
SO19 7SA,3,0,1,1,1
SO19 7QR,3,0,0,0,3
SO19 8GL,3,0,0,1,2
SO19 8FY,3,0,0,0,3
SO19 8LU,3,0,0,0,3
SO19 8PB,3,0,0,0,3
SO19 9SY,3,0,0,2,1
SO19 9TP,3,0,1,0,2
SO19 9SN,3,0,2,0,1
SO19 9RY,3,0,0,0,3
SO19 9UE,3,0,0,2,1
SO19 9XF,3,0,0,0,3
SO22 4JQ,3,0,0,0,3
SO19 9QL,3,1,1,0,1
SO19 9QX,3,0,0,0,3
SO19 9PF,3,0,1,0,2
SO30 4QL,3,0,0,0,3
SO31 5BE,3,1,0,0,2
SO31 5GG,3,0,0,0,3
SO31 5PX,3,0,0,1,2
SO31 6BQ,3,0,0,0,3
SO31 6XU,3,0,1,1,1
SO31 7HB,3,0,0,2,1
SO31 5JP,3,0,0,1,2
SO30 3BG,3,0,0,1,2
SO30 3HY,3,0,0,2,1
SO30 3RN,3,0,1,1,1
SO30 3SA,3,0,0,0,3
SO30 0AS,3,0,3,0,0
SO30 0HQ,3,0,0,0,3
SO30 3AG,3,0,1,1,1
SO30 3AD,3,0,2,0,1
SO18 5FW,3,0,2,1,0
SO18 5DP,3,0,2,0,1
SO18 5DF,3,0,1,2,0
SO18 5EN,3,0,0,0,3
SO18 5DX,3,0,0,0,3
SO18 5HW,3,0,2,0,1
SO18 4HU,3,1,0,0,2
SO18 4GZ,3,0,0,1,2
SO18 4RN,3,0,0,0,3
SO18 5BR,3,0,0,1,2
SO18 4TQ,3,0,0,1,2
SO18 5QL,3,0,1,0,2
SO18 5QP,3,0,0,0,3
SO18 5QD,3,0,0,1,2
SO18 5QT,3,0,1,1,1
SO18 5PT,3,0,0,0,3
SO18 5PU,3,0,0,0,3
SO18 5LZ,3,0,1,0,2
SO18 5JF,3,0,0,1,2
SO18 5HY,3,0,1,1,1
SO18 5TT,3,0,0,1,2
SO18 6AD,3,0,0,0,3
SO18 5TG,3,0,0,0,3
SO18 5TQ,3,0,0,1,2
SO18 6BA,3,0,0,0,3
SO18 6BD,3,0,1,0,2
SO18 6TF,3,0,0,0,3
SO18 6NQ,3,0,0,1,2
SO18 6NS,3,0,0,1,2
SO18 6PA,3,0,0,0,3
SO18 6PP,3,0,0,1,2
SO18 6SL,3,0,0,1,2
SO18 2QH,3,0,0,0,3
SO18 2PP,3,0,0,1,2
SO18 3LQ,3,0,0,1,2
SO18 3DB,3,0,1,1,1
SO18 2PZ,3,0,0,2,1
SO18 2QB,3,0,1,1,1
SO18 4EW,3,0,0,0,3
SO18 4ER,3,0,2,0,1
SO18 4EF,3,0,0,0,3
SO18 4FN,3,0,0,0,3
SO18 3QB,3,0,0,0,3
SO18 3QD,3,0,0,0,3
SO18 3QP,3,1,1,1,0
SO18 3QS,3,0,1,1,1
SO18 3LX,3,0,1,1,1
SO18 3NT,3,0,0,0,3
SO18 2EA,3,0,0,2,1
SO18 2FE,3,0,1,0,2
SO18 2FH,3,0,0,2,1
SO18 2GH,3,0,0,0,3
SO18 2GY,3,0,1,2,0
SO18 2JU,3,0,0,1,2
SO18 2JZ,3,0,1,2,0
SO18 2AU,3,0,1,2,0
SO18 2DW,3,0,0,1,2
SO18 2EN,3,0,0,0,3
SO18 2BQ,3,0,2,0,1
SO18 2BB,3,0,1,2,0
SO18 2BT,3,0,2,0,1
SO18 2BU,3,0,0,0,3
SO17 2HJ,3,0,1,1,1
SO17 2HT,3,0,1,0,2
SO17 2JW,3,0,0,2,1
SO17 2LB,3,1,0,0,2
SO17 2LD,3,0,0,1,2
SO17 2LE,3,0,0,0,3
SO17 2JQ,3,0,0,0,3
SO17 2GR,3,0,1,0,2
SO17 2GH,3,0,0,0,3
SO17 2FE,3,0,0,2,1
SO17 2FY,3,0,1,0,2
SO17 2FZ,3,0,1,0,2
SO17 3SE,3,0,0,2,1
SO17 3RA,3,0,0,3,0
SO17 2NP,3,0,0,2,1
SO17 2LQ,3,0,2,0,1
SO17 2UQ,3,0,1,0,2
SO17 3AG,3,1,0,1,1
SO17 2WQ,3,0,2,0,1
SO17 2XA,3,0,0,0,3
SO18 1DX,3,0,0,2,1
SO18 1BN,3,0,0,1,2
SO18 1PF,3,0,0,0,3
SO18 1PN,3,0,1,2,0
SO18 1HA,3,0,0,2,1
SO18 1JX,3,0,2,1,0
SO18 1LJ,3,0,0,1,2
SO18 1LP,3,0,0,0,3
SO16 9LY,3,0,1,1,1
SO16 9LH,3,0,2,1,0
SO16 9NF,3,0,0,0,3
SO16 9NU,3,0,0,0,3
SO16 9PA,3,0,1,2,0
SO16 9PD,3,0,1,0,2
SO16 9RE,3,0,2,1,0
SO16 9GR,3,0,0,3,0
SO16 9GB,3,0,1,0,2
SO16 9EX,3,0,2,0,1
SO16 9EU,3,0,1,0,2
SO16 9HL,3,0,0,0,3
SO16 9HG,3,0,1,0,2
SO16 9JL,3,1,0,2,0
SO17 1SZ,3,0,0,0,3
SO17 1SQ,3,0,1,0,2
SO17 1QT,3,0,0,0,3
SO17 1QU,3,0,0,2,1
SO17 1RN,3,0,1,2,0
SO17 1RP,3,0,0,1,2
SO17 1RW,3,0,1,1,1
SO17 1XD,3,0,0,0,3
SO17 1XP,3,0,0,1,2
SO17 2ES,3,0,2,0,1
SO17 1NN,3,0,0,0,3
SO17 1EA,3,0,0,0,3
SO17 1ED,3,0,1,1,1
SO17 1QH,3,0,1,0,2
SO17 1QE,3,0,0,1,2
SO17 1QY,3,0,0,0,3
SO17 1QZ,3,0,0,1,2
SO17 1PD,3,0,0,0,3
SO17 1PG,3,0,0,0,3
SO14 6QT,3,0,2,0,1
SO14 6RA,3,0,0,1,2
SO14 6RY,3,0,0,1,2
SO14 6RT,3,0,1,0,2
SO14 6GR,3,0,0,1,2
SO14 6FU,3,0,1,1,1
SO14 6GN,3,0,1,0,2
SO14 6GZ,3,2,0,1,0
SO14 6HE,3,0,0,2,1
SO14 6HG,3,0,0,2,1
SO15 0NN,3,0,0,1,2
SO15 1BX,3,0,0,0,3
SO15 1GH,3,0,2,1,0
SO15 1GE,3,0,0,0,3
SO14 6WG,3,0,1,2,0
SO14 7FG,3,0,1,1,1
SO14 3TY,3,0,0,3,0
SO14 3LJ,3,0,0,2,1
SO14 3LA,3,0,0,1,2
SO14 3LN,3,0,0,0,3
SO14 5FL,3,0,0,0,3
SO14 5GQ,3,0,2,0,1
SO14 6BB,3,0,0,0,3
SO14 5SF,3,0,0,0,3
SO14 3DS,3,0,0,0,3
SO14 3DW,3,0,0,3,0
SO14 3EJ,3,0,0,0,3
SO14 3EN,3,0,1,0,2
SO14 3DL,3,0,1,0,2
SO14 3DP,3,0,1,2,0
SO14 3JB,3,0,0,0,3
SO14 3JQ,3,0,1,0,2
SO14 3HN,3,0,0,0,3
SO14 3HF,3,0,0,2,1
SO14 3FT,3,0,0,0,3
SO14 3FP,3,0,1,0,2
SO14 0DF,3,0,0,1,2
SO14 0DD,3,0,0,0,3
SO14 0FJ,3,0,0,0,3
SO14 0EA,3,0,1,1,1
SO14 0DU,3,0,0,2,1
PO15 5NL,3,0,1,0,2
PO15 7QD,3,0,0,2,1
SO14 1NX,3,0,0,2,1
SO14 1PB,3,0,1,2,0
SO14 1NP,3,0,2,0,1
SO14 1NR,3,0,1,1,1
SO14 1PL,3,0,0,0,3
SO14 1PP,3,0,2,0,1
SO14 1PR,3,0,0,1,2
SO14 1PS,3,0,0,3,0
SO14 1LY,3,0,1,1,1
SO14 1NG,3,0,0,1,2
SO14 2AX,3,0,0,0,3
SO14 2AJ,3,0,0,1,2
SO14 1QX,3,0,0,3,0
SO14 0LG,3,0,2,1,0
SO14 0JH,3,0,3,0,0
SO14 0QQ,3,0,0,0,3
SO14 0QE,3,0,1,0,2
SO14 0QH,3,0,0,1,2
SO15 2NX,3,0,1,0,2
SO15 2PQ,3,0,0,0,3
SO15 2PR,3,0,0,1,2
SO15 2PT,3,0,1,1,1
SO15 2LT,3,1,0,1,1
SO15 2HY,3,0,2,1,0
SO15 2HH,3,0,0,0,3
SO15 2GB,3,0,0,2,1
SO15 2GT,3,0,0,1,2
SO15 2GX,3,0,2,0,1
SO15 2LD,3,0,0,0,3
SO15 2LA,3,0,1,0,2
SO15 2JS,3,0,1,1,1
SO15 1HT,3,0,0,2,1
SO15 1JG,3,0,1,0,2
SO15 1JA,3,1,2,0,0
SO15 1JD,3,0,1,0,2
SO15 2BR,3,0,0,0,3
SO15 2BS,3,0,0,0,3
SO15 2EW,3,0,1,0,2
SO15 2BA,3,0,0,1,2
SO15 2EE,3,0,0,1,2
SO15 2FJ,3,0,0,0,3
SO15 2GJ,3,0,0,0,3
SO15 3HH,3,0,0,1,2
SO15 3EE,3,0,0,1,2
SO15 3EA,3,0,0,0,3
SO15 3DS,3,0,1,2,0
SO15 3FE,3,0,0,2,1
SO15 3FL,3,0,0,0,3
SO15 3FN,3,0,0,0,3
SO15 3FP,3,0,1,1,1
SO15 3BB,3,0,0,1,2
SO15 3DD,3,0,2,1,0
SO15 3BU,3,0,0,1,2
SO15 3AF,3,0,0,0,3
SO15 2TX,3,0,1,1,1
SO15 2PY,3,0,1,0,2
SO15 2TL,3,0,0,2,1
SO15 5HP,3,0,0,1,2
SO15 5GH,3,0,0,2,1
SO15 5FG,3,0,0,0,3
SO15 5FW,3,0,1,0,2
SO15 5EW,3,0,0,2,1
SO15 5EY,3,0,0,0,3
SO15 5EZ,3,0,0,1,2
SO15 5ED,3,0,0,1,2
SO15 5BZ,3,0,1,0,2
SO15 5DJ,3,0,0,2,1
SO15 5DP,3,0,1,0,2
SO15 5NQ,3,0,0,0,3
SO15 5NW,3,0,0,1,2
SO15 5JJ,3,0,0,1,2
SO15 5LY,3,0,1,0,2
SO15 4JH,3,0,0,1,2
SO15 4JE,3,1,0,1,1
SO15 4HP,3,0,0,0,3
SO15 4HS,3,0,0,0,3
SO15 5BA,3,0,1,1,1
SO15 5BR,3,0,1,1,1
SO15 5BU,3,0,0,0,3
SO15 5AJ,3,0,0,0,3
SO15 4PJ,3,0,0,0,3
SO15 5AD,3,0,0,0,3
SO15 3SJ,3,0,0,1,2
SO15 4GP,3,0,1,0,2
SO15 4GZ,3,0,0,0,3
SO15 4GS,3,0,1,0,2
SO15 3ND,3,0,0,1,2
SO15 3HL,3,0,1,0,2
SO16 9BJ,3,0,1,2,0
SO16 9BU,3,0,1,1,1
SO16 9ES,3,1,0,0,2
SO16 9EP,3,0,0,1,2
SO16 9EL,3,0,1,2,0
SO16 9DZ,3,0,0,0,3
SO16 8JB,3,0,0,0,3
SO16 8JF,3,0,0,0,3
SO16 8EZ,3,0,0,0,3
SO16 8EX,3,0,0,0,3
SO16 7GN,3,0,0,0,3
SO16 7QN,3,0,0,1,2
SO16 7PN,3,0,0,2,1
SO16 7NZ,3,0,0,1,2
SO16 7PA,3,0,0,0,3
SO16 7NW,3,0,0,0,3
SO16 7PR,3,0,0,1,2
SO16 7GB,3,0,0,2,1
SO16 7GG,3,0,1,0,2
SO16 7EH,3,0,0,2,1
SO16 7DS,3,0,0,2,1
SO16 7BY,3,0,0,1,2
SO16 7BH,3,0,0,0,3
SO16 5FQ,3,0,0,2,1
SO16 5DA,3,0,1,2,0
SO16 5PJ,3,0,0,0,3
SO16 5JW,3,0,0,1,2
SO16 5LB,3,0,0,0,3
SO16 5LD,3,0,2,1,0
SO16 5JN,3,0,1,0,2
SO16 5LG,3,0,1,1,1
SO16 5LH,3,0,0,1,2
SO16 5LJ,3,0,0,2,1
SO16 6LN,3,0,0,0,3
SO16 6QA,3,0,0,0,3
SO16 6NB,3,0,0,0,3
SO16 6DA,3,0,0,1,2
SO16 6HN,3,0,1,0,2
SO16 6BD,3,0,0,0,3
SO16 6QG,3,0,0,0,3
SO16 6RD,3,0,0,1,2
SO16 6UD,3,0,0,0,3
SO16 6UE,3,0,1,1,1
SO16 6UG,3,0,0,1,2
SO16 6TQ,3,0,1,1,1
SO16 7AT,3,0,0,1,2
SO16 6UW,3,0,0,0,3
SO16 6UP,3,0,1,2,0
SO16 2NN,3,0,0,0,3
SO16 2PA,3,0,0,1,2
SO16 2NY,3,0,1,2,0
SO16 3BH,3,0,2,1,0
SO16 3EL,3,0,0,1,2
SO16 3EF,3,0,0,0,3
SO16 3BX,3,0,1,1,1
SO15 8RD,3,0,0,0,3
SO15 8RZ,3,0,0,1,2
SO15 9AJ,3,0,3,0,0
SO15 8QW,3,0,0,1,2
SO15 8QX,3,1,2,0,0
SO15 8QH,3,0,0,0,3
SO16 2JF,3,0,0,0,3
SO16 0XL,3,0,0,0,3
SO15 8PU,3,0,0,1,2
SO15 8PR,3,0,0,1,2
SO15 8PS,3,0,0,0,3
SO15 5QQ,3,0,0,0,3
SO15 5SG,3,0,0,0,3
SO15 7NG,3,0,0,0,3
SO15 7QE,3,0,0,1,2
SO15 7PA,3,0,1,0,2
SO16 4FR,3,0,0,0,3
SO16 4EA,3,1,0,1,1
SO16 4DN,3,0,1,0,2
SO16 4HX,3,0,0,0,3
SO16 4JF,3,0,1,1,1
SO16 4FU,3,0,0,0,3
SO16 4GJ,3,0,1,0,2
SO16 4RP,3,0,0,1,2
SO16 4RS,3,0,0,0,3
SO16 5AA,3,0,2,1,0
SO16 4QP,3,0,0,0,3
SO16 5AQ,3,0,1,0,2
SO16 4NY,3,0,1,0,2
SO16 4NZ,3,0,0,2,1
SO16 4NS,3,0,0,2,1
SO16 4AG,3,0,0,2,1
SO16 3QQ,3,0,1,0,2
SO16 3QR,3,0,1,0,2
SO16 3QS,3,0,0,0,3
SO16 3QD,3,0,0,3,0
SO16 3PR,3,0,2,0,1
SO16 4BS,3,0,0,0,3
SO16 4BF,3,0,0,0,3
SO16 3PZ,3,0,1,0,2
SO16 3NF,3,0,1,1,1
SO16 3NP,3,0,0,3,0
SO16 3NQ,3,0,1,1,1
SO16 3NT,3,0,0,0,3
SO16 3NW,3,0,1,1,1
SO16 3ND,3,0,0,2,1
SO16 3LS,3,0,0,1,2
SO16 3HS,3,0,0,1,2
SO16 3HU,3,0,0,0,3
SO16 3HN,3,0,2,0,1
SO16 3HZ,3,0,0,1,2
SO16 3JN,3,0,1,2,0
SO16 3GZ,3,0,0,0,3
SO16 3HA,3,0,0,0,3
SO16 3GD,3,0,0,0,3
SO16 3GS,3,0,1,1,1
SO16 3GX,3,0,2,1,0
SP6 3AD,3,0,0,1,2
SO40 7DQ,3,0,0,0,3
SO45 1BN,3,1,2,0,0
SO40 8SD,3,0,1,1,1
SO31 8GE,3,0,1,0,2
SO31 8JZ,3,0,1,0,2
SO31 8DU,3,0,0,1,2
SO31 8NB,3,0,0,0,3
SO31 8NE,3,0,1,1,1
SO32 2BZ,3,0,0,2,1
SO53 3AX,3,0,0,0,3
SO53 3BU,3,0,0,1,2
SO53 3HU,3,0,0,0,3
SO50 5NB,3,0,0,1,2
SO50 5RS,3,0,0,0,3
SO50 5GG,3,0,0,0,3
SO50 9GH,3,0,1,1,1
SO50 5RQ,3,0,0,0,3
SO50 5RR,2,0,0,0,2
SO50 7FX,2,0,0,0,2
SO50 9DN,2,0,0,0,2
SO50 7HD,2,0,0,0,2
SO50 7NF,2,0,0,0,2
SO50 9BL,2,0,0,0,2
SO50 9FS,2,0,0,0,2
SO50 9FW,2,0,1,0,1
SO50 9FX,2,0,0,0,2
SO50 9PJ,2,0,0,0,2
SO50 5HH,2,0,0,0,2
SO50 5JN,2,0,0,0,2
SO40 8EF,2,0,2,0,0
SO50 4RD,2,0,0,2,0
SO50 5BJ,2,0,1,0,1
SO32 2ST,2,0,1,1,0
SO50 5FZ,2,0,0,0,2
SO53 3NE,2,0,0,0,2
SO53 3DS,2,0,0,0,2
SO53 3DX,2,0,0,0,2
SO53 3ED,2,0,0,0,2
SO53 2QH,2,0,0,0,2
SO52 9GY,2,0,0,0,2
SO50 9RF,2,0,0,0,2
SO50 9RG,2,0,0,0,2
SO50 9SU,2,0,0,0,2
SO51 5BG,2,0,0,1,1
SO51 8FD,2,0,0,0,2
SO51 7LX,2,0,0,0,2
SO52 9AW,2,0,2,0,0
SO52 9EZ,2,0,0,1,1
SO31 8GD,2,0,0,1,1
SO31 8NY,2,0,1,1,0
SO32 2RQ,2,0,1,1,0
SO31 8PB,2,0,0,0,2
SO31 8PD,2,0,1,0,1
SO32 2SW,2,0,2,0,0
SO32 2SJ,2,0,0,0,2
SO32 2XY,2,0,0,0,2
SO31 8NS,2,0,0,1,1
SO31 8NU,2,0,2,0,0
SO31 8LW,2,0,0,1,1
SO31 8FU,2,0,0,1,1
SO31 8AL,2,0,0,0,2
SO31 8DH,2,0,1,0,1
SO31 8LA,2,0,0,1,1
SO31 8LB,2,0,2,0,0
SO31 8JB,2,0,1,1,0
SO31 8JD,2,0,2,0,0
SO31 8GH,2,0,0,1,1
SO40 3AL,2,0,0,0,2
SO40 2UU,2,0,0,0,2
SO40 3BL,2,0,1,1,0
SO40 3FW,2,0,1,0,1
SO40 3GE,2,0,0,1,1
SO45 4PY,2,0,2,0,0
SO40 4YX,2,0,0,0,2
SO40 7HS,2,0,1,1,0
SO40 7JY,2,0,0,0,2
SO50 4BX,2,0,0,0,2
SO53 5RW,2,0,1,1,0
SO53 3GW,2,0,1,1,0
SO53 3GX,2,0,2,0,0
SO53 4LU,2,0,0,1,1
SO53 4QT,2,0,0,0,2
SO16 3GT,2,0,0,1,1
SO16 3HL,2,0,0,0,2
SO16 3JP,2,0,0,0,2
SO16 3JA,2,0,0,0,2
SO16 3JB,2,0,0,0,2
SO16 3HX,2,0,0,2,0
SO16 4AY,2,0,0,0,2
SO16 4BH,2,1,0,1,0
SO16 4BJ,2,0,0,2,0
SO16 4BN,2,1,1,0,0
SO16 3PW,2,0,1,0,1
SO16 3PJ,2,0,0,2,0
SO16 3PD,2,0,0,0,2
SO16 3PE,2,0,2,0,0
SO16 3QJ,2,0,0,2,0
SO16 3QP,2,0,0,0,2
SO16 4JD,2,0,0,0,2
SO16 4JE,2,0,0,0,2
SO16 4RL,2,0,0,1,1
SO16 4QY,2,0,0,1,1
SO16 4GE,2,0,0,1,1
SO16 4GS,2,0,0,0,2
SO16 4FN,2,0,0,0,2
SO16 4JH,2,0,0,0,2
SO16 4LE,2,0,0,0,2
SO16 4HU,2,0,0,1,1
SO16 4EG,2,0,0,1,1
SO16 4FS,2,0,0,2,0
SO15 7PL,2,0,0,0,2
SO15 7PN,2,0,0,0,2
SO15 7PU,2,0,0,0,2
SO15 7NW,2,0,0,1,1
SO15 7NR,2,0,0,0,2
SO15 7NS,2,0,0,0,2
SO15 7AH,2,0,0,0,2
SO15 5SN,2,0,0,0,2
SO15 5SP,2,0,0,0,2
SO15 5SQ,2,0,0,0,2
SO15 5RQ,2,0,0,0,2
SO15 5RS,2,0,0,1,1
SO15 5QX,2,0,1,0,1
SO15 5RD,2,0,0,0,2
SO15 5QT,2,0,1,1,0
SO15 8PT,2,0,0,0,2
SO15 8PZ,2,0,0,0,2
SO15 8PL,2,0,0,0,2
SO15 8PF,2,0,0,0,2
SO15 8AP,2,0,2,0,0
SO15 8NA,2,0,0,1,1
SO15 8NZ,2,0,0,2,0
SO15 8LH,2,0,1,0,1
SO15 7RA,2,0,0,0,2
SO15 7RT,2,0,0,1,1
SO15 7UA,2,0,1,0,1
SO16 2JH,2,0,0,1,1
SO16 2HY,2,0,0,0,2
SO16 0XD,2,0,0,0,2
SO16 0XG,2,0,0,1,1
SO15 8QJ,2,0,0,0,2
SO15 8QN,2,1,1,0,0
SO15 8RQ,2,0,0,0,2
SO16 3DW,2,0,2,0,0
SO16 3DX,2,0,0,0,2
SO16 3DY,2,0,0,0,2
SO16 3EG,2,0,1,0,1
SO16 3EE,2,0,2,0,0
SO16 3FG,2,0,0,0,2
SO16 3GA,2,0,0,1,1
SO16 3BN,2,0,0,0,2
SO16 3BR,2,0,2,0,0
SO16 3BS,2,0,2,0,0
SO16 3BG,2,0,0,1,1
SO16 2NX,2,0,0,0,2
SO16 2NP,2,0,0,0,2
SO16 7AB,2,0,1,1,0
SO16 7AW,2,0,0,0,2
SO16 7AX,2,0,0,0,2
SO16 7AZ,2,0,2,0,0
SO16 7BA,2,0,1,1,0
SO16 7BB,2,0,0,0,2
SO16 6SX,2,0,1,0,1
SO16 6UH,2,1,0,0,1
SO16 6UJ,2,0,1,0,1
SO16 6TU,2,0,0,0,2
SO16 6RH,2,0,0,0,2
SO16 6RP,2,0,0,0,2
SO16 6BG,2,2,0,0,0
SO16 6QD,2,0,0,1,1
SO16 6LW,2,0,0,0,2
SO16 5LL,2,0,0,0,2
SO16 5LN,2,0,0,0,2
SO16 5NT,2,0,0,1,1
SO16 5NU,2,0,1,0,1
SO16 5JZ,2,0,0,1,1
SO16 5JU,2,0,0,0,2
SO16 6AS,2,0,0,1,1
SO16 5ET,2,0,0,1,1
SO16 5EJ,2,0,0,2,0
SO16 5FF,2,0,2,0,0
SO16 5HB,2,0,0,0,2
SO16 5GY,2,0,0,0,2
SO16 5GB,2,0,0,1,1
SO16 7BJ,2,0,0,0,2
SO16 7AH,2,0,0,2,0
SO16 7BU,2,0,0,0,2
SO16 7DX,2,0,2,0,0
SO16 7EE,2,0,1,0,1
SO16 7GJ,2,0,0,0,2
SO16 7GF,2,0,2,0,0
SO16 7LD,2,0,0,2,0
SO16 7GZ,2,0,0,0,2
SO16 7HA,2,0,0,1,1
SO16 7FS,2,0,0,0,2
SO16 7FU,2,0,2,0,0
SO16 7FW,2,0,0,0,2
SO16 7FD,2,0,0,0,2
SO16 7FJ,2,0,0,0,2
SO16 7FL,2,0,1,1,0
SO16 7FP,2,0,0,0,2
SO16 7EY,2,0,1,0,1
SO16 7QB,2,0,1,0,1
SO16 7PQ,2,0,0,1,1
SO16 7QW,2,0,0,1,1
SO16 7LU,2,0,1,0,1
SO16 7LX,2,0,1,1,0
SO16 7ND,2,0,1,0,1
SO16 7NP,2,0,2,0,0
SO16 7PG,2,1,1,0,0
SO16 7PH,2,0,0,0,2
SO16 8DP,2,0,1,1,0
SO16 8DH,2,0,0,0,2
SO16 8BU,2,0,0,0,2
SO16 8FD,2,0,0,0,2
SO16 8GL,2,0,1,0,1
SO16 8GQ,2,0,0,1,1
SO16 8HU,2,0,0,0,2
SO16 8HX,2,0,1,0,1
SO16 8JY,2,0,0,0,2
SO16 8LN,2,0,0,2,0
SO16 9EN,2,0,0,0,2
SO16 9BY,2,1,1,0,0
SO16 9AS,2,0,0,0,2
SO16 8NL,2,0,0,1,1
SO16 9AF,2,0,0,0,2
SO15 3JQ,2,0,1,1,0
SO15 3JF,2,0,0,0,2
SO15 3JW,2,0,0,0,2
SO15 3JY,2,0,1,0,1
SO15 3NF,2,0,1,0,1
SO15 3LB,2,0,0,0,2
SO15 4GT,2,0,0,2,0
SO15 4GU,2,0,0,0,2
SO15 4GW,2,0,0,0,2
SO15 4AH,2,0,0,1,1
SO15 4HL,2,0,1,0,1
SO15 3SR,2,0,0,0,2
SO15 3RS,2,0,0,0,2
SO15 3NP,2,0,0,1,1
SO15 3NQ,2,0,0,1,1
SO15 3NY,2,0,0,0,2
SO15 5BH,2,0,0,0,2
SO15 5AZ,2,0,1,1,0
SO15 5AU,2,0,0,1,1
SO15 4HT,2,1,1,0,0
SO15 4HX,2,0,2,0,0
SO15 4JB,2,0,0,0,2
SO15 4JD,2,0,0,0,2
SO15 4JL,2,0,1,0,1
SO15 4JZ,2,0,0,1,1
SO15 4LS,2,0,0,0,2
SO15 5LZ,2,0,0,2,0
SO15 5LU,2,0,0,0,2
SO15 5JY,2,0,0,0,2
SO15 5HZ,2,0,0,0,2
SO15 5NZ,2,0,0,0,2
SO15 5NJ,2,0,0,2,0
SO15 5PL,2,0,1,0,1
SO15 5QE,2,0,0,1,1
SO15 5BY,2,0,0,1,1
SO15 5EE,2,0,0,0,2
SO15 5EH,2,0,0,0,2
SO15 5DZ,2,0,0,0,2
SO15 5FX,2,0,1,0,1
SO15 5FS,2,0,0,0,2
SO15 5FT,2,0,0,0,2
SO15 3AD,2,0,1,1,0
SO15 3BS,2,1,0,0,1
SO15 3DE,2,0,0,1,1
SO15 3DG,2,0,1,0,1
SO15 3BN,2,0,1,1,0
SO15 3ER,2,0,0,0,2
SO15 3EX,2,0,0,0,2
SO15 3DZ,2,0,0,0,2
SO15 3EN,2,0,0,0,2
SO15 3ED,2,0,0,0,2
SO15 3HE,2,0,0,0,2
SO15 3FY,2,0,0,0,2
SO15 2GL,2,0,0,2,0
SO15 2GQ,2,0,0,0,2
SO15 2GS,2,0,0,0,2
SO15 2FB,2,0,0,0,2
SO15 2FG,2,0,1,0,1
SO15 2DA,2,0,2,0,0
SO15 2BT,2,0,0,0,2
SO15 2DJ,2,0,1,0,1
SO15 1HZ,2,0,0,1,1
SO15 1HL,2,0,0,2,0
SO15 2AZ,2,0,0,0,2
SO15 2JL,2,0,0,2,0
SO15 2LJ,2,0,0,0,2
SO15 2GE,2,0,0,2,0
SO15 2GG,2,0,0,2,0
SO15 2HJ,2,0,0,0,2
SO15 2HL,2,0,0,1,1
SO15 2HF,2,0,0,0,2
SO15 2HZ,2,0,0,0,2
SO15 2JA,2,0,0,1,1
SO15 2HX,2,0,0,0,2
SO15 2HR,2,0,0,2,0
SO15 2LX,2,0,0,1,1
SO15 2PD,2,0,0,0,2
SO15 2RU,2,0,1,0,1
SO15 2RY,2,0,1,0,1
SO15 2NW,2,0,0,1,1
SO15 2PL,2,0,1,0,1
SO14 0JR,2,0,0,0,2
SO14 0JT,2,0,0,0,2
SO14 0NE,2,0,0,0,2
SO14 1PZ,2,0,1,0,1
SO14 2AE,2,0,0,1,1
SO14 2EQ,2,0,1,0,1
SO14 2BZ,2,0,0,0,2
SO14 2DF,2,0,0,1,1
SO14 2BR,2,0,0,1,1
SO14 1PN,2,0,1,0,1
SO14 1PG,2,0,0,2,0
PO15 7QG,2,1,1,0,0
PO15 7JQ,2,0,0,0,2
PO15 7NR,2,0,0,0,2
PO14 4TF,2,0,0,0,2
PO15 5NZ,2,0,0,0,2
PO15 7EW,2,0,0,0,2
PO15 7FF,2,0,0,0,2
PO16 0NT,2,0,0,1,1
PO15 7PW,2,0,0,0,2
PO15 5LN,2,0,0,2,0
PO31 7NF,2,0,1,1,0
PO14 4FH,2,0,2,0,0
PO14 4JT,2,0,0,1,1
PO14 4JY,2,0,0,2,0
PO14 4PL,2,0,0,2,0
PO14 4PT,2,0,0,0,2
E7 8QN,2,0,1,0,1
SO14 0FS,2,0,1,0,1
SO14 0FE,2,0,0,1,1
SO14 0EX,2,0,2,0,0
SO14 0DJ,2,0,0,0,2
SO14 0BR,2,0,0,1,1
SO14 3EZ,2,0,1,1,0
SO14 3FE,2,0,1,0,1
SO14 3HA,2,0,0,0,2
SO14 3HB,2,0,1,1,0
SO14 3HR,2,0,0,2,0
SO14 3HS,2,0,0,0,2
SO14 3JG,2,0,0,0,2
SO14 3JE,2,0,0,0,2
SO14 3GR,2,0,0,2,0
SO14 3BS,2,0,1,0,1
SO14 3BP,2,0,0,0,2
SO14 5QL,2,0,0,0,2
SO14 5QN,2,0,0,1,1
SO14 5FR,2,0,0,0,2
SO14 5GN,2,0,0,0,2
SO14 3QR,2,0,1,0,1
SO14 3SB,2,0,2,0,0
SO14 3TA,2,0,0,1,1
SO14 3TQ,2,0,0,1,1
SO14 3TX,2,0,0,2,0
SO14 7LY,2,0,0,0,2
SO14 6WP,2,0,0,1,1
SO14 6WJ,2,0,0,0,2
SO14 6TQ,2,0,0,1,1
SO14 6TU,2,0,0,0,2
SO15 1GF,2,0,0,1,1
SO14 6UW,2,0,0,0,2
SO15 0LN,2,0,0,1,1
SO15 0NF,2,0,1,0,1
SO15 0NJ,2,0,2,0,0
SO14 6HN,2,0,0,0,2
SO14 6HU,2,0,0,0,2
SO14 6HR,2,0,0,0,2
SO14 6HB,2,0,0,0,2
SO14 6GT,2,0,1,0,1
SO14 6GA,2,0,1,1,0
SO14 6FH,2,0,0,0,2
SO14 6FL,2,0,0,0,2
SO14 6FN,2,0,1,0,1
SO14 6RW,2,0,0,0,2
SO17 1PJ,2,0,0,0,2
SO17 1LA,2,0,0,0,2
SO17 1NW,2,0,0,0,2
SO17 1NX,2,0,0,0,2
SO17 1RA,2,0,0,0,2
SO17 1RB,2,0,0,1,1
SO17 1RD,2,0,0,1,1
SO17 1QP,2,0,0,0,2
SO17 1PX,2,0,0,0,2
SO17 1EE,2,0,1,1,0
SO17 1EH,2,0,0,1,1
SO17 1NP,2,0,0,0,2
SO17 1NR,2,0,0,1,1
SO16 9SB,2,0,0,1,1
SO17 2ET,2,2,0,0,0
SO17 1XQ,2,0,0,0,2
SO17 1WF,2,0,0,0,2
SO17 1UJ,2,0,0,0,2
SO17 1TX,2,0,0,0,2
SO17 1UB,2,0,0,0,2
SO17 1RJ,2,0,0,0,2
SO17 1RR,2,0,0,0,2
SO17 1RS,2,0,0,1,1
SO17 1TD,2,0,1,0,1
SO17 1TF,2,0,0,0,2
SO16 9HP,2,0,0,1,1
SO16 9FH,2,0,1,0,1
SO16 9RZ,2,0,0,1,1
SO16 9QF,2,0,0,0,2
SO16 9PG,2,0,0,0,2
SO16 9NW,2,0,0,0,2
SO18 1LQ,2,0,0,0,2
SO18 1GU,2,1,1,0,0
SO18 1LS,2,0,0,1,1
SO18 1NE,2,0,0,1,1
SO18 1NN,2,0,0,2,0
SO18 1NP,2,0,0,1,1
SO18 1BJ,2,0,0,0,2
SO18 1AN,2,0,0,1,1
SO17 3TN,2,0,1,0,1
SO17 3TW,2,1,0,0,1
SO18 1FG,2,0,0,0,2
SO18 1EB,2,0,0,0,2
SO18 1ED,2,0,0,1,1
SO18 1EF,2,0,1,0,1
SO18 1DU,2,0,0,1,1
SO18 1BT,2,0,0,1,1
SO17 2WR,2,0,1,1,0
SO17 2TD,2,0,0,1,1
SO17 2TH,2,1,1,0,0
SO17 2TY,2,0,0,0,2
SO17 2LN,2,0,1,0,1
SO17 2LX,2,0,1,0,1
SO17 2NA,2,0,0,1,1
SO17 2NF,2,0,1,0,1
SO17 2NG,2,0,1,1,0
SO17 3RD,2,0,0,1,1
SO17 3QZ,2,0,0,0,2
SO17 3RW,2,0,0,0,2
SO17 3SU,2,0,1,1,0
SO17 3SD,2,0,0,2,0
SO17 2FG,2,0,0,0,2
SO17 2FL,2,0,0,1,1
SO17 2HF,2,0,0,2,0
SO17 2JY,2,0,0,0,2
SO17 2HN,2,0,1,0,1
SO17 2JB,2,0,1,1,0
SO18 2BX,2,0,0,0,2
SO18 2DZ,2,1,0,1,0
SO18 2ED,2,0,0,2,0
SO18 2DX,2,0,0,0,2
SO18 2DQ,2,0,0,0,2
SO18 2DN,2,0,0,1,1
SO18 2AF,2,0,0,0,2
SO18 2AX,2,0,0,0,2
SO18 2AZ,2,0,0,0,2
SO18 2BA,2,0,0,1,1
SO18 1UA,2,0,0,0,2
SO18 2AB,2,0,0,0,2
SO18 1QQ,2,0,1,1,0
SO18 2LL,2,0,0,0,2
SO18 2JX,2,0,1,0,1
SO18 2JP,2,0,0,0,2
SO18 2JQ,2,0,0,0,2
SO18 2GR,2,0,0,0,2
SO18 2HY,2,0,0,1,1
SO18 2FW,2,0,0,1,1
SO18 2GB,2,0,1,1,0
SO18 3LZ,2,0,0,0,2
SO18 3ND,2,0,0,1,1
SO18 3NE,2,0,0,0,2
SO18 3QN,2,0,0,1,1
SO18 3NQ,2,0,0,1,1
SO18 3QH,2,0,1,0,1
SO18 3PS,2,0,2,0,0
SO18 3PE,2,0,0,0,2
SO18 4FR,2,0,0,0,2
SO18 4GP,2,0,0,2,0
SO18 4GU,2,0,0,0,2
SO18 4EJ,2,0,0,0,2
SO18 4EL,2,0,0,0,2
SO18 2QW,2,0,1,1,0
SO18 2RF,2,0,1,1,0
SO18 2RH,2,0,0,0,2
SO18 3AF,2,0,0,1,1
SO18 2SQ,2,0,1,1,0
SO18 3LN,2,0,1,0,1
SO18 2LU,2,0,1,0,1
SO18 2LW,2,0,1,1,0
SO18 2ND,2,0,0,0,2
SO18 6SN,2,0,0,2,0
SO18 6RX,2,0,0,0,2
SO18 6PL,2,0,0,2,0
SO18 6NT,2,0,1,1,0
SO18 6TJ,2,0,0,0,2
SO18 6TL,2,0,0,0,2
SO19 0AD,2,0,0,2,0
SO19 0AF,2,0,2,0,0
SO19 0AN,2,0,0,1,1
SO18 6BB,2,0,0,0,2
SO18 6LY,2,0,1,1,0
SO18 6NL,2,0,0,1,1
SO18 6BN,2,0,1,1,0
SO18 5TS,2,0,0,1,1
SO18 6AG,2,0,0,0,2
SO18 6AT,2,0,0,0,2
SO18 5HZ,2,0,1,0,1
SO18 5JA,2,0,1,0,1
SO18 5JD,2,0,1,0,1
SO18 5NF,2,0,1,1,0
SO18 5QB,2,0,0,2,0
SO18 5HS,2,0,0,1,1
SO18 5QZ,2,0,0,0,2
SO18 5RB,2,0,0,2,0
SO18 5SR,2,0,0,1,1
SO18 5TE,2,0,1,1,0
SO18 5RS,2,0,0,1,1
SO18 5SW,2,0,0,1,1
SO18 4TS,2,0,0,0,2
SO18 4RT,2,0,0,0,2
SO18 4HW,2,0,0,0,2
SO18 4HY,2,0,0,0,2
SO18 4QG,2,0,0,0,2
SO18 5HX,2,0,0,0,2
SO18 5HB,2,0,1,1,0
SO18 5GZ,2,1,1,0,0
SO18 5DS,2,0,1,1,0
SO18 5FD,2,0,0,1,1
SO30 3AF,2,0,0,0,2
SO30 3BA,2,0,0,1,1
SO30 2BH,2,0,0,0,2
SO30 2DB,2,0,0,1,1
SO30 2PN,2,0,0,0,2
SO30 0BZ,2,0,0,1,1
SO30 2DR,2,1,0,1,0
SO30 3JR,2,0,0,1,1
SO30 3JU,2,0,0,0,2
SO30 3JW,2,0,0,1,1
SO30 3LG,2,1,1,0,0
SO30 3ES,2,1,1,0,0
SO30 3HS,2,0,0,0,2
SO30 3JL,2,0,1,1,0
SO30 3BH,2,0,1,1,0
SO30 3BR,2,0,0,0,2
SO30 3DF,2,0,0,0,2
SO30 3FH,2,0,0,0,2
SO30 3FU,2,0,2,0,0
SO31 8AE,2,0,0,2,0
SO31 8AF,2,0,0,0,2
SO31 8AY,2,0,0,0,2
SO31 7ET,2,0,1,1,0
SO31 6DB,2,0,0,0,2
SO31 5GS,2,0,0,0,2
SO31 6FB,2,0,0,1,1
SO31 5GN,2,0,0,0,2
SO31 5DW,2,0,1,1,0
SO31 5EP,2,0,1,0,1
SO31 5EQ,2,0,0,1,1
SO31 5FH,2,0,0,2,0
SO31 5FR,2,2,0,0,0
SO31 4JB,2,0,0,0,2
SO31 5AZ,2,0,1,1,0
SO31 1EW,2,0,0,0,2
SO31 4JX,2,0,2,0,0
SO30 3NE,2,0,0,0,2
SO31 1AR,2,0,0,0,2
SO31 1BT,2,0,0,0,2
SO19 9NR,2,0,0,2,0
SO19 9QW,2,0,1,1,0
SO19 9LR,2,0,0,1,1
SO19 9TW,2,0,2,0,0
SO19 9UD,2,0,0,2,0
SO19 9RB,2,0,0,0,2
SO19 8PA,2,1,0,0,1
SO19 8NT,2,0,1,1,0
SO19 8NG,2,0,0,1,1
SO19 8LS,2,0,0,0,2
SO19 8JW,2,0,0,0,2
SO19 8GQ,2,0,0,0,2
SO19 8GG,2,0,1,0,1
SO19 7RL,2,0,2,0,0
SO19 7NS,2,0,0,0,2
SO19 7PY,2,0,0,0,2
SO19 7NN,2,0,0,1,1
SO19 8EW,2,0,0,0,2
SO19 8ET,2,0,1,1,0
SO19 8AL,2,0,0,1,1
SO19 9FB,2,0,1,1,0
SO19 9GL,2,0,0,0,2
SO19 9GY,2,0,0,0,2
SO19 9HP,2,0,0,0,2
SO19 8QR,2,0,0,0,2
SO19 8PR,2,0,0,1,1
SO19 8RT,2,0,0,1,1
SO19 9AA,2,0,0,0,2
SO19 9AF,2,0,0,0,2
SO19 9AR,2,0,0,0,2
SO19 9BP,2,0,0,0,2
SO19 9DZ,2,1,0,0,1
SO19 9EA,2,0,1,0,1
SO19 9DH,2,0,0,0,2
SO19 6RL,2,0,2,0,0
SO19 6SW,2,0,0,2,0
SO19 7BD,2,0,1,0,1
SO19 7AW,2,0,0,0,2
SO19 7AJ,2,0,0,1,1
SO19 6QU,2,0,0,2,0
SO19 6ND,2,0,1,1,0
SO19 6PX,2,0,0,2,0
SO19 7JS,2,0,0,1,1
SO19 7GP,2,0,0,0,2
SO19 7DH,2,0,0,1,1
SO19 7BW,2,0,0,0,2
SO19 7BP,2,0,0,0,2
SO19 6HD,2,1,0,0,1
SO19 6GQ,2,0,0,1,1
SO19 6AJ,2,0,0,0,2
SO19 6BA,2,0,0,0,2
SO19 6BP,2,0,1,0,1
SO19 6DG,2,0,2,0,0
SO19 2DN,2,0,0,0,2
SO19 2PJ,2,0,0,0,2
SO19 2QE,2,0,0,1,1
SO19 5LT,2,0,0,0,2
SO19 5LP,2,0,0,0,2
SO19 5LW,2,0,1,0,1
SO19 5SP,2,0,0,1,1
SO19 5JQ,2,0,0,0,2
SO19 5JU,2,0,0,0,2
SO19 5JW,2,0,0,0,2
SO19 5JJ,2,0,0,0,2
SO19 5LJ,2,0,0,0,2
SO19 5LL,2,0,0,0,2
SO19 2RG,2,0,0,0,2
SO19 2QU,2,0,0,0,2
SO19 0SR,2,0,0,0,2
SO19 1BJ,2,0,0,2,0
SO19 0EQ,2,0,1,0,1
SO19 0HP,2,0,0,0,2
SO19 0HR,2,0,0,0,2
SO19 2EA,2,0,0,0,2
SO19 2EG,2,0,0,0,2
SO19 2DQ,2,0,0,1,1
SO19 2DR,2,0,0,0,2
SO19 1DE,2,0,1,0,1
SO19 1DB,2,0,1,1,0
SO19 1DA,1,0,0,0,1
SO19 1BS,1,0,0,0,1
SO19 1DN,1,0,0,1,0
SO19 1RG,1,0,0,0,1
SO19 1DT,1,0,0,0,1
SO19 2DL,1,0,0,1,0
SO19 2BN,1,0,0,0,1
SO19 0NR,1,0,0,0,1
SO19 1BG,1,0,0,0,1
SO19 1BP,1,0,0,0,1
SO19 1BQ,1,0,0,0,1
SO19 1AD,1,0,0,0,1
SO19 1AW,1,0,0,1,0
SO19 0QS,1,0,1,0,0
SO19 0QZ,1,0,0,0,1
SO19 0RF,1,0,0,0,1
SO19 2RU,1,0,0,0,1
SO19 4BX,1,0,0,0,1
SO19 4BU,1,0,0,0,1
SO19 5AD,1,0,0,1,0
SO19 5LD,1,0,0,0,1
SO19 5JZ,1,0,1,0,0
SO19 5JL,1,0,1,0,0
SO19 6AH,1,0,0,1,0
SO19 2JZ,1,0,0,0,1
SO19 2GL,1,0,0,0,1
SO19 6DF,1,0,0,0,1
SO19 6BQ,1,0,0,0,1
SO19 6AW,1,0,0,0,1
SO19 6AN,1,0,0,0,1
SO19 6FL,1,0,0,0,1
SO19 6DU,1,0,0,1,0
SO19 6EL,1,0,0,0,1
SO19 6GR,1,0,0,0,1
SO19 6HY,1,0,1,0,0
SO19 7GF,1,0,0,0,1
SO19 7GH,1,0,0,0,1
SO19 7GX,1,0,0,0,1
SO19 7JL,1,0,0,0,1
SO19 6QB,1,0,0,0,1
SO19 6PN,1,0,0,0,1
SO19 7AZ,1,0,0,0,1
SO19 6YH,1,0,1,0,0
SO19 6QS,1,0,0,0,1
SO19 9AS,1,0,0,0,1
SO19 8TA,1,0,0,0,1
SO19 8RZ,1,0,0,0,1
SO19 8RS,1,0,1,0,0
SO19 8RN,1,0,1,0,0
SO19 9HR,1,0,0,0,1
SO19 9GP,1,0,0,1,0
SO19 9HH,1,0,0,1,0
SO19 9EX,1,0,0,1,0
SO19 9EN,1,0,0,0,1
SO19 7SE,1,0,0,0,1
SO19 8AE,1,0,1,0,0
SO19 8AG,1,0,0,0,1
SO19 7NE,1,0,0,0,1
SO19 7RR,1,0,0,1,0
SO19 7RB,1,0,1,0,0
SO19 8FZ,1,0,0,0,1
SO19 8FU,1,0,0,0,1
SO19 8FL,1,0,0,0,1
SO19 8FQ,1,0,1,0,0
SO19 8GW,1,0,0,1,0
SO19 8JX,1,0,0,0,1
SO19 9RW,1,0,0,1,0
SO19 9SA,1,1,0,0,0
SO19 9SH,1,0,0,0,1
SO19 9TN,1,0,0,0,1
SO19 9TG,1,0,1,0,0
SO19 9ST,1,0,0,0,1
SO19 9UH,1,0,0,1,0
SO19 9US,1,0,0,1,0
SO22 5GG,1,0,0,1,0
SO22 5SA,1,0,0,1,0
SO22 6QA,1,0,1,0,0
SO23 7XD,1,0,0,1,0
SO23 8SN,1,0,0,0,1
SO23 9RG,1,0,1,0,0
SO30 0AN,1,0,0,1,0
SO30 0AQ,1,0,0,0,1
SO19 9XG,1,0,1,0,0
SO21 1TD,1,0,1,0,0
SO19 9LS,1,0,1,0,0
SO19 9NA,1,0,0,0,1
SO19 9PJ,1,0,0,0,1
SO31 1BY,1,0,1,0,0
SO31 1EU,1,0,0,0,1
SO30 3RJ,1,0,0,1,0
SO30 4GD,1,0,0,1,0
SO31 4PD,1,1,0,0,0
SO31 4QU,1,0,0,1,0
SO31 4RY,1,0,1,0,0
SO31 5AL,1,0,0,0,1
SO31 1FD,1,0,0,1,0
SO30 4TA,1,0,0,0,1
SO31 5BA,1,0,0,0,1
SO31 4JD,1,0,0,0,1
SO31 4JW,1,0,0,1,0
SO31 5BJ,1,0,1,0,0
SO31 5BP,1,0,0,0,1
SO31 5BS,1,0,0,0,1
SO31 5BY,1,0,0,0,1
SO31 5DG,1,0,0,0,1
SO31 5DP,1,0,0,1,0
SO31 5GE,1,1,0,0,0
SO31 5GF,1,0,0,0,1
SO31 5EH,1,1,0,0,0
SO31 5GP,1,0,0,0,1
SO31 6NF,1,0,0,0,1
SO31 6QR,1,0,0,0,1
SO31 6RT,1,0,0,0,1
SO31 6SU,1,0,0,0,1
SO31 6TY,1,0,0,0,1
SO31 6WW,1,0,0,0,1
SO31 6XD,1,0,0,0,1
SO31 5GU,1,0,0,0,1
SO31 5GY,1,0,0,0,1
SO31 5JD,1,0,0,0,1
SO31 6ES,1,0,0,0,1
SO31 7FZ,1,0,0,0,1
SO31 7GQ,1,0,1,0,0
SO31 7HE,1,0,0,1,0
SO31 7LR,1,0,1,0,0
SO31 7NS,1,0,0,0,1
SO31 7NT,1,0,0,0,1
SO31 7PF,1,1,0,0,0
SO31 8BE,1,0,0,0,1
SO31 8DF,1,0,0,0,1
SO31 8DG,1,0,0,0,1
SO31 8AH,1,0,0,0,1
SO31 5PH,1,0,0,1,0
SO30 3FX,1,0,0,1,0
SO30 3GA,1,0,0,1,0
SO30 3HQ,1,0,0,0,1
SO30 3FL,1,0,0,0,1
SO30 3FQ,1,0,0,0,1
SO30 3DT,1,0,0,0,1
SO30 3DX,1,0,0,0,1
SO30 3ER,1,0,0,0,1
SO30 3BW,1,0,0,1,0
SO30 3BN,1,0,1,0,0
SO30 3JQ,1,0,0,0,1
SO30 3EY,1,0,0,0,1
SO30 3JH,1,0,0,0,1
SO30 4BE,1,0,0,0,1
SO30 4BG,1,0,0,0,1
SO30 4DT,1,0,0,0,1
SO30 4DW,1,0,0,1,0
SO30 2EE,1,0,0,1,0
SO30 2EF,1,0,0,0,1
SO30 2ES,1,0,0,0,1
SO30 2EY,1,0,0,0,1
SO30 2GR,1,0,0,1,0
SO30 2HG,1,0,0,0,1
SO30 2JY,1,0,1,0,0
SO30 2JZ,1,0,0,1,0
SO30 2NU,1,0,0,1,0
SO30 0DN,1,0,0,1,0
SO30 0FF,1,0,0,0,1
SO30 0BP,1,0,1,0,0
SO30 0JN,1,0,0,0,1
SO30 0JT,1,0,0,0,1
SO30 0JX,1,0,0,1,0
SO30 0PP,1,0,0,1,0
SO30 2QD,1,0,0,0,1
SO30 2RD,1,0,0,1,0
SO30 2RN,1,0,0,0,1
SO30 2WT,1,0,0,0,1
SO30 2XG,1,0,0,0,1
SO30 3AB,1,0,0,0,1
SO30 2DG,1,0,0,1,0
SO30 2BY,1,0,0,1,0
SO30 3BE,1,0,0,0,1
SO30 3AL,1,0,1,0,0
SO30 3AN,1,0,0,1,0
SO30 3AR,1,0,0,1,0
SO18 5FB,1,0,0,1,0
SO18 5ER,1,0,0,0,1
SO18 5FN,1,0,0,0,1
SO18 5FP,1,0,0,0,1
SO18 5DJ,1,0,0,0,1
SO18 5EA,1,0,1,0,0
SO18 5ED,1,0,0,0,1
SO18 5HU,1,0,0,0,1
SO18 5HR,1,0,0,1,0
SO18 4QD,1,0,0,1,0
SO18 4HH,1,0,1,0,0
SO18 4HX,1,0,1,0,0
SO18 4HE,1,1,0,0,0
SO18 4RW,1,0,0,0,1
SO18 4RJ,1,0,0,1,0
SO18 5DD,1,0,1,0,0
SO18 5TB,1,0,0,1,0
SO18 5RF,1,0,0,0,1
SO18 5QW,1,0,0,0,1
SO18 5PS,1,0,0,0,1
SO18 5PZ,1,0,0,0,1
SO18 5NG,1,0,1,0,0
SO18 5NP,1,0,0,0,1
SO18 5JE,1,0,0,0,1
SO18 5JH,1,0,0,0,1
SO18 5TH,1,0,0,0,1
SO18 6AB,1,0,0,0,1
SO18 6AY,1,0,0,1,0
SO18 6BE,1,0,0,0,1
SO18 6BF,1,0,1,0,0
SO18 6BH,1,0,0,0,1
SO19 0AH,1,0,0,0,1
SO18 2NS,1,0,1,0,0
SO18 2PL,1,0,1,0,0
SO18 2PU,1,0,0,0,1
SO18 2PW,1,0,0,0,1
SO18 3LW,1,0,0,0,1
SO18 3LL,1,0,0,0,1
SO18 3LB,1,0,0,0,1
SO18 3AE,1,0,0,0,1
SO18 2RJ,1,0,0,0,1
SO18 2RL,1,0,1,0,0
SO18 2RA,1,0,1,0,0
SO18 2QR,1,0,0,0,1
SO18 2QS,1,0,0,0,1
SO18 4EP,1,0,0,0,1
SO18 3PF,1,0,0,0,1
SO18 3PN,1,0,0,0,1
SO18 3RB,1,0,0,0,1
SO18 3NB,1,0,0,0,1
SO18 3PD,1,0,0,0,1
SO18 3NP,1,0,1,0,0
SO18 2GP,1,0,1,0,0
SO18 2EG,1,0,0,0,1
SO18 2GS,1,0,0,0,1
SO18 2GU,1,0,0,1,0
SO18 2HH,1,0,0,0,1
SO18 2LD,1,0,0,1,0
SO18 1QW,1,0,0,0,1
SO18 1TY,1,0,0,0,1
SO18 1UE,1,0,0,1,0
SO18 2BJ,1,0,1,0,0
SO18 2AG,1,0,0,1,0
SO18 2AL,1,0,0,0,1
SO18 2BY,1,0,0,0,1
SO18 2DA,1,0,1,0,0
SO18 2DB,1,0,0,1,0
SO18 2BN,1,0,0,0,1
SO18 2BR,1,0,0,0,1
SO18 2DJ,1,0,0,1,0
SO18 2DL,1,0,0,0,1
SO17 2HZ,1,0,0,0,1
SO17 2HR,1,0,0,0,1
SO17 2LL,1,0,0,1,0
SO17 2JH,1,0,1,0,0
SO17 2GX,1,0,0,0,1
SO17 2HA,1,0,1,0,0
SO17 2FJ,1,0,1,0,0
SO17 2FX,1,1,0,0,0
SO17 3RF,1,0,0,0,1
SO17 3RG,1,0,0,0,1
SO17 3RH,1,0,0,0,1
SO17 3DG,1,0,0,1,0
SO17 2NJ,1,0,0,0,1
SO17 2NN,1,0,0,0,1
SO17 2NB,1,0,1,0,0
SO17 2NS,1,0,0,1,0
SO17 2TB,1,0,0,0,1
SO17 2LY,1,0,0,0,1
SO17 2TE,1,0,1,0,0
SO17 2US,1,0,0,0,1
SO17 2WE,1,0,0,1,0
SO17 3AF,1,0,0,0,1
SO18 1BX,1,0,1,0,0
SO18 1BY,1,0,0,0,1
SO18 1DS,1,0,0,0,1
SO18 1EQ,1,0,0,0,1
SO18 1ES,1,0,0,1,0
SO18 1FS,1,0,1,0,0
SO17 9AT,1,0,1,0,0
SO18 1AQ,1,0,0,0,1
SO18 1AU,1,0,0,1,0
SO18 1AY,1,0,0,0,1
SO18 1NB,1,0,0,0,1
SO18 1PG,1,0,0,0,1
SO18 1PE,1,0,0,0,1
SO18 1LE,1,0,0,1,0
SO18 1JR,1,0,0,0,1
SO16 9QE,1,1,0,0,0
SO16 9QS,1,0,0,0,1
SO16 9QW,1,0,0,0,1
SO16 9QY,1,0,0,0,1
SO16 9GD,1,0,0,1,0
SO16 9JT,1,0,1,0,0
SO16 9JU,1,0,1,0,0
SO16 9JJ,1,0,0,1,0
SO16 9JG,1,0,0,0,1
SO16 9HY,1,0,0,0,1
SO17 1TB,1,0,0,0,1
SO17 1SS,1,0,0,0,1
SO17 1RG,1,0,0,0,1
SO17 1RX,1,0,0,0,1
SO17 1SA,1,0,0,0,1
SO17 1UN,1,0,0,1,0
SO17 1WY,1,0,0,0,1
SO17 1UZ,1,0,0,0,1
SO17 1UX,1,0,0,0,1
SO17 1XR,1,0,0,0,1
SO17 2AG,1,0,1,0,0
SO17 2AH,1,0,0,1,0
SO17 1XH,1,0,0,0,1
SO17 2EX,1,0,0,0,1
SO17 2FB,1,0,0,0,1
SO17 1AJ,1,0,0,0,1
SO17 1AN,1,0,0,0,1
SO17 1HD,1,0,0,1,0
SO17 1EU,1,0,0,1,0
SO17 1EX,1,0,0,1,0
SO17 1ER,1,0,0,1,0
SO17 1PZ,1,0,0,0,1
SO17 1QD,1,0,1,0,0
SO17 1QR,1,0,0,0,1
SO17 1QN,1,0,0,0,1
SO17 1PU,1,0,0,0,1
SO17 1PH,1,0,1,0,0
SO17 1PP,1,0,0,1,0
SO14 6RS,1,0,0,0,1
SO14 6RL,1,0,0,0,1
SO14 6SA,1,0,0,1,0
SO14 6SB,1,0,1,0,0
SO14 6SE,1,1,0,0,0
SO14 6SH,1,0,0,0,1
SO14 6SL,1,0,0,0,1
SO14 6SY,1,0,0,1,0
SO14 6RF,1,0,0,0,1
SO14 6JA,1,0,0,0,1
SO14 6QR,1,1,0,0,0
SO14 6FT,1,0,0,1,0
SO14 6FX,1,0,0,0,1
SO14 6GB,1,0,1,0,0
SO14 6HD,1,0,0,1,0
SO14 6HS,1,0,0,0,1
SO15 0NL,1,0,0,0,1
SO14 7FB,1,0,1,0,0
SO15 0NW,1,0,0,1,0
SO15 0NX,1,0,0,0,1
SO15 1AH,1,0,1,0,0
SO15 1EB,1,0,0,1,0
SO14 6TT,1,0,1,0,0
SO14 6TX,1,0,0,1,0
SO14 6TE,1,0,0,0,1
SO14 6TF,1,0,0,0,1
SO14 6TG,1,0,1,0,0
SO14 6UP,1,0,1,0,0
SO14 6US,1,0,0,0,1
SO14 6WQ,1,0,0,0,1
SO14 9GQ,1,0,1,0,0
SO15 0AN,1,0,0,0,1
SO15 0HT,1,0,1,0,0
SO14 5BN,1,0,0,0,1
SO14 5BU,1,0,0,0,1
SO14 5DH,1,0,0,0,1
SO14 5DJ,1,0,1,0,0
SO14 5DL,1,0,1,0,0
SO14 3RS,1,0,0,0,1
SO14 3LF,1,0,0,0,1
SO14 3LB,1,0,0,0,1
SO14 3JU,1,0,0,1,0
SO14 3AN,1,0,0,0,1
SO14 3AQ,1,0,0,1,0
SO14 3EF,1,0,0,0,1
SO14 3DY,1,0,1,0,0
SO14 3JF,1,0,0,0,1
SO14 3HT,1,0,1,0,0
SO14 3HH,1,0,0,0,1
SO14 3GP,1,0,0,0,1
SO14 3FN,1,0,1,0,0
SO14 3FA,1,0,1,0,0
SO14 0ET,1,0,0,1,0
SO14 0FN,1,0,0,0,1
SO14 0DZ,1,0,0,0,1
GU35 9RF,1,0,0,1,0
HU9 2RL,1,0,0,0,1
IG3 9XZ,1,0,0,1,0
LE7 9SY,1,0,0,0,1
MK3 6JE,1,0,1,0,0
MK43 0TH,1,0,0,0,1
NE12 8JH,1,0,0,0,1
BH1 3QF,1,0,1,0,0
BH11 9DS,1,0,0,0,1
BH12 3HJ,1,0,1,0,0
BH15 2HP,1,0,0,0,1
BH25 5EE,1,0,0,0,1
BH8 8PR,1,0,0,1,0
BH8 9PS,1,0,1,0,0
E17 3EQ,1,0,0,0,1
PO14 4QJ,1,0,0,0,1
PO14 4SE,1,0,0,1,0
PO14 4PN,1,0,0,0,1
PO14 4NY,1,0,0,0,1
PO14 4PJ,1,0,0,0,1
OX11 7EE,1,0,0,0,1
OX29 6AH,1,0,0,1,0
PO1 3JA,1,0,0,0,1
PO10 7GW,1,0,0,1,0
PO12 3JJ,1,0,0,0,1
PO13 8HJ,1,0,0,1,0
PO14 2FN,1,0,0,0,1
PO14 2HD,1,0,0,1,0
PO14 3BH,1,0,0,1,0
PO37 7DF,1,0,0,0,1
PO5 2AP,1,0,0,1,0
PO6 4BS,1,1,0,0,0
PO6 4RB,1,0,1,0,0
PO9 1AN,1,0,1,0,0
RG1 4NN,1,0,0,0,1
RG21 5LQ,1,0,1,0,0
RG26 4PY,1,0,0,0,1
SE19 2UG,1,0,0,0,1
SO1 4SB,1,0,0,0,1
PO15 7PY,1,0,1,0,0
PO16 7UN,1,0,0,0,1
PO15 7HH,1,0,1,0,0
PO15 6DG,1,0,0,0,1
PO15 7ER,1,0,1,0,0
PO15 5AR,1,0,0,0,1
PO15 5NP,1,0,0,0,1
PO15 7NU,1,0,0,0,1
PO15 7NF,1,0,0,0,1
PO15 7NN,1,0,0,1,0
PO15 7QT,1,0,0,0,1
PO15 7QY,1,0,0,0,1
PO15 7RU,1,0,0,0,1
SO14 1LT,1,0,0,1,0
SO14 2DX,1,0,0,0,1
SO14 2GH,1,0,0,0,1
SO14 2GJ,1,0,0,0,1
SO14 2NS,1,0,0,1,0
SO14 2EH,1,0,0,0,1
SO14 2NY,1,0,0,0,1
SO14 3AG,1,0,1,0,0
SO14 2AS,1,0,1,0,0
SO14 2AY,1,0,0,0,1
SO14 2BN,1,0,0,0,1
SO14 2AA,1,0,0,0,1
SO14 2AD,1,0,1,0,0
SO14 0JU,1,0,1,0,0
SO14 0JN,1,0,0,1,0
SO14 0JP,1,0,1,0,0
SO14 0JG,1,0,1,0,0
SO14 0LF,1,0,0,1,0
SO14 0QW,1,0,0,1,0
SO14 0TN,1,0,0,0,1
SO14 0TP,1,0,0,0,1
SO14 1DF,1,0,0,1,0
SO15 2PP,1,0,0,1,0
SO15 2NT,1,0,1,0,0
SO15 2LU,1,0,0,0,1
SO15 2NJ,1,0,0,0,1
SO15 2LS,1,0,0,0,1
SO15 2NF,1,0,0,1,0
SO15 2HG,1,1,0,0,0
SO15 2HA,1,0,0,0,1
SO15 2JG,1,0,0,1,0
SO15 2AS,1,0,0,0,1
SO15 2AX,1,0,0,0,1
SO15 2AE,1,0,1,0,0
SO15 2AJ,1,0,0,0,1
SO15 1YG,1,0,1,0,0
SO15 1LP,1,0,0,1,0
SO15 1HS,1,0,0,0,1
SO15 2EA,1,0,0,0,1
SO15 2DD,1,0,0,0,1
SO15 2DH,1,0,0,0,1
SO15 2BQ,1,0,0,1,0
SO15 2EZ,1,0,0,0,1
SO15 2FZ,1,0,0,1,0
SO15 2FU,1,0,1,0,0
SO15 2FW,1,0,0,0,1
SO15 3GQ,1,0,0,0,1
SO15 3GR,1,0,0,0,1
SO15 3HG,1,0,0,0,1
SO15 3EG,1,0,0,0,1
SO15 3FJ,1,0,0,1,0
SO15 3BQ,1,0,0,1,0
SO15 3BJ,1,0,0,1,0
SO15 3AY,1,0,0,0,1
SO15 3AZ,1,0,0,0,1
SO15 3BY,1,0,1,0,0
SO15 3AG,1,0,0,0,1
SO15 3AB,1,0,0,0,1
SO15 2UE,1,0,0,0,1
SO15 2YN,1,0,1,0,0
SO15 2SB,1,0,0,0,1
SO15 2TD,1,0,0,0,1
SO15 5FH,1,0,1,0,0
SO15 5GE,1,0,0,0,1
SO15 5GT,1,0,1,0,0
SO15 5GU,1,0,0,1,0
SO15 5DX,1,0,0,0,1
SO15 5EN,1,0,0,0,1
SO15 5DA,1,0,0,0,1
SO15 5JN,1,0,0,0,1
SO15 5JQ,1,0,0,0,1
SO15 5HS,1,0,0,0,1
SO15 5JE,1,0,0,0,1
SO15 5LJ,1,0,1,0,0
SO15 5LW,1,0,0,0,1
SO15 5LS,1,0,0,0,1
SO15 4LG,1,0,0,0,1
SO15 4HY,1,0,0,0,1
SO15 4HW,1,0,0,0,1
SO15 5BE,1,0,0,0,1
SO15 5BX,1,0,0,1,0
SO15 4PE,1,0,0,1,0
SO15 5AR,1,0,0,1,0
SO15 3NL,1,0,0,1,0
SO15 3SQ,1,0,0,1,0
SO15 3LR,1,0,0,1,0
SO15 3NG,1,0,0,0,1
SO15 3LW,1,0,0,0,1
SO15 3HY,1,0,0,0,1
SO16 8NP,1,0,0,0,1
SO16 8NQ,1,0,0,1,0
SO16 9BQ,1,0,0,0,1
SO16 9BW,1,0,0,0,1
SO16 9DJ,1,0,0,0,1
SO16 8LT,1,0,0,0,1
SO16 8LG,1,0,0,0,1
SO16 8LL,1,0,0,0,1
SO16 8JD,1,0,0,0,1
SO16 8JA,1,0,0,0,1
SO16 8JH,1,0,1,0,0
SO16 8JR,1,0,0,0,1
SO16 8JU,1,0,0,0,1
SO16 8HN,1,0,0,0,1
SO16 8GG,1,0,0,1,0
SO16 8FU,1,0,0,0,1
SO16 8GA,1,0,0,0,1
SO16 8EY,1,0,0,1,0
SO16 8DQ,1,0,0,1,0
SO16 8EG,1,0,0,0,1
SO16 7NQ,1,0,0,0,1
SO16 7NY,1,0,0,0,1
SO16 7LZ,1,0,0,1,0
SO16 7NB,1,0,0,0,1
SO16 7GR,1,0,0,0,1
SO16 8AZ,1,0,0,0,1
SO16 8AD,1,0,1,0,0
SO16 8AH,1,0,0,0,1
SO16 8AP,1,0,0,0,1
SO16 8AU,1,0,0,0,1
SO16 7PB,1,0,0,0,1
SO16 7PP,1,0,1,0,0
SO16 7EN,1,0,0,0,1
SO16 7FQ,1,0,1,0,0
SO16 7HB,1,0,0,0,1
SO16 7HD,1,0,0,0,1
SO16 7HE,1,0,0,0,1
SO16 7HS,1,0,1,0,0
SO16 7HX,1,0,0,0,1
SO16 7LE,1,0,1,0,0
SO16 7LG,1,0,0,1,0
SO16 7LH,1,0,0,0,1
SO16 7GE,1,0,0,1,0
SO16 7GL,1,0,0,1,0
SO16 7GH,1,0,0,0,1
SO16 7EJ,1,0,0,1,0
SO16 7DA,1,0,0,0,1
SO16 7DB,1,0,0,0,1
SO16 7AN,1,0,0,0,1
SO16 7BS,1,0,0,0,1
SO16 5JA,1,0,0,0,1
SO16 5JF,1,0,1,0,0
SO16 5HG,1,0,0,0,1
SO16 5FH,1,0,0,0,1
SO16 5EW,1,0,0,1,0
SO16 5EL,1,0,0,1,0
SO16 5EN,1,0,0,0,1
SO16 5EH,1,0,1,0,0
SO16 6AQ,1,0,1,0,0
SO16 6AB,1,1,0,0,0
SO16 5SL,1,0,0,0,1
SO16 5PD,1,0,0,0,1
SO16 5PE,1,0,0,0,1
SO16 5PF,1,0,0,0,1
SO16 5LE,1,0,1,0,0
SO16 5LF,1,0,1,0,0
SO16 5JS,1,0,0,1,0
SO16 5JH,1,0,0,0,1
SO16 5NR,1,0,0,1,0
SO16 5NS,1,0,0,0,1
SO16 6LP,1,0,0,1,0
SO16 6HQ,1,0,1,0,0
SO16 6JD,1,0,0,0,1
SO16 6QB,1,0,0,0,1
SO16 6PW,1,0,1,0,0
SO16 6PQ,1,0,0,1,0
SO16 6GJ,1,0,1,0,0
SO16 6HH,1,0,0,0,1
SO16 6DH,1,0,0,0,1
SO16 6RX,1,0,0,0,1
SO16 6SS,1,0,0,0,1
SO16 6SL,1,0,0,1,0
SO16 6RG,1,0,0,0,1
SO16 6RB,1,0,0,0,1
SO16 7BD,1,0,1,0,0
SO16 7AA,1,0,1,0,0
SO16 2NW,1,0,0,1,0
SO16 2PB,1,0,0,0,1
SO16 2PO,1,0,1,0,0
SO16 3AZ,1,0,0,0,1
SO16 3GB,1,0,0,0,1
SO16 3GH,1,0,0,0,1
SO16 3ET,1,0,0,0,1
SO16 3DQ,1,0,0,0,1
SO15 8RX,1,0,0,0,1
SO16 0AR,1,0,0,1,0
SO15 8QR,1,0,0,0,1
SO16 0XH,1,0,0,1,0
SO16 0TN,1,0,0,0,1
SO16 0UX,1,0,0,0,1
SO16 2NJ,1,0,1,0,0
SO16 2NL,1,0,0,0,1
SO16 2JD,1,0,1,0,0
SO16 0XP,1,0,0,0,1
SO16 0XQ,1,0,0,0,1
SO16 0XW,1,0,0,1,0
SO16 0XX,1,0,0,0,1
SO16 0XZ,1,0,0,0,1
SO16 0YA,1,0,0,0,1
SO16 0YF,1,0,0,0,1
SO16 0NX,1,0,0,0,1
SO16 0TA,1,0,0,0,1
SO16 0BN,1,0,0,0,1
SO15 7QY,1,0,0,0,1
SO15 8LJ,1,0,0,0,1
SO15 8AJ,1,0,0,1,0
SO15 8AN,1,0,0,0,1
SO15 8PN,1,0,0,1,0
SO15 8PW,1,1,0,0,0
SO15 5QU,1,0,0,0,1
SO15 5QJ,1,0,0,0,1
SO15 5RR,1,0,0,0,1
SO15 5RW,1,0,1,0,0
SO15 5RX,1,0,1,0,0
SO15 5RY,1,0,0,0,1
SO15 5SL,1,0,0,0,1
SO15 5SA,1,0,0,0,1
SO15 5SE,1,0,0,0,1
SO15 5SF,1,0,0,0,1
SO15 7HH,1,0,0,0,1
SO15 5TU,1,0,0,0,1
SO15 7NP,1,0,1,0,0
SO15 7NQ,1,0,0,0,1
SO16 4FT,1,0,0,0,1
SO16 4FE,1,0,0,0,1
SO16 4FH,1,0,0,0,1
SO16 4EL,1,0,0,0,1
SO16 4EZ,1,0,0,1,0
SO16 4ET,1,0,1,0,0
SO16 4ED,1,0,1,0,0
SO16 4JB,1,0,0,0,1
SO16 4LF,1,0,0,0,1
SO16 4FY,1,0,0,0,1
SO16 5AH,1,0,0,1,0
SO16 4RD,1,0,0,1,0
SO16 5AR,1,0,0,0,1
SO16 5AP,1,0,0,0,1
SO16 5DT,1,0,1,0,0
SO16 4NN,1,0,0,0,1
SO16 4NH,1,0,0,0,1
SO16 4NU,1,0,0,0,1
SO16 4NX,1,0,1,0,0
SO16 3QE,1,0,0,0,1
SO16 3TW,1,0,0,0,1
SO16 3PF,1,0,0,0,1
SO16 3PG,1,0,1,0,0
SO16 3PY,1,0,0,0,1
SO16 3PS,1,0,0,1,0
SO16 4DG,1,0,0,1,0
SO16 4AP,1,0,0,0,1
SO16 3HH,1,0,0,0,1
SO16 3GL,1,0,0,1,0
SO16 3LW,1,0,1,0,0
SO16 3LX,1,0,0,1,0
SO16 3LY,1,0,0,0,1
SO16 3PB,1,0,0,0,1
SO16 3NG,1,0,0,1,0
SO16 3JG,1,0,0,1,0
SO16 3LH,1,0,0,0,1
SO53 4RL,1,0,0,1,0
SO53 4SZ,1,0,0,0,1
SO53 4TP,1,0,0,0,1
SO53 5NG,1,0,0,0,1
SO53 5QN,1,0,0,0,1
SO53 4LW,1,0,0,0,1
SO53 4NH,1,0,0,1,0
SO5O 5QH,1,0,0,0,1
SP1 3AY,1,0,1,0,0
SP4 6NZ,1,0,0,0,1
SP4 8FJ,1,0,1,0,0
SP7 8FR,1,1,0,0,0
SS9 3LG,1,0,0,1,0
TS5 4BW,1,0,0,0,1
SO50 4HG,1,0,1,0,0
SO50 4HQ,1,0,0,0,1
SO50 4JE,1,0,1,0,0
SO50 4LB,1,0,0,0,1
SO50 4LS,1,0,0,0,1
SO50 4NF,1,1,0,0,0
SO50 4NH,1,0,0,0,1
SO50 4NQ,1,0,0,0,1
SO50 4NR,1,0,0,0,1
SO50 4PA,1,0,0,0,1
SO50 4PE,1,0,0,0,1
SO50 4PR,1,0,0,0,1
SO50 4PU,1,0,0,0,1
SO50 4PX,1,0,0,0,1
SO40 7QF,1,0,0,0,1
SO40 8BX,1,0,1,0,0
SO40 7BW,1,0,0,0,1
SO40 7GF,1,0,0,0,1
SO45 5HE,1,0,0,0,1
SO45 5UE,1,0,0,0,1
SO45 6ER,1,0,0,0,1
SO45 6FB,1,0,0,1,0
SO45 1YP,1,0,0,1,0
SO45 2LE,1,0,1,0,0
SO45 2NT,1,0,0,0,1
SO45 3FY,1,0,0,1,0
SO40 3GG,1,0,0,0,1
SO40 3GX,1,0,0,1,0
SO40 3GY,1,0,1,0,0
SO40 3HL,1,0,0,0,1
SO40 3LJ,1,0,0,1,0
SO40 3NP,1,0,0,0,1
SO40 3NT,1,0,0,1,0
SO40 3PS,1,0,1,0,0
SO40 3QL,1,0,1,0,0
SO40 4WQ,1,0,0,0,1
SO40 4WU,1,0,0,1,0
SO40 4YB,1,0,1,0,0
SO40 4YW,1,0,1,0,0
SO40 3FQ,1,0,0,1,0
SO40 3AH,1,0,0,0,1
SO40 3AY,1,0,0,1,0
SO40 3BE,1,0,0,0,1
SO40 3BK,1,0,0,1,0
SO40 8WB,1,0,0,0,1
SO40 8XT,1,0,1,0,0
SO40 9DN,1,0,0,0,1
SO40 9EG,1,0,0,0,1
SO40 9EL,1,0,1,0,0
SO40 9FJ,1,0,0,0,1
SO40 9FL,1,0,0,0,1
SO40 9FN,1,0,1,0,0
SO40 9HN,1,0,0,1,0
SO40 9JL,1,0,0,0,1
SO41 3RF,1,0,0,0,1
SO41 8GB,1,0,0,0,1
SO41 8NN,1,1,0,0,0
SO42 7SA,1,0,0,0,1
SO42 7TF,1,0,0,0,1
SO31 8GS,1,0,0,0,1
SO31 8HE,1,0,0,1,0
SO31 8HW,1,0,0,1,0
SO31 8JQ,1,0,0,0,1
SO31 8DR,1,0,0,0,1
SO31 8AS,1,0,0,0,1
SO31 8FX,1,0,0,0,1
SO31 8EP,1,0,0,1,0
SO31 8FF,1,1,0,0,0
SO31 8LN,1,0,0,1,0
SO31 8LP,1,0,0,0,1
SO31 8LR,1,0,0,1,0
SO31 8LT,1,0,1,0,0
SO31 8NW,1,0,0,0,1
SO31 8NT,1,1,0,0,0
SO31 8NF,1,0,0,1,0
SO32 2ZB,1,0,0,0,1
SO40 2FQ,1,0,0,1,0
SO40 2GJ,1,0,0,0,1
SO40 2NG,1,0,0,1,0
SO40 2QY,1,0,0,0,1
SO40 2RW,1,0,1,0,0
SO40 2SZ,1,0,0,0,1
SO40 2TD,1,0,0,0,1
SO40 2TN,1,0,0,0,1
SO40 2UJ,1,0,0,0,1
SO32 2SQ,1,0,0,0,1
SO32 2SR,1,0,0,1,0
SO32 2TG,1,0,0,0,1
SO32 2TW,1,0,0,1,0
SO32 2UD,1,0,0,0,1
SO32 2UH,1,0,0,0,1
SO32 2XG,1,0,0,1,0
SO31 8PG,1,0,0,0,1
SO31 9DE,1,0,0,0,1
SO32 1DB,1,0,0,0,1
SO32 2AT,1,0,0,0,1
SO32 2BD,1,0,1,0,0
SO32 2RX,1,0,0,0,1
SO32 2SB,1,0,0,0,1
SO32 2DS,1,0,0,0,1
SO32 2FX,1,0,0,0,1
SO32 2GE,1,0,0,1,0
SO32 2JD,1,0,0,0,1
SO52 9FP,1,0,0,0,1
SO52 9GA,1,0,0,0,1
SO52 9GH,1,0,1,0,0
SO51 7PL,1,0,1,0,0
SO51 8BU,1,0,0,0,1
SO51 8ED,1,0,1,0,0
SO51 8JB,1,0,0,0,1
SO51 8LL,1,0,0,0,1
SO51 8WJ,1,0,0,0,1
SO51 9BX,1,0,0,0,1
SO52 9AA,1,0,0,1,0
SO52 9AD,1,0,0,0,1
SO52 9AQ,1,0,1,0,0
SO51 6BH,1,0,0,1,0
SO51 7HT,1,0,0,0,1
SO51 7JW,1,0,0,1,0
SO51 0AX,1,0,0,0,1
SO51 0DH,1,0,1,0,0
SO51 0PU,1,0,1,0,0
SO50 9SP,1,0,1,0,0
SO50 9RS,1,0,0,1,0
SO50 9RU,1,0,0,0,1
SO50 9RX,1,0,1,0,0
SO50 9SA,1,0,0,0,1
SO52 9HT,1,0,0,1,0
SO52 9LX,1,0,0,1,0
SO52 9NB,1,0,1,0,0
SO52 9PJ,1,0,0,0,1
SO53 1EL,1,0,0,1,0
SO53 1EQ,1,0,0,0,1
SO53 1SF,1,0,1,0,0
SO53 2DP,1,0,1,0,0
SO53 2EX,1,0,0,0,1
SO53 2JB,1,0,0,0,1
SO53 2JE,1,0,0,1,0
SO53 2LF,1,0,0,0,1
SO53 2NA,1,0,0,0,1
SO53 2NH,1,0,0,1,0
SO53 2NL,1,0,0,0,1
SO53 2NS,1,1,0,0,0
SO53 2PU,1,0,0,0,1
SO53 3AF,1,0,0,0,1
SO53 3AS,1,0,0,0,1
SO53 3BN,1,0,0,1,0
SO53 3ER,1,0,0,0,1
SO53 3GG,1,0,0,1,0
SO53 3GH,1,0,0,0,1
SO53 3RR,1,0,1,0,0
SO53 4HT,1,0,0,0,1
SO53 4LR,1,0,0,0,1
SO53 3HW,1,0,0,1,0
SO53 3LQ,1,0,0,0,1
SO53 3LR,1,0,0,1,0
SO50 5FL,1,0,0,0,1
SO50 4RW,1,0,0,0,1
SO50 5AS,1,0,0,0,1
SO40 8FD,1,0,0,0,1
SO40 8FJ,1,0,0,1,0
SO50 5LQ,1,0,0,0,1
SO50 5JG,1,0,1,0,0
SO50 5GQ,1,0,0,0,1
SO50 5GU,1,0,0,0,1
SO50 5HB,1,0,0,0,1
SO50 5SU,1,0,0,1,0
SO50 5TB,1,0,1,0,0
SO50 5TF,1,0,0,0,1
SO50 5TQ,1,0,0,0,1
SO50 5TR,1,0,1,0,0
SO50 5TX,1,0,0,0,1
SO50 5TZ,1,0,0,0,1
SO50 5UA,1,0,1,0,0
SO50 6DX,1,0,0,1,0
SO50 6GR,1,0,1,0,0
SO50 6JE,1,0,1,0,0
SO50 6LY,1,0,0,0,1
SO50 5NG,1,0,0,0,1
SO50 5NS,1,0,1,0,0
SO50 5PG,1,0,0,0,1
SO50 5QP,1,0,1,0,0
SO50 5RA,1,0,0,0,1
SO50 5RP,1,0,0,1,0
SO50 9PS,1,0,0,0,1
SO50 9PX,1,0,1,0,0
SO50 9QE,1,0,0,0,1
SO50 9QG,1,0,0,1,0
SO50 9QT,1,0,1,0,0
SO50 9QX,1,0,0,0,1
SO50 9GE,1,0,0,0,1
SO50 9RA,1,0,1,0,0
SO50 9FT,1,0,1,0,0
SO50 9BS,1,0,0,0,1
SO50 9DA,1,0,0,1,0
SO50 9JN,1,0,0,0,1
SO50 9JT,1,0,1,0,0
SO50 9JX,1,0,0,1,0
SO50 9LW,1,0,0,1,0
SO50 9NP,1,0,0,0,1
SO50 9NS,1,0,0,0,1
SO50 7NN,1,0,1,0,0
SO50 7QL,1,0,0,0,1
SO50 8GE,1,1,0,0,0
SO50 8LJ,1,0,0,0,1
SO50 8LQ,1,0,0,1,0
SO50 8NZ,1,0,0,1,0
SO50 9DX,1,0,0,1,0
SO50 9DY,1,0,1,0,0
SO50 9EW,1,0,0,0,1
SO50 7GJ,1,0,0,1,0
SO50 7GU,1,0,0,0,1